storm_id,storm_name,timestamp,next_timestamp,time_to_next_hours,image_path,satellites,wind_kts,pressure_hpa,lat,lon,wind_change,pressure_change,stage,next_stage,next_wind,next_pressure,future_wind_change,future_pressure_change
2000003S13082,BABIOLA,2000-01-03 06:00:00+00:00,2000-01-03 09:00:00+00:00,3.0,stormsense_dataset/images/2000003S13082_BABIOLA/20000103T060000Z.png,"GMS-5,Meteosat-5",23.0,1000.0,-12.5,82.4666748046875,,,developing,developing,23.0,1000.0,0.0,0.0
2000003S13082,BABIOLA,2000-01-03 09:00:00+00:00,2000-01-03 12:00:00+00:00,3.0,stormsense_dataset/images/2000003S13082_BABIOLA/20000103T090000Z.png,"GMS-5,Meteosat-5",23.0,1000.0,-12.63083267211914,82.3033447265625,0.0,0.0,developing,developing,23.0,1000.0,0.0,0.0
2000003S13082,BABIOLA,2000-01-03 12:00:00+00:00,2000-01-03 15:00:00+00:00,3.0,stormsense_dataset/images/2000003S13082_BABIOLA/20000103T120000Z.png,"GMS-5,Meteosat-5",23.0,1000.0,-12.733332633972168,82.13333129882812,0.0,0.0,developing,developing,23.0,1000.0,0.0,0.0
2000003S13082,BABIOLA,2000-01-03 15:00:00+00:00,2000-01-03 18:00:00+00:00,3.0,stormsense_dataset/images/2000003S13082_BABIOLA/20000103T150000Z.png,"GMS-5,Meteosat-5",23.0,1000.0,-12.782499313354492,81.9566650390625,0.0,0.0,developing,developing,23.0,1000.0,0.0,0.0
2000003S13082,BABIOLA,2000-01-03 18:00:00+00:00,2000-01-03 21:00:00+00:00,3.0,stormsense_dataset/images/2000003S13082_BABIOLA/20000103T180000Z.png,"GMS-5,Meteosat-5",23.0,1000.0,-12.766666412353516,81.79998779296875,0.0,0.0,developing,developing,24.46666717529297,999.5,1.4666671752929688,-0.5
2000003S13082,BABIOLA,2000-01-03 21:00:00+00:00,2000-01-04 00:00:00+00:00,3.0,stormsense_dataset/images/2000003S13082_BABIOLA/20000103T210000Z.png,"GMS-5,Meteosat-5",24.46666717529297,999.5,-12.68666648864746,81.66500854492188,1.4666671752929688,-0.5,developing,developing,25.933334350585938,999.0,1.4666671752929688,-0.5
2000003S13082,BABIOLA,2000-01-04 00:00:00+00:00,2000-01-04 03:00:00+00:00,3.0,stormsense_dataset/images/2000003S13082_BABIOLA/20000104T000000Z.png,"GMS-5,Meteosat-5",25.933334350585938,999.0,-12.56666660308838,81.60000610351562,1.4666671752929688,-0.5,developing,developing,25.933334350585938,999.0,0.0,0.0
2000003S13082,BABIOLA,2000-01-04 03:00:00+00:00,2000-01-04 06:00:00+00:00,3.0,stormsense_dataset/images/2000003S13082_BABIOLA/20000104T030000Z.png,"GMS-5,Meteosat-5",25.933334350585938,999.0,-12.470000267028809,81.61416625976562,0.0,0.0,developing,developing,25.933334350585938,999.0,0.0,0.0
2000003S13082,BABIOLA,2000-01-04 06:00:00+00:00,2000-01-04 09:00:00+00:00,3.0,stormsense_dataset/images/2000003S13082_BABIOLA/20000104T060000Z.png,"GMS-5,Meteosat-5",25.933334350585938,999.0,-12.333333015441896,81.73333740234375,0.0,0.0,developing,developing,24.46666717529297,999.0,-1.4666671752929688,0.0
2000003S13082,BABIOLA,2000-01-04 09:00:00+00:00,2000-01-04 12:00:00+00:00,3.0,stormsense_dataset/images/2000003S13082_BABIOLA/20000104T090000Z.png,"GMS-5,Meteosat-5",24.46666717529297,999.0,-12.122499465942385,81.94833374023438,-1.4666671752929688,0.0,developing,developing,23.0,999.0,-1.4666671752929688,0.0
2000003S13082,BABIOLA,2000-01-04 12:00:00+00:00,2000-01-04 15:00:00+00:00,3.0,stormsense_dataset/images/2000003S13082_BABIOLA/20000104T120000Z.png,"GMS-5,Meteosat-5",23.0,999.0,-11.866665840148926,82.23333740234375,-1.4666671752929688,0.0,developing,developing,23.0,999.0,0.0,0.0
2000003S13082,BABIOLA,2000-01-04 15:00:00+00:00,2000-01-04 18:00:00+00:00,3.0,stormsense_dataset/images/2000003S13082_BABIOLA/20000104T150000Z.png,"GMS-5,Meteosat-5",23.0,999.0,-11.59749984741211,82.5333251953125,0.0,0.0,developing,developing,23.0,999.0,0.0,0.0
2000003S13082,BABIOLA,2000-01-04 18:00:00+00:00,2000-01-04 21:00:00+00:00,3.0,stormsense_dataset/images/2000003S13082_BABIOLA/20000104T180000Z.png,"GMS-5,Meteosat-5",23.0,999.0,-11.333333015441896,82.83334350585938,0.0,0.0,developing,developing,23.0,999.0,0.0,0.0
2000003S13082,BABIOLA,2000-01-04 21:00:00+00:00,2000-01-05 00:00:00+00:00,3.0,stormsense_dataset/images/2000003S13082_BABIOLA/20000104T210000Z.png,"GMS-5,Meteosat-5",23.0,999.0,-11.061665534973145,83.0958251953125,0.0,0.0,developing,developing,23.0,999.0,0.0,0.0
2000003S13082,BABIOLA,2000-01-05 00:00:00+00:00,2000-01-05 03:00:00+00:00,3.0,stormsense_dataset/images/2000003S13082_BABIOLA/20000105T000000Z.png,"GMS-5,Meteosat-5",23.0,999.0,-10.899998664855955,83.33334350585938,0.0,0.0,developing,developing,24.46666717529297,999.0,1.4666671752929688,0.0
2000003S13082,BABIOLA,2000-01-05 03:00:00+00:00,2000-01-05 06:00:00+00:00,3.0,stormsense_dataset/images/2000003S13082_BABIOLA/20000105T030000Z.png,"GMS-5,Meteosat-5",24.46666717529297,999.0,-10.927498817443848,83.58999633789062,1.4666671752929688,0.0,developing,developing,25.933334350585938,999.0,1.4666671752929688,0.0
2000003S13082,BABIOLA,2000-01-05 06:00:00+00:00,2000-01-05 09:00:00+00:00,3.0,stormsense_dataset/images/2000003S13082_BABIOLA/20000105T060000Z.png,"GMS-5,Meteosat-5",25.933334350585938,999.0,-11.09999942779541,83.76666259765625,1.4666671752929688,0.0,developing,developing,26.76666641235352,998.0,0.8333320617675817,-1.0
2000003S13082,BABIOLA,2000-01-05 09:00:00+00:00,2000-01-05 12:00:00+00:00,3.0,stormsense_dataset/images/2000003S13082_BABIOLA/20000105T090000Z.png,"GMS-5,Meteosat-5",26.76666641235352,998.0,-11.351667404174805,83.83749389648438,0.8333320617675817,-1.0,developing,developing,27.600000381469727,997.0,0.8333339691162074,-1.0
2000003S13082,BABIOLA,2000-01-05 12:00:00+00:00,2000-01-05 15:00:00+00:00,3.0,stormsense_dataset/images/2000003S13082_BABIOLA/20000105T120000Z.png,"GMS-5,Meteosat-5",27.600000381469727,997.0,-11.633334159851074,83.73333740234375,0.8333339691162074,-1.0,developing,developing,29.900001525878903,996.0,2.300001144409176,-1.0
2000003S13082,BABIOLA,2000-01-05 15:00:00+00:00,2000-01-05 18:00:00+00:00,3.0,stormsense_dataset/images/2000003S13082_BABIOLA/20000105T150000Z.png,"GMS-5,Meteosat-5",29.900001525878903,996.0,-11.84333324432373,83.4141845703125,2.300001144409176,-1.0,developing,developing,32.20000076293945,995.0,2.2999992370605504,-1.0
2000003S13082,BABIOLA,2000-01-05 18:00:00+00:00,2000-01-05 21:00:00+00:00,3.0,stormsense_dataset/images/2000003S13082_BABIOLA/20000105T180000Z.png,"GMS-5,Meteosat-5",32.20000076293945,995.0,-12.033332824707031,83.0,2.2999992370605504,-1.0,developing,developing,33.66666412353516,995.0,1.4666633605957102,0.0
2000003S13082,BABIOLA,2000-01-05 21:00:00+00:00,2000-01-06 00:00:00+00:00,3.0,stormsense_dataset/images/2000003S13082_BABIOLA/20000105T210000Z.png,"GMS-5,Meteosat-5",33.66666412353516,995.0,-12.22833251953125,82.65667724609375,1.4666633605957102,0.0,developing,developing,35.133331298828125,995.0,1.4666671752929616,0.0
2000003S13082,BABIOLA,2000-01-06 00:00:00+00:00,2000-01-06 03:00:00+00:00,3.0,stormsense_dataset/images/2000003S13082_BABIOLA/20000106T000000Z.png,"GMS-5,Meteosat-5",35.133331298828125,995.0,-12.43333339691162,82.33331298828125,1.4666671752929616,0.0,developing,developing,37.43333435058594,993.5,2.3000030517578125,-1.5
2000003S13082,BABIOLA,2000-01-06 03:00:00+00:00,2000-01-06 06:00:00+00:00,3.0,stormsense_dataset/images/2000003S13082_BABIOLA/20000106T030000Z.png,"GMS-5,Meteosat-5",37.43333435058594,993.5,-12.651666641235352,82.0233154296875,2.3000030517578125,-1.5,developing,developing,39.73333358764648,992.0,2.2999992370605398,-1.5
2000003S13082,BABIOLA,2000-01-06 06:00:00+00:00,2000-01-06 09:00:00+00:00,3.0,stormsense_dataset/images/2000003S13082_BABIOLA/20000106T060000Z.png,"GMS-5,Meteosat-5",39.73333358764648,992.0,-12.90000057220459,81.73333740234375,2.29999923706054,-1.5,developing,developing,39.73333358764648,992.0,0.0,0.0
2000003S13082,BABIOLA,2000-01-06 09:00:00+00:00,2000-01-06 12:00:00+00:00,3.0,stormsense_dataset/images/2000003S13082_BABIOLA/20000106T090000Z.png,"GMS-5,Meteosat-5",39.73333358764648,992.0,-13.192500114440918,81.481689453125,0.0,0.0,developing,developing,39.73333358764648,992.0,0.0,0.0
2000003S13082,BABIOLA,2000-01-06 12:00:00+00:00,2000-01-06 15:00:00+00:00,3.0,stormsense_dataset/images/2000003S13082_BABIOLA/20000106T120000Z.png,"GMS-5,Meteosat-5",39.73333358764648,992.0,-13.5,81.20001220703125,0.0,0.0,developing,developing,40.06666564941406,991.0,0.33333206176758523,-1.0
2000003S13082,BABIOLA,2000-01-06 15:00:00+00:00,2000-01-06 18:00:00+00:00,3.0,stormsense_dataset/images/2000003S13082_BABIOLA/20000106T150000Z.png,"GMS-5,Meteosat-5",40.06666564941406,991.0,-13.798333168029783,80.83001708984375,0.3333320617675852,-1.0,developing,developing,40.39999771118164,990.0,0.3333320617675781,-1.0
2000003S13082,BABIOLA,2000-01-06 18:00:00+00:00,2000-01-06 21:00:00+00:00,3.0,stormsense_dataset/images/2000003S13082_BABIOLA/20000106T180000Z.png,"GMS-5,Meteosat-5",40.39999771118164,990.0,-14.06666660308838,80.39999389648438,0.3333320617675781,-1.0,developing,developing,40.89999771118164,988.5,0.5,-1.5
2000003S13082,BABIOLA,2000-01-06 21:00:00+00:00,2000-01-07 00:00:00+00:00,3.0,stormsense_dataset/images/2000003S13082_BABIOLA/20000106T210000Z.png,"GMS-5,Meteosat-5",40.89999771118164,988.5,-14.276666641235352,79.9658203125,0.5,-1.5,developing,developing,41.39999771118164,987.0,0.5,-1.5
2000003S13082,BABIOLA,2000-01-07 00:00:00+00:00,2000-01-07 03:00:00+00:00,3.0,stormsense_dataset/images/2000003S13082_BABIOLA/20000107T000000Z.png,"GMS-5,Meteosat-5",41.39999771118164,987.0,-14.466667175292969,79.4666748046875,0.5,-1.5,developing,developing,42.86666488647461,987.0,1.4666671752929688,0.0
2000003S13082,BABIOLA,2000-01-07 03:00:00+00:00,2000-01-07 06:00:00+00:00,3.0,stormsense_dataset/images/2000003S13082_BABIOLA/20000107T030000Z.png,"GMS-5,Meteosat-5",42.86666488647461,987.0,-14.685833930969238,78.8699951171875,1.4666671752929688,0.0,developing,developing,44.33333206176758,987.0,1.4666671752929688,0.0
2000003S13082,BABIOLA,2000-01-07 06:00:00+00:00,2000-01-07 09:00:00+00:00,3.0,stormsense_dataset/images/2000003S13082_BABIOLA/20000107T060000Z.png,"GMS-5,Meteosat-5",44.33333206176758,987.0,-14.90000057220459,78.23333740234375,1.4666671752929688,0.0,developing,developing,46.633331298828125,986.0,2.299999237060547,-1.0
2000003S13082,BABIOLA,2000-01-07 09:00:00+00:00,2000-01-07 12:00:00+00:00,3.0,stormsense_dataset/images/2000003S13082_BABIOLA/20000107T090000Z.png,"GMS-5,Meteosat-5",46.633331298828125,986.0,-15.09333324432373,77.62832641601562,2.299999237060547,-1.0,developing,organizing,48.93333435058594,985.0,2.3000030517578125,-1.0
2000003S13082,BABIOLA,2000-01-07 12:00:00+00:00,2000-01-07 15:00:00+00:00,3.0,stormsense_dataset/images/2000003S13082_BABIOLA/20000107T120000Z.png,"GMS-5,Meteosat-5",48.93333435058594,985.0,-15.266666412353516,77.0333251953125,2.3000030517578125,-1.0,organizing,organizing,49.43333435058594,982.5,0.5,-2.5
2000003S13082,BABIOLA,2000-01-07 15:00:00+00:00,2000-01-07 18:00:00+00:00,3.0,stormsense_dataset/images/2000003S13082_BABIOLA/20000107T150000Z.png,"GMS-5,Meteosat-5",49.43333435058594,982.5,-15.419166564941406,76.4425048828125,0.5,-2.5,organizing,organizing,49.93333435058594,980.0,0.5,-2.5
2000003S13082,BABIOLA,2000-01-07 18:00:00+00:00,2000-01-07 21:00:00+00:00,3.0,stormsense_dataset/images/2000003S13082_BABIOLA/20000107T180000Z.png,"GMS-5,Meteosat-5",49.93333435058594,980.0,-15.56666660308838,75.86666870117188,0.5,-2.5,organizing,organizing,53.19999694824219,979.0,3.26666259765625,-1.0
2000003S13082,BABIOLA,2000-01-07 21:00:00+00:00,2000-01-08 00:00:00+00:00,3.0,stormsense_dataset/images/2000003S13082_BABIOLA/20000107T210000Z.png,"GMS-5,Meteosat-5",53.19999694824219,979.0,-15.715832710266112,75.33416748046875,3.26666259765625,-1.0,organizing,organizing,56.4666633605957,978.0,3.2666664123535156,-1.0
2000003S13082,BABIOLA,2000-01-08 00:00:00+00:00,2000-01-08 03:00:00+00:00,3.0,stormsense_dataset/images/2000003S13082_BABIOLA/20000108T000000Z.png,"GMS-5,Meteosat-5",56.4666633605957,978.0,-15.899998664855955,74.76666259765625,3.266666412353516,-1.0,organizing,organizing,57.29999542236328,975.5,0.8333320617675781,-2.5
2000003S13082,BABIOLA,2000-01-08 03:00:00+00:00,2000-01-08 06:00:00+00:00,3.0,stormsense_dataset/images/2000003S13082_BABIOLA/20000108T030000Z.png,"GMS-5,Meteosat-5",57.29999542236328,975.5,-16.16666603088379,74.086669921875,0.8333320617675781,-2.5,organizing,organizing,58.133331298828125,973.0,0.8333358764648438,-2.5
2000003S13082,BABIOLA,2000-01-08 06:00:00+00:00,2000-01-08 09:00:00+00:00,3.0,stormsense_dataset/images/2000003S13082_BABIOLA/20000108T060000Z.png,"GMS-5,Meteosat-5",58.133331298828125,973.0,-16.433334350585938,73.36666870117188,0.8333358764648438,-2.5,organizing,organizing,58.96666717529297,971.5,0.8333358764648438,-1.5
2000003S13082,BABIOLA,2000-01-08 09:00:00+00:00,2000-01-08 12:00:00+00:00,3.0,stormsense_dataset/images/2000003S13082_BABIOLA/20000108T090000Z.png,"GMS-5,Meteosat-5",58.96666717529297,971.5,-16.614999771118164,72.65583801269531,0.8333358764648438,-1.5,organizing,organizing,59.79999923706055,970.0,0.8333320617675781,-1.5
2000003S13082,BABIOLA,2000-01-08 12:00:00+00:00,2000-01-08 15:00:00+00:00,3.0,stormsense_dataset/images/2000003S13082_BABIOLA/20000108T120000Z.png,"GMS-5,Meteosat-5",59.79999923706055,970.0,-16.766666412353516,72.0,0.8333320617675781,-1.5,organizing,organizing,63.56666564941406,967.5,3.7666664123535156,-2.5
2000003S13082,BABIOLA,2000-01-08 15:00:00+00:00,2000-01-08 18:00:00+00:00,3.0,stormsense_dataset/images/2000003S13082_BABIOLA/20000108T150000Z.png,"GMS-5,Meteosat-5",63.56666564941406,967.5,-16.920833587646484,71.47833251953125,3.766666412353516,-2.5,organizing,organizing,67.33333587646484,965.0,3.7666702270507812,-2.5
2000003S13082,BABIOLA,2000-01-08 18:00:00+00:00,2000-01-08 21:00:00+00:00,3.0,stormsense_dataset/images/2000003S13082_BABIOLA/20000108T180000Z.png,"GMS-5,Meteosat-5",67.33333587646484,965.0,-17.100000381469727,70.9666748046875,3.766670227050781,-2.5,organizing,organizing,67.83333587646484,962.5,0.5,-2.5
2000003S13082,BABIOLA,2000-01-08 21:00:00+00:00,2000-01-09 00:00:00+00:00,3.0,stormsense_dataset/images/2000003S13082_BABIOLA/20000108T210000Z.png,Meteosat-5,67.83333587646484,962.5,-17.34000015258789,70.30416870117188,0.5,-2.5,organizing,organizing,68.33333587646484,960.0,0.5,-2.5
2000003S13082,BABIOLA,2000-01-09 00:00:00+00:00,2000-01-09 03:00:00+00:00,3.0,stormsense_dataset/images/2000003S13082_BABIOLA/20000109T000000Z.png,Meteosat-5,68.33333587646484,960.0,-17.600000381469727,69.66665649414062,0.5,-2.5,organizing,organizing,68.66667175292969,959.0,0.33333587646484375,-1.0
2000003S13082,BABIOLA,2000-01-09 03:00:00+00:00,2000-01-09 06:00:00+00:00,3.0,stormsense_dataset/images/2000003S13082_BABIOLA/20000109T030000Z.png,"Meteosat-5,Meteosat-7",68.66667175292969,959.0,-17.820833206176758,69.19082641601562,0.3333358764648437,-1.0,organizing,organizing,69.0,958.0,0.3333282470703125,-1.0
2000003S13082,BABIOLA,2000-01-09 06:00:00+00:00,2000-01-09 09:00:00+00:00,3.0,stormsense_dataset/images/2000003S13082_BABIOLA/20000109T060000Z.png,"Meteosat-5,Meteosat-7",69.0,958.0,-18.066665649414062,68.80000305175781,0.3333282470703125,-1.0,organizing,organizing,71.30000305175781,955.5,2.3000030517578125,-2.5
2000003S13082,BABIOLA,2000-01-09 09:00:00+00:00,2000-01-09 12:00:00+00:00,3.0,stormsense_dataset/images/2000003S13082_BABIOLA/20000109T090000Z.png,"Meteosat-5,Meteosat-7",71.30000305175781,955.5,-18.3799991607666,68.40333557128906,2.3000030517578125,-2.5,organizing,mature,73.5999984741211,953.0,2.2999954223632812,-2.5
2000003S13082,BABIOLA,2000-01-09 12:00:00+00:00,2000-01-09 15:00:00+00:00,3.0,stormsense_dataset/images/2000003S13082_BABIOLA/20000109T120000Z.png,"Meteosat-5,Meteosat-7",73.5999984741211,953.0,-18.733333587646484,68.06668090820312,2.299995422363281,-2.5,mature,mature,77.36666870117188,951.5,3.7666702270507812,-1.5
2000003S13082,BABIOLA,2000-01-09 15:00:00+00:00,2000-01-09 18:00:00+00:00,3.0,stormsense_dataset/images/2000003S13082_BABIOLA/20000109T150000Z.png,"Meteosat-5,Meteosat-7",77.36666870117188,951.5,-19.102500915527344,67.80584716796875,3.766670227050781,-1.5,mature,mature,81.13333129882812,950.0,3.76666259765625,-1.5
2000003S13082,BABIOLA,2000-01-09 18:00:00+00:00,2000-01-09 21:00:00+00:00,3.0,stormsense_dataset/images/2000003S13082_BABIOLA/20000109T180000Z.png,"Meteosat-5,Meteosat-7",81.13333129882812,950.0,-19.46666717529297,67.60000610351562,3.76666259765625,-1.5,mature,mature,81.13333129882812,950.0,0.0,0.0
2000003S13082,BABIOLA,2000-01-09 21:00:00+00:00,2000-01-10 00:00:00+00:00,3.0,stormsense_dataset/images/2000003S13082_BABIOLA/20000109T210000Z.png,"Meteosat-5,Meteosat-7",81.13333129882812,950.0,-19.780834197998047,67.38665771484375,0.0,0.0,mature,mature,81.13333129882812,950.0,0.0,0.0
2000003S13082,BABIOLA,2000-01-10 00:00:00+00:00,2000-01-10 03:00:00+00:00,3.0,stormsense_dataset/images/2000003S13082_BABIOLA/20000110T000000Z.png,"Meteosat-5,Meteosat-7",81.13333129882812,950.0,-20.100000381469727,67.23333740234375,0.0,0.0,mature,mature,81.13333129882812,950.0,0.0,0.0
2000003S13082,BABIOLA,2000-01-10 03:00:00+00:00,2000-01-10 06:00:00+00:00,3.0,stormsense_dataset/images/2000003S13082_BABIOLA/20000110T030000Z.png,"Meteosat-5,Meteosat-7",81.13333129882812,950.0,-20.478334426879883,67.16749572753906,0.0,0.0,mature,weakening,81.13333129882812,950.0,0.0,0.0
2000003S13082,BABIOLA,2000-01-10 06:00:00+00:00,2000-01-10 09:00:00+00:00,3.0,stormsense_dataset/images/2000003S13082_BABIOLA/20000110T060000Z.png,"Meteosat-5,Meteosat-7",81.13333129882812,950.0,-20.86666679382324,67.16665649414062,0.0,0.0,weakening,weakening,75.89999389648438,951.5,-5.23333740234375,1.5
2000003S13082,BABIOLA,2000-01-10 09:00:00+00:00,2000-01-10 12:00:00+00:00,3.0,stormsense_dataset/images/2000003S13082_BABIOLA/20000110T090000Z.png,"Meteosat-5,Meteosat-7",75.89999389648438,951.5,-21.206666946411133,67.1824951171875,-5.23333740234375,1.5,weakening,organizing,70.66666412353516,953.0,-5.233329772949219,1.5
2000003S13082,BABIOLA,2000-01-10 12:00:00+00:00,2000-01-10 15:00:00+00:00,3.0,stormsense_dataset/images/2000003S13082_BABIOLA/20000110T120000Z.png,"Meteosat-5,Meteosat-7",70.66666412353516,953.0,-21.566665649414062,67.23333740234375,-5.233329772949219,1.5,organizing,organizing,66.06666564941406,959.0,-4.599998474121094,6.0
2000003S13082,BABIOLA,2000-01-10 15:00:00+00:00,2000-01-10 18:00:00+00:00,3.0,stormsense_dataset/images/2000003S13082_BABIOLA/20000110T150000Z.png,"Meteosat-5,Meteosat-7",66.06666564941406,959.0,-22.019166946411133,67.30166625976562,-4.599998474121094,6.0,organizing,organizing,61.4666633605957,965.0,-4.600002288818359,6.0
2000003S13082,BABIOLA,2000-01-10 18:00:00+00:00,2000-01-10 21:00:00+00:00,3.0,stormsense_dataset/images/2000003S13082_BABIOLA/20000110T180000Z.png,"Meteosat-5,Meteosat-7",61.4666633605957,965.0,-22.46666717529297,67.39999389648438,-4.600002288818359,6.0,organizing,organizing,56.53333282470703,970.0,-4.933330535888672,5.0
2000003S13082,BABIOLA,2000-01-10 21:00:00+00:00,2000-01-11 00:00:00+00:00,3.0,stormsense_dataset/images/2000003S13082_BABIOLA/20000110T210000Z.png,"Meteosat-5,Meteosat-7",56.53333282470703,970.0,-22.815000534057617,67.51834106445312,-4.933330535888672,5.0,organizing,organizing,51.60000228881836,975.0,-4.933330535888672,5.0
2000003S13082,BABIOLA,2000-01-11 00:00:00+00:00,2000-01-11 03:00:00+00:00,3.0,stormsense_dataset/images/2000003S13082_BABIOLA/20000111T000000Z.png,"Meteosat-5,Meteosat-7",51.60000228881836,975.0,-23.13333320617676,67.66667175292969,-4.933330535888672,5.0,organizing,developing,47.83333587646485,977.5,-3.7666664123535085,2.5
2000003S13082,BABIOLA,2000-01-11 03:00:00+00:00,2000-01-11 06:00:00+00:00,3.0,stormsense_dataset/images/2000003S13082_BABIOLA/20000111T030000Z.png,"Meteosat-5,Meteosat-7",47.83333587646485,977.5,-23.47333335876465,67.83000183105469,-3.766666412353509,2.5,developing,developing,44.06666564941406,980.0,-3.7666702270507884,2.5
2000003S13082,BABIOLA,2000-01-11 12:00:00+00:00,2000-01-11 15:00:00+00:00,3.0,stormsense_dataset/images/2000003S13082_BABIOLA/20000111T120000Z.png,Meteosat-5,37.20000076293945,985.0,-24.63333320617676,68.56668090820312,-3.433330535888672,2.5,developing,developing,35.53333282470703,988.5,-1.6666679382324219,3.5
2000003S13082,BABIOLA,2000-01-11 15:00:00+00:00,2000-01-11 18:00:00+00:00,3.0,stormsense_dataset/images/2000003S13082_BABIOLA/20000111T150000Z.png,Meteosat-5,35.53333282470703,988.5,-25.067832946777344,68.68133544921875,-1.666667938232422,3.5,developing,developing,33.866668701171875,992.0,-1.6666641235351562,3.5
2000003S13082,BABIOLA,2000-01-11 18:00:00+00:00,2000-01-11 21:00:00+00:00,3.0,stormsense_dataset/images/2000003S13082_BABIOLA/20000111T180000Z.png,Meteosat-5,33.866668701171875,992.0,-25.53333282470703,68.80000305175781,-1.6666641235351562,3.5,developing,developing,33.03333282470703,993.5,-0.8333358764648438,1.5
2000003S13082,BABIOLA,2000-01-11 21:00:00+00:00,2000-01-12 00:00:00+00:00,3.0,stormsense_dataset/images/2000003S13082_BABIOLA/20000111T210000Z.png,Meteosat-5,33.03333282470703,993.5,-26.009666442871094,69.0419921875,-0.8333358764648438,1.5,developing,developing,32.20000076293945,995.0,-0.8333320617675781,1.5
2000003S13082,BABIOLA,2000-01-12 00:00:00+00:00,2000-01-12 03:00:00+00:00,3.0,stormsense_dataset/images/2000003S13082_BABIOLA/20000112T000000Z.png,Meteosat-5,32.20000076293945,995.0,-26.53999900817871,69.36000061035156,-0.8333320617675781,1.5,developing,developing,32.20000076293945,995.0,0.0,0.0
2000003S13082,BABIOLA,2000-01-12 03:00:00+00:00,2000-01-12 06:00:00+00:00,3.0,stormsense_dataset/images/2000003S13082_BABIOLA/20000112T030000Z.png,Meteosat-5,32.20000076293945,995.0,-27.183000564575195,69.6669921875,0.0,0.0,developing,developing,32.20000076293945,995.0,0.0,0.0
2000003S13082,BABIOLA,2000-01-12 06:00:00+00:00,2000-01-12 09:00:00+00:00,3.0,stormsense_dataset/images/2000003S13082_BABIOLA/20000112T060000Z.png,Meteosat-5,32.20000076293945,995.0,-27.80000114440918,70.10000610351562,0.0,0.0,developing,developing,30.733333587646484,995.0,-1.4666671752929688,0.0
2000003S13082,BABIOLA,2000-01-12 09:00:00+00:00,2000-01-12 12:00:00+00:00,3.0,stormsense_dataset/images/2000003S13082_BABIOLA/20000112T090000Z.png,Meteosat-5,30.733333587646484,995.0,-28.261165618896484,70.7655029296875,-1.4666671752929688,0.0,developing,developing,29.26666831970215,995.0,-1.466665267944336,0.0
2000003S13082,BABIOLA,2000-01-12 12:00:00+00:00,2000-01-12 15:00:00+00:00,3.0,stormsense_dataset/images/2000003S13082_BABIOLA/20000112T120000Z.png,Meteosat-5,29.26666831970215,995.0,-28.633331298828125,71.5,-1.466665267944336,0.0,developing,developing,32.13333511352539,995.0,2.866666793823242,0.0
2000003S13082,BABIOLA,2000-01-12 15:00:00+00:00,2000-01-12 18:00:00+00:00,3.0,stormsense_dataset/images/2000003S13082_BABIOLA/20000112T150000Z.png,Meteosat-5,32.13333511352539,995.0,-28.931665420532227,72.08499145507812,2.866666793823242,0.0,developing,developing,35.0,995.0,2.8666648864746094,0.0
2000003S13082,BABIOLA,2000-01-12 18:00:00+00:00,2000-01-12 21:00:00+00:00,3.0,stormsense_dataset/images/2000003S13082_BABIOLA/20000112T180000Z.png,Meteosat-5,35.0,995.0,-29.299999237060547,72.69999694824219,2.8666648864746094,0.0,developing,developing,35.0,995.0,0.0,0.0
2000003S13082,BABIOLA,2000-01-12 21:00:00+00:00,2000-01-13 00:00:00+00:00,3.0,stormsense_dataset/images/2000003S13082_BABIOLA/20000112T210000Z.png,"GMS-5,Meteosat-5",35.0,995.0,-29.90999984741211,73.54499816894531,0.0,0.0,developing,developing,35.0,995.0,0.0,0.0
2000003S13082,BABIOLA,2000-01-13 00:00:00+00:00,2000-01-13 03:00:00+00:00,3.0,stormsense_dataset/images/2000003S13082_BABIOLA/20000113T000000Z.png,"GMS-5,Meteosat-5",35.0,995.0,-30.600000381469727,74.30000305175781,0.0,0.0,developing,developing,35.0,992.5,0.0,-2.5
2000003S13082,BABIOLA,2000-01-13 03:00:00+00:00,2000-01-13 06:00:00+00:00,3.0,stormsense_dataset/images/2000003S13082_BABIOLA/20000113T030000Z.png,"GMS-5,Meteosat-5",35.0,992.5,-31.207500457763672,74.72750854492188,0.0,-2.5,developing,developing,35.0,990.0,0.0,-2.5
2000003S13082,BABIOLA,2000-01-13 06:00:00+00:00,2000-01-13 09:00:00+00:00,3.0,stormsense_dataset/images/2000003S13082_BABIOLA/20000113T060000Z.png,"GMS-5,Meteosat-5",35.0,990.0,-31.799999237060547,74.89999389648438,0.0,-2.5,developing,developing,37.5,987.5,2.5,-2.5
2000003S13082,BABIOLA,2000-01-13 09:00:00+00:00,2000-01-13 12:00:00+00:00,3.0,stormsense_dataset/images/2000003S13082_BABIOLA/20000113T090000Z.png,"GMS-5,Meteosat-5",37.5,987.5,-32.407501220703125,74.91000366210938,2.5,-2.5,developing,developing,40.0,985.0,2.5,-2.5
2000003S13082,BABIOLA,2000-01-13 12:00:00+00:00,2000-01-13 15:00:00+00:00,3.0,stormsense_dataset/images/2000003S13082_BABIOLA/20000113T120000Z.png,"GMS-5,Meteosat-5",40.0,985.0,-33.0,74.80000305175781,2.5,-2.5,developing,developing,40.0,985.0,0.0,0.0
2000003S13082,BABIOLA,2000-01-13 15:00:00+00:00,2000-01-13 18:00:00+00:00,3.0,stormsense_dataset/images/2000003S13082_BABIOLA/20000113T150000Z.png,"GMS-5,Meteosat-5",40.0,985.0,-33.5724983215332,74.70750427246094,0.0,0.0,developing,developing,40.0,985.0,0.0,0.0
2000003S13082,BABIOLA,2000-01-13 18:00:00+00:00,2000-01-13 21:00:00+00:00,3.0,stormsense_dataset/images/2000003S13082_BABIOLA/20000113T180000Z.png,"GMS-5,Meteosat-5",40.0,985.0,-34.099998474121094,74.60000610351562,0.0,0.0,developing,developing,40.0,985.0,0.0,0.0
2000003S13082,BABIOLA,2000-01-13 21:00:00+00:00,2000-01-14 00:00:00+00:00,3.0,stormsense_dataset/images/2000003S13082_BABIOLA/20000113T210000Z.png,"GMS-5,Meteosat-5",40.0,985.0,-34.54999923706055,74.447509765625,0.0,0.0,developing,developing,40.0,985.0,0.0,0.0
2000003S13082,BABIOLA,2000-01-14 00:00:00+00:00,2000-01-14 03:00:00+00:00,3.0,stormsense_dataset/images/2000003S13082_BABIOLA/20000114T000000Z.png,"GMS-5,Meteosat-5",40.0,985.0,-35.0,74.39999389648438,0.0,0.0,developing,developing,40.0,985.0,0.0,0.0
2000003S13082,BABIOLA,2000-01-14 03:00:00+00:00,2000-01-14 06:00:00+00:00,3.0,stormsense_dataset/images/2000003S13082_BABIOLA/20000114T030000Z.png,"GMS-5,Meteosat-5",40.0,985.0,-35.51250076293945,74.51499938964844,0.0,0.0,developing,developing,40.0,985.0,0.0,0.0
2000003S13082,BABIOLA,2000-01-14 06:00:00+00:00,2000-01-14 09:00:00+00:00,3.0,stormsense_dataset/images/2000003S13082_BABIOLA/20000114T060000Z.png,"GMS-5,Meteosat-5",40.0,985.0,-36.09999847412109,74.89999389648438,0.0,0.0,developing,developing,40.0,985.0,0.0,0.0
2000006S15164,IRIS,2000-01-06 00:00:00+00:00,2000-01-06 03:00:00+00:00,3.0,stormsense_dataset/images/2000006S15164_IRIS/20000106T000000Z.png,"GMS-5,GOES-10",13.199999809265137,,-14.600000381469728,164.10000610351562,,,developing,developing,15.399999618530272,,2.199999809265135,
2000006S15164,IRIS,2000-01-06 03:00:00+00:00,2000-01-06 06:00:00+00:00,3.0,stormsense_dataset/images/2000006S15164_IRIS/20000106T030000Z.png,"GMS-5,GOES-10",15.399999618530272,,-14.637916564941406,164.15789794921875,2.199999809265135,,developing,developing,17.600000381469727,,2.200000762939455,
2000006S15164,IRIS,2000-01-06 06:00:00+00:00,2000-01-06 09:00:00+00:00,3.0,stormsense_dataset/images/2000006S15164_IRIS/20000106T060000Z.png,"GMS-5,GOES-10",17.600000381469727,,-14.699999809265137,164.20001220703125,2.200000762939455,,developing,developing,19.450000762939453,,1.8500003814697266,
2000006S15164,IRIS,2000-01-06 09:00:00+00:00,2000-01-06 12:00:00+00:00,3.0,stormsense_dataset/images/2000006S15164_IRIS/20000106T090000Z.png,"GMS-5,GOES-10",19.450000762939453,,-14.801874160766602,164.21685791015625,1.8500003814697263,,developing,developing,21.299999237060547,1000.0,1.8499984741210938,
2000006S15164,IRIS,2000-01-06 12:00:00+00:00,2000-01-06 15:00:00+00:00,3.0,stormsense_dataset/images/2000006S15164_IRIS/20000106T120000Z.png,"GMS-5,GOES-10",21.299999237060547,1000.0,-14.924999237060549,164.22500610351562,1.8499984741210935,,developing,developing,23.64999961853028,999.0,2.3500003814697337,-1.0
2000006S15164,IRIS,2000-01-06 15:00:00+00:00,2000-01-06 18:00:00+00:00,3.0,stormsense_dataset/images/2000006S15164_IRIS/20000106T150000Z.png,"GMS-5,GOES-10",23.64999961853028,999.0,-15.041994094848633,164.24520874023438,2.3500003814697337,-1.0,developing,developing,26.0,998.0,2.3500003814697195,-1.0
2000006S15164,IRIS,2000-01-06 18:00:00+00:00,2000-01-06 21:00:00+00:00,3.0,stormsense_dataset/images/2000006S15164_IRIS/20000106T180000Z.png,"GMS-5,GOES-10",26.0,998.0,-15.166666984558104,164.26666259765625,2.3500003814697195,-1.0,developing,developing,27.25,997.0,1.25,-1.0
2000006S15164,IRIS,2000-01-06 21:00:00+00:00,2000-01-07 00:00:00+00:00,3.0,stormsense_dataset/images/2000006S15164_IRIS/20000106T210000Z.png,"GMS-5,GOES-10",27.25,997.0,-15.281102180480955,164.27520751953125,1.25,-1.0,developing,developing,28.5,996.0,1.25,-1.0
2000006S15164,IRIS,2000-01-07 00:00:00+00:00,2000-01-07 03:00:00+00:00,3.0,stormsense_dataset/images/2000006S15164_IRIS/20000107T000000Z.png,"GMS-5,GOES-10",28.5,996.0,-15.44285774230957,164.30001831054688,1.25,-1.0,developing,developing,29.75,994.0,1.25,-2.0
2000006S15164,IRIS,2000-01-07 03:00:00+00:00,2000-01-07 06:00:00+00:00,3.0,stormsense_dataset/images/2000006S15164_IRIS/20000107T030000Z.png,"GMS-5,GOES-10",29.75,994.0,-15.719643592834473,164.34375,1.25,-2.0,developing,developing,31.0,992.0,1.25,-2.0
2000006S15164,IRIS,2000-01-07 06:00:00+00:00,2000-01-07 09:00:00+00:00,3.0,stormsense_dataset/images/2000006S15164_IRIS/20000107T060000Z.png,"GMS-5,GOES-10",31.0,992.0,-16.0,164.45001220703125,1.25,-2.0,developing,developing,33.5,989.0,2.5,-3.0
2000006S15164,IRIS,2000-01-07 09:00:00+00:00,2000-01-07 12:00:00+00:00,3.0,stormsense_dataset/images/2000006S15164_IRIS/20000107T090000Z.png,"GMS-5,GOES-10",33.5,989.0,-16.19178581237793,164.64874267578125,2.5,-3.0,developing,developing,36.0,986.0,2.5,-3.0
2000006S15164,IRIS,2000-01-07 12:00:00+00:00,2000-01-07 15:00:00+00:00,3.0,stormsense_dataset/images/2000006S15164_IRIS/20000107T120000Z.png,"GMS-5,GOES-10",36.0,986.0,-16.299999237060547,164.89999389648438,2.5,-3.0,developing,developing,36.150001525878906,983.5,0.15000152587890625,-2.5
2000006S15164,IRIS,2000-01-07 15:00:00+00:00,2000-01-07 18:00:00+00:00,3.0,stormsense_dataset/images/2000006S15164_IRIS/20000107T150000Z.png,"GMS-5,GOES-10",36.150001525878906,983.5,-16.314998626708984,165.15374755859375,0.1500015258789062,-2.5,developing,developing,36.29999923706055,981.0,0.14999771118164062,-2.5
2000006S15164,IRIS,2000-01-07 18:00:00+00:00,2000-01-07 21:00:00+00:00,3.0,stormsense_dataset/images/2000006S15164_IRIS/20000107T180000Z.png,"GMS-5,GOES-10",36.29999923706055,981.0,-16.299999237060547,165.39999389648438,0.1499977111816406,-2.5,developing,organizing,49.94999694824219,976.5,13.64999771118164,-4.5
2000006S15164,IRIS,2000-01-07 21:00:00+00:00,2000-01-08 00:00:00+00:00,3.0,stormsense_dataset/images/2000006S15164_IRIS/20000107T210000Z.png,"GMS-5,GOES-10",49.94999694824219,976.5,-16.334999084472656,165.58123779296875,13.64999771118164,-4.5,organizing,organizing,63.59999847412109,972.0,13.6500015258789,-4.5
2000006S15164,IRIS,2000-01-08 00:00:00+00:00,2000-01-08 03:00:00+00:00,3.0,stormsense_dataset/images/2000006S15164_IRIS/20000108T000000Z.png,"GMS-5,GOES-10",63.59999847412109,972.0,-16.399999618530273,165.79998779296875,13.6500015258789,-4.5,organizing,mature,67.19999694824219,968.0,3.599998474121101,-4.0
2000006S15164,IRIS,2000-01-08 03:00:00+00:00,2000-01-08 06:00:00+00:00,3.0,stormsense_dataset/images/2000006S15164_IRIS/20000108T030000Z.png,"GMS-5,GOES-10",67.19999694824219,968.0,-16.5,166.13375854492188,3.599998474121101,-4.0,mature,mature,70.80000305175781,964.0,3.600006103515625,-4.0
2000006S15164,IRIS,2000-01-08 06:00:00+00:00,2000-01-08 09:00:00+00:00,3.0,stormsense_dataset/images/2000006S15164_IRIS/20000108T060000Z.png,"GMS-5,GOES-10",70.80000305175781,964.0,-16.600000381469727,166.54998779296875,3.600006103515625,-4.0,mature,mature,65.80000305175781,971.0,-5.0,7.0
2000006S15164,IRIS,2000-01-08 09:00:00+00:00,2000-01-08 12:00:00+00:00,3.0,stormsense_dataset/images/2000006S15164_IRIS/20000108T090000Z.png,"GMS-5,GOES-10",65.80000305175781,971.0,-16.642499923706055,167.02499389648438,-5.0,7.0,mature,organizing,60.80000305175781,978.0,-5.0,7.0
2000006S15164,IRIS,2000-01-08 12:00:00+00:00,2000-01-08 15:00:00+00:00,3.0,stormsense_dataset/images/2000006S15164_IRIS/20000108T120000Z.png,"GMS-5,GOES-10",60.80000305175781,978.0,-16.700000762939453,167.5,-5.0,7.0,organizing,organizing,57.82500076293945,980.5,-2.9750022888183594,2.5
2000006S15164,IRIS,2000-01-08 15:00:00+00:00,2000-01-08 18:00:00+00:00,3.0,stormsense_dataset/images/2000006S15164_IRIS/20000108T150000Z.png,"GMS-5,GOES-10",57.82500076293945,980.5,-16.8387508392334,167.86749267578125,-2.97500228881836,2.5,organizing,organizing,54.84999847412109,983.0,-2.9750022888183665,2.5
2000006S15164,IRIS,2000-01-08 18:00:00+00:00,2000-01-08 21:00:00+00:00,3.0,stormsense_dataset/images/2000006S15164_IRIS/20000108T180000Z.png,"GMS-5,GOES-10",54.84999847412109,983.0,-17.0,168.25,-2.9750022888183665,2.5,organizing,organizing,55.47499847412109,982.5,0.625,-0.5
2000006S15164,IRIS,2000-01-08 21:00:00+00:00,2000-01-09 00:00:00+00:00,3.0,stormsense_dataset/images/2000006S15164_IRIS/20000108T210000Z.png,"GMS-5,GOES-10",55.47499847412109,982.5,-17.125,168.73187255859375,0.625,-0.5,organizing,organizing,56.09999847412109,982.0,0.625,-0.5
2000006S15164,IRIS,2000-01-09 00:00:00+00:00,2000-01-09 03:00:00+00:00,3.0,stormsense_dataset/images/2000006S15164_IRIS/20000109T000000Z.png,"GMS-5,GOES-10",56.09999847412109,982.0,-17.25,169.29998779296875,0.625,-0.5,organizing,organizing,53.75,983.25,-2.3499984741210866,1.25
2000006S15164,IRIS,2000-01-09 03:00:00+00:00,2000-01-09 06:00:00+00:00,3.0,stormsense_dataset/images/2000006S15164_IRIS/20000109T030000Z.png,"GMS-5,GOES-10",53.75,983.25,-17.396249771118164,169.92312622070312,-2.349998474121086,1.25,organizing,organizing,51.400001525878906,984.5,-2.3499984741210938,1.25
2000006S15164,IRIS,2000-01-09 06:00:00+00:00,2000-01-09 09:00:00+00:00,3.0,stormsense_dataset/images/2000006S15164_IRIS/20000109T060000Z.png,"GMS-5,GOES-10",51.400001525878906,984.5,-17.549999237060547,170.625,-2.3499984741210938,1.25,organizing,organizing,50.29999923706055,984.75,-1.1000022888183594,0.25
2000006S15164,IRIS,2000-01-09 09:00:00+00:00,2000-01-09 12:00:00+00:00,3.0,stormsense_dataset/images/2000006S15164_IRIS/20000109T090000Z.png,"GMS-5,GOES-10",50.29999923706055,984.75,-17.666250228881836,171.37310791015625,-1.1000022888183594,0.25,organizing,organizing,49.19999694824219,985.0,-1.1000022888183594,0.25
2000006S15164,IRIS,2000-01-09 12:00:00+00:00,2000-01-09 15:00:00+00:00,3.0,stormsense_dataset/images/2000006S15164_IRIS/20000109T120000Z.png,"GMS-5,GOES-10",49.19999694824219,985.0,-17.850000381469727,172.20001220703125,-1.1000022888183594,0.25,organizing,organizing,45.75,986.5,-3.4499969482421875,1.5
2000006S15164,IRIS,2000-01-09 15:00:00+00:00,2000-01-09 18:00:00+00:00,3.0,stormsense_dataset/images/2000006S15164_IRIS/20000109T150000Z.png,"GMS-5,GOES-10",45.75,986.5,-18.225000381469727,173.09628295898438,-3.4499969482421875,1.5,organizing,developing,42.30000305175781,988.0,-3.4499969482421875,1.5
2000006S15164,IRIS,2000-01-09 18:00:00+00:00,2000-01-09 21:00:00+00:00,3.0,stormsense_dataset/images/2000006S15164_IRIS/20000109T180000Z.png,"GMS-5,GOES-10",42.30000305175781,988.0,-18.600000381469727,174.04998779296875,-3.4499969482421875,1.5,developing,developing,39.80000305175781,991.0,-2.5,3.0
2000006S15164,IRIS,2000-01-09 21:00:00+00:00,2000-01-10 00:00:00+00:00,3.0,stormsense_dataset/images/2000006S15164_IRIS/20000109T210000Z.png,"GMS-5,GOES-10",39.80000305175781,991.0,-18.772083282470703,175.0506591796875,-2.5,3.0,developing,developing,37.29999923706055,994.0,-2.5000038146972656,3.0
2000006S15164,IRIS,2000-01-10 00:00:00+00:00,2000-01-10 03:00:00+00:00,3.0,stormsense_dataset/images/2000006S15164_IRIS/20000110T000000Z.png,"GMS-5,GOES-10",37.29999923706055,994.0,-18.89999961853028,176.0076904296875,-2.5000038146972656,3.0,developing,developing,33.849998474121094,996.0,-3.450000762939453,2.0
2000006S15164,IRIS,2000-01-10 03:00:00+00:00,2000-01-10 06:00:00+00:00,3.0,stormsense_dataset/images/2000006S15164_IRIS/20000110T030000Z.png,"GMS-5,GOES-10",33.849998474121094,996.0,-19.11844253540039,176.8385009765625,-3.450000762939453,2.0,developing,developing,30.400001525878903,998.0,-3.449996948242191,2.0
2000006S15164,IRIS,2000-01-10 06:00:00+00:00,2000-01-10 09:00:00+00:00,3.0,stormsense_dataset/images/2000006S15164_IRIS/20000110T060000Z.png,"GMS-5,GOES-10",30.400001525878903,998.0,-19.355552673339844,177.566650390625,-3.449996948242191,2.0,developing,developing,26.950000762939453,999.0,-3.4500007629394496,1.0
2000006S15164,IRIS,2000-01-10 09:00:00+00:00,2000-01-10 12:00:00+00:00,3.0,stormsense_dataset/images/2000006S15164_IRIS/20000110T090000Z.png,"GMS-5,GOES-10",26.950000762939453,999.0,-19.5854434967041,178.23324584960938,-3.4500007629394496,1.0,developing,developing,23.5,1000.0,-3.450000762939453,1.0
2000006S15164,IRIS,2000-01-10 12:00:00+00:00,2000-01-10 15:00:00+00:00,3.0,stormsense_dataset/images/2000006S15164_IRIS/20000110T120000Z.png,"GMS-5,GOES-10",23.5,1000.0,-19.780000686645508,178.83999633789062,-3.450000762939453,1.0,developing,developing,24.25,1000.0,0.75,0.0
2000018S15190,TD,2000-01-18 00:00:00+00:00,2000-01-18 03:00:00+00:00,3.0,stormsense_dataset/images/2000018S15190_TD/20000118T000000Z.png,"GMS-5,GOES-10",25.0,1006.0,-14.636181831359863,-170.28579711914062,,,organizing,organizing,25.0,1006.0,0.0,0.0
2000018S15190,TD,2000-01-18 03:00:00+00:00,2000-01-18 06:00:00+00:00,3.0,stormsense_dataset/images/2000018S15190_TD/20000118T030000Z.png,"GMS-5,GOES-10",25.0,1006.0,-14.286455154418944,-170.58262634277344,0.0,0.0,organizing,organizing,25.0,1006.0,0.0,0.0
2000018S15190,TD,2000-01-18 06:00:00+00:00,2000-01-18 09:00:00+00:00,3.0,stormsense_dataset/images/2000018S15190_TD/20000118T060000Z.png,"GMS-5,GOES-10",25.0,1006.0,-13.951904296875,-170.891357421875,0.0,0.0,organizing,organizing,25.0,1005.0,0.0,-1.0
2000018S15190,TD,2000-01-18 09:00:00+00:00,2000-01-18 12:00:00+00:00,3.0,stormsense_dataset/images/2000018S15190_TD/20000118T090000Z.png,"GMS-5,GOES-10",25.0,1005.0,-13.648789405822754,-171.2247314453125,0.0,-1.0,organizing,organizing,25.0,1004.0,0.0,-1.0
2000018S15190,TD,2000-01-18 12:00:00+00:00,2000-01-18 15:00:00+00:00,3.0,stormsense_dataset/images/2000018S15190_TD/20000118T120000Z.png,"GMS-5,GOES-10",25.0,1004.0,-13.397705078125,-171.598876953125,0.0,-1.0,organizing,organizing,25.0,1004.0,0.0,0.0
2000018S15190,TD,2000-01-18 15:00:00+00:00,2000-01-18 18:00:00+00:00,3.0,stormsense_dataset/images/2000018S15190_TD/20000118T150000Z.png,"GMS-5,GOES-10",25.0,1004.0,-13.190354347229004,-172.00779724121094,0.0,0.0,organizing,organizing,25.0,1004.0,0.0,0.0
2000018S15190,TD,2000-01-18 18:00:00+00:00,2000-01-18 21:00:00+00:00,3.0,stormsense_dataset/images/2000018S15190_TD/20000118T180000Z.png,"GMS-5,GOES-10",25.0,1004.0,-13.060302734375,-172.476318359375,0.0,0.0,organizing,organizing,25.0,1004.0,0.0,0.0
2000018S15190,TD,2000-01-18 21:00:00+00:00,2000-01-19 00:00:00+00:00,3.0,stormsense_dataset/images/2000018S15190_TD/20000118T210000Z.png,"GMS-5,GOES-10",25.0,1004.0,-12.998549461364746,-173.00836181640625,0.0,0.0,organizing,organizing,25.0,1004.0,0.0,0.0
2000018S15190,TD,2000-01-19 00:00:00+00:00,2000-01-19 03:00:00+00:00,3.0,stormsense_dataset/images/2000018S15190_TD/20000119T000000Z.png,"GMS-5,GOES-10",25.0,1004.0,-13.021435737609863,-173.58120727539062,0.0,0.0,organizing,organizing,25.0,1004.0,0.0,0.0
2000018S15190,TD,2000-01-19 03:00:00+00:00,2000-01-19 06:00:00+00:00,3.0,stormsense_dataset/images/2000018S15190_TD/20000119T030000Z.png,"GMS-5,GOES-10",25.0,1004.0,-13.106057167053224,-174.18099975585938,0.0,0.0,organizing,organizing,25.0,1004.0,0.0,0.0
2000018S15190,TD,2000-01-19 06:00:00+00:00,2000-01-19 09:00:00+00:00,3.0,stormsense_dataset/images/2000018S15190_TD/20000119T060000Z.png,"GMS-5,GOES-10",25.0,1004.0,-13.248291015625,-174.730712890625,0.0,0.0,organizing,organizing,25.0,1004.0,0.0,0.0
2000018S15190,TD,2000-01-19 09:00:00+00:00,2000-01-19 12:00:00+00:00,3.0,stormsense_dataset/images/2000018S15190_TD/20000119T090000Z.png,"GMS-5,GOES-10",25.0,1004.0,-13.414569854736328,-175.20550537109375,0.0,0.0,organizing,organizing,25.0,1004.0,0.0,0.0
2000018S15190,TD,2000-01-19 12:00:00+00:00,2000-01-19 15:00:00+00:00,3.0,stormsense_dataset/images/2000018S15190_TD/20000119T120000Z.png,"GMS-5,GOES-10",25.0,1004.0,-13.593505859375,-175.501708984375,0.0,0.0,organizing,organizing,25.0,1004.0,0.0,0.0
2000018S15190,TD,2000-01-19 15:00:00+00:00,2000-01-19 18:00:00+00:00,3.0,stormsense_dataset/images/2000018S15190_TD/20000119T150000Z.png,"GMS-5,GOES-10",25.0,1004.0,-13.76662826538086,-175.6467742919922,0.0,0.0,organizing,organizing,25.0,1004.0,0.0,0.0
2000018S15190,TD,2000-01-19 18:00:00+00:00,2000-01-19 21:00:00+00:00,3.0,stormsense_dataset/images/2000018S15190_TD/20000119T180000Z.png,"GMS-5,GOES-10",25.0,1004.0,-13.904736518859863,-175.46060180664062,0.0,0.0,organizing,organizing,25.0,1004.0,0.0,0.0
2000018S15190,TD,2000-01-19 21:00:00+00:00,2000-01-20 00:00:00+00:00,3.0,stormsense_dataset/images/2000018S15190_TD/20000119T210000Z.png,"GMS-5,GOES-10",25.0,1004.0,-13.985209465026855,-174.89064025878906,0.0,0.0,organizing,organizing,25.0,1004.0,0.0,0.0
2000018S15190,TD,2000-01-20 00:00:00+00:00,2000-01-20 03:00:00+00:00,3.0,stormsense_dataset/images/2000018S15190_TD/20000120T000000Z.png,"GMS-5,GOES-10",25.0,1004.0,-14.016520500183104,-174.02333068847656,0.0,0.0,organizing,organizing,25.0,1003.5,0.0,-0.5
2000018S15190,TD,2000-01-20 03:00:00+00:00,2000-01-20 06:00:00+00:00,3.0,stormsense_dataset/images/2000018S15190_TD/20000120T030000Z.png,"GMS-5,GOES-10",25.0,1003.5,-14.021822929382324,-172.94741821289062,0.0,-0.5,organizing,organizing,25.0,1003.0,0.0,-0.5
2000018S15190,TD,2000-01-20 06:00:00+00:00,2000-01-20 09:00:00+00:00,3.0,stormsense_dataset/images/2000018S15190_TD/20000120T060000Z.png,"GMS-5,GOES-10",25.0,1003.0,-14.0,-172.0,0.0,-0.5,organizing,organizing,25.0,1003.0,0.0,0.0
2000018S15190,TD,2000-01-20 09:00:00+00:00,2000-01-20 12:00:00+00:00,3.0,stormsense_dataset/images/2000018S15190_TD/20000120T090000Z.png,"GMS-5,GOES-10",25.0,1003.0,-13.964521408081056,-171.53533935546875,0.0,0.0,organizing,organizing,25.0,1003.0,0.0,0.0
2000018S15190,TD,2000-01-20 12:00:00+00:00,2000-01-20 15:00:00+00:00,3.0,stormsense_dataset/images/2000018S15190_TD/20000120T120000Z.png,"GMS-5,GOES-10",25.0,1003.0,-13.930946350097656,-171.41934204101562,0.0,0.0,organizing,organizing,25.0,1001.5,0.0,-1.5
2000018S15190,TD,2000-01-20 15:00:00+00:00,2000-01-20 18:00:00+00:00,3.0,stormsense_dataset/images/2000018S15190_TD/20000120T150000Z.png,"GMS-5,GOES-10",25.0,1001.5,-13.905352592468262,-171.49778747558594,0.0,-1.5,organizing,organizing,25.0,1000.0,0.0,-1.5
2000018S15190,TD,2000-01-20 18:00:00+00:00,2000-01-20 21:00:00+00:00,3.0,stormsense_dataset/images/2000018S15190_TD/20000120T180000Z.png,"GMS-5,GOES-10",25.0,1000.0,-13.927109718322754,-171.7204132080078,0.0,-1.5,organizing,organizing,25.0,1000.0,0.0,0.0
2000018S15190,TD,2000-01-20 21:00:00+00:00,2000-01-21 00:00:00+00:00,3.0,stormsense_dataset/images/2000018S15190_TD/20000120T210000Z.png,"GMS-5,GOES-10",25.0,1000.0,-14.0099515914917,-171.90870666503906,0.0,0.0,organizing,organizing,25.0,1000.0,0.0,0.0
2000018S15190,TD,2000-01-21 00:00:00+00:00,2000-01-21 03:00:00+00:00,3.0,stormsense_dataset/images/2000018S15190_TD/20000121T000000Z.png,"GMS-5,GOES-10",25.0,1000.0,-14.173730850219728,-172.10092163085938,0.0,0.0,organizing,organizing,25.0,1000.0,0.0,0.0
2000018S15190,TD,2000-01-21 03:00:00+00:00,2000-01-21 06:00:00+00:00,3.0,stormsense_dataset/images/2000018S15190_TD/20000121T030000Z.png,"GMS-5,GOES-10",25.0,1000.0,-14.4080228805542,-172.25790405273438,0.0,0.0,organizing,organizing,25.0,1000.0,0.0,0.0
2000018S15190,TD,2000-01-21 06:00:00+00:00,2000-01-21 09:00:00+00:00,3.0,stormsense_dataset/images/2000018S15190_TD/20000121T060000Z.png,"GMS-5,GOES-10",25.0,1000.0,-14.70947265625,-172.4281768798828,0.0,0.0,organizing,organizing,25.0,1000.0,0.0,0.0
2000018S15190,TD,2000-01-21 09:00:00+00:00,2000-01-21 12:00:00+00:00,3.0,stormsense_dataset/images/2000018S15190_TD/20000121T090000Z.png,"GMS-5,GOES-10",25.0,1000.0,-15.04117202758789,-172.64370727539062,0.0,0.0,organizing,organizing,25.0,1000.0,0.0,0.0
2000018S15190,TD,2000-01-21 12:00:00+00:00,2000-01-21 15:00:00+00:00,3.0,stormsense_dataset/images/2000018S15190_TD/20000121T120000Z.png,"GMS-5,GOES-10",25.0,1000.0,-15.40380859375,-172.897216796875,0.0,0.0,organizing,organizing,25.0,1000.0,0.0,0.0
2000018S15190,TD,2000-01-21 15:00:00+00:00,2000-01-21 18:00:00+00:00,3.0,stormsense_dataset/images/2000018S15190_TD/20000121T150000Z.png,"GMS-5,GOES-10",25.0,1000.0,-15.77671718597412,-173.16664123535156,0.0,0.0,organizing,organizing,25.0,1000.0,0.0,0.0
2000018S15190,TD,2000-01-21 18:00:00+00:00,2000-01-21 21:00:00+00:00,3.0,stormsense_dataset/images/2000018S15190_TD/20000121T180000Z.png,"GMS-5,GOES-10",25.0,1000.0,-16.145801544189453,-173.4775848388672,0.0,0.0,organizing,organizing,25.0,1000.0,0.0,0.0
2000018S15190,TD,2000-01-21 21:00:00+00:00,2000-01-22 00:00:00+00:00,3.0,stormsense_dataset/images/2000018S15190_TD/20000121T210000Z.png,"GMS-5,GOES-10",25.0,1000.0,-16.490047454833984,-173.82386779785156,0.0,0.0,organizing,organizing,25.0,1000.0,0.0,0.0
2000018S15190,TD,2000-01-22 00:00:00+00:00,2000-01-22 03:00:00+00:00,3.0,stormsense_dataset/images/2000018S15190_TD/20000122T000000Z.png,"GMS-5,GOES-10",25.0,1000.0,-16.814647674560547,-174.2233428955078,0.0,0.0,organizing,organizing,25.0,1000.0,0.0,0.0
2000018S15190,TD,2000-01-22 03:00:00+00:00,2000-01-22 06:00:00+00:00,3.0,stormsense_dataset/images/2000018S15190_TD/20000122T030000Z.png,"GMS-5,GOES-10",25.0,1000.0,-17.12896728515625,-174.68077087402344,0.0,0.0,organizing,organizing,25.0,1000.0,0.0,0.0
2000018S15190,TD,2000-01-22 06:00:00+00:00,2000-01-22 09:00:00+00:00,3.0,stormsense_dataset/images/2000018S15190_TD/20000122T060000Z.png,"GMS-5,GOES-10",25.0,1000.0,-17.425674438476562,-175.1582794189453,0.0,0.0,organizing,organizing,25.0,1002.0,0.0,2.0
2000018S15190,TD,2000-01-22 09:00:00+00:00,2000-01-22 12:00:00+00:00,3.0,stormsense_dataset/images/2000018S15190_TD/20000122T090000Z.png,"GMS-5,GOES-10",25.0,1002.0,-17.713499069213867,-175.62196350097656,0.0,2.0,organizing,organizing,25.0,1004.0,0.0,2.0
2000018S15190,TD,2000-01-22 12:00:00+00:00,2000-01-22 15:00:00+00:00,3.0,stormsense_dataset/images/2000018S15190_TD/20000122T120000Z.png,"GMS-5,GOES-10",25.0,1004.0,-17.977100372314453,-176.03794860839844,0.0,2.0,organizing,organizing,25.0,1004.0,0.0,0.0
2000018S15190,TD,2000-01-22 15:00:00+00:00,2000-01-22 18:00:00+00:00,3.0,stormsense_dataset/images/2000018S15190_TD/20000122T150000Z.png,"GMS-5,GOES-10",25.0,1004.0,-18.230772018432617,-176.4120635986328,0.0,0.0,organizing,organizing,25.0,1004.0,0.0,0.0
2000018S15190,TD,2000-01-22 18:00:00+00:00,2000-01-22 21:00:00+00:00,3.0,stormsense_dataset/images/2000018S15190_TD/20000122T180000Z.png,"GMS-5,GOES-10",25.0,1004.0,-18.426647186279297,-176.6549072265625,0.0,0.0,organizing,organizing,25.0,1004.0,0.0,0.0
2000018S15190,TD,2000-01-22 21:00:00+00:00,2000-01-23 00:00:00+00:00,3.0,stormsense_dataset/images/2000018S15190_TD/20000122T210000Z.png,"GMS-5,GOES-10",25.0,1004.0,-18.551916122436523,-176.7474822998047,0.0,0.0,organizing,organizing,25.0,1004.0,0.0,0.0
2000018S15190,TD,2000-01-23 00:00:00+00:00,2000-01-23 03:00:00+00:00,3.0,stormsense_dataset/images/2000018S15190_TD/20000123T000000Z.png,"GMS-5,GOES-10",25.0,1004.0,-18.592758178710938,-176.65939331054688,0.0,0.0,organizing,organizing,25.0,1004.0,0.0,0.0
2000018S15190,TD,2000-01-23 03:00:00+00:00,2000-01-23 06:00:00+00:00,3.0,stormsense_dataset/images/2000018S15190_TD/20000123T030000Z.png,"GMS-5,GOES-10",25.0,1004.0,-18.546550750732425,-176.41697692871094,0.0,0.0,organizing,organizing,25.0,1004.0,0.0,0.0
2000018S15190,TD,2000-01-23 06:00:00+00:00,2000-01-23 09:00:00+00:00,3.0,stormsense_dataset/images/2000018S15190_TD/20000123T060000Z.png,"GMS-5,GOES-10",25.0,1004.0,-18.47947120666504,-176.0719451904297,0.0,0.0,organizing,organizing,27.5,1001.0,2.5,-3.0
2000018S15190,TD,2000-01-23 09:00:00+00:00,2000-01-23 12:00:00+00:00,3.0,stormsense_dataset/images/2000018S15190_TD/20000123T090000Z.png,"GMS-5,GOES-10",27.5,1001.0,-18.44743537902832,-175.71749877929688,2.5,-3.0,organizing,organizing,30.0,998.0,2.5,-3.0
2000018S15190,TD,2000-01-23 12:00:00+00:00,2000-01-23 15:00:00+00:00,3.0,stormsense_dataset/images/2000018S15190_TD/20000123T120000Z.png,"GMS-5,GOES-10",30.0,998.0,-18.50642776489257,-175.392333984375,2.5,-3.0,organizing,organizing,30.0,998.0,0.0,0.0
2000018S15190,TD,2000-01-23 15:00:00+00:00,2000-01-23 18:00:00+00:00,3.0,stormsense_dataset/images/2000018S15190_TD/20000123T150000Z.png,"GMS-5,GOES-10",30.0,998.0,-18.6727352142334,-175.1376953125,0.0,0.0,organizing,organizing,30.0,998.0,0.0,0.0
2000018S15190,TD,2000-01-23 18:00:00+00:00,2000-01-23 21:00:00+00:00,3.0,stormsense_dataset/images/2000018S15190_TD/20000123T180000Z.png,"GMS-5,GOES-10",30.0,998.0,-19.0,-175.0,0.0,0.0,organizing,organizing,27.5,998.0,-2.5,0.0
2000018S15190,TD,2000-01-23 21:00:00+00:00,2000-01-24 00:00:00+00:00,3.0,stormsense_dataset/images/2000018S15190_TD/20000123T210000Z.png,"GMS-5,GOES-10",27.5,998.0,-19.534517288208008,-175.028076171875,-2.5,0.0,organizing,organizing,25.0,998.0,-2.5,0.0
2000018S15190,TD,2000-01-24 00:00:00+00:00,2000-01-24 03:00:00+00:00,3.0,stormsense_dataset/images/2000018S15190_TD/20000124T000000Z.png,"GMS-5,GOES-10",25.0,998.0,-20.100000381469727,-175.10000610351562,-2.5,0.0,organizing,organizing,30.0,997.5,5.0,-0.5
2000018S15190,TD,2000-01-24 03:00:00+00:00,2000-01-24 06:00:00+00:00,3.0,stormsense_dataset/images/2000018S15190_TD/20000124T030000Z.png,"GMS-5,GOES-10",30.0,997.5,-20.479999542236328,-175.09500122070312,5.0,-0.5,organizing,organizing,35.0,997.0,5.0,-0.5
2000018S15190,TD,2000-01-24 06:00:00+00:00,2000-01-24 09:00:00+00:00,3.0,stormsense_dataset/images/2000018S15190_TD/20000124T060000Z.png,"GMS-5,GOES-10",35.0,997.0,-20.799999237060547,-175.0,5.0,-0.5,organizing,organizing,35.0,997.0,0.0,0.0
2000018S15190,TD,2000-01-24 09:00:00+00:00,2000-01-24 12:00:00+00:00,3.0,stormsense_dataset/images/2000018S15190_TD/20000124T090000Z.png,"GMS-5,GOES-10",35.0,997.0,-21.127498626708984,-174.8175048828125,0.0,0.0,organizing,organizing,35.0,997.0,0.0,0.0
2000018S15190,TD,2000-01-24 12:00:00+00:00,2000-01-24 15:00:00+00:00,3.0,stormsense_dataset/images/2000018S15190_TD/20000124T120000Z.png,"GMS-5,GOES-10",35.0,997.0,-21.5,-174.5,0.0,0.0,organizing,organizing,35.0,996.5,0.0,-0.5
2000018S15190,TD,2000-01-24 15:00:00+00:00,2000-01-24 18:00:00+00:00,3.0,stormsense_dataset/images/2000018S15190_TD/20000124T150000Z.png,"GMS-5,GOES-10",35.0,996.5,-22.052499771118164,-173.9774932861328,0.0,-0.5,organizing,organizing,35.0,996.0,0.0,-0.5
2000018S15190,TD,2000-01-24 18:00:00+00:00,2000-01-24 21:00:00+00:00,3.0,stormsense_dataset/images/2000018S15190_TD/20000124T180000Z.png,"GMS-5,GOES-10",35.0,996.0,-22.5,-173.5,0.0,-0.5,organizing,organizing,35.0,995.5,0.0,-0.5
2000018S15190,TD,2000-01-24 21:00:00+00:00,2000-01-25 00:00:00+00:00,3.0,stormsense_dataset/images/2000018S15190_TD/20000124T210000Z.png,"GMS-5,GOES-10",35.0,995.5,-22.522499084472656,-173.38499450683594,0.0,-0.5,organizing,organizing,35.0,995.0,0.0,-0.5
2000018S15190,TD,2000-01-25 00:00:00+00:00,2000-01-25 03:00:00+00:00,3.0,stormsense_dataset/images/2000018S15190_TD/20000125T000000Z.png,"GMS-5,GOES-10",35.0,995.0,-22.5,-173.3000030517578,0.0,-0.5,organizing,organizing,35.0,995.5,0.0,0.5
2000018S15190,TD,2000-01-25 03:00:00+00:00,2000-01-25 06:00:00+00:00,3.0,stormsense_dataset/images/2000018S15190_TD/20000125T030000Z.png,"GMS-5,GOES-10",35.0,995.5,-22.81999969482422,-172.9375,0.0,0.5,organizing,organizing,35.0,996.0,0.0,0.5
2000018S15190,TD,2000-01-25 06:00:00+00:00,2000-01-25 09:00:00+00:00,3.0,stormsense_dataset/images/2000018S15190_TD/20000125T060000Z.png,"GMS-5,GOES-10",35.0,996.0,-23.200000762939453,-172.5,0.0,0.5,organizing,organizing,35.0,996.5,0.0,0.5
2000018S15190,TD,2000-01-25 09:00:00+00:00,2000-01-25 12:00:00+00:00,3.0,stormsense_dataset/images/2000018S15190_TD/20000125T090000Z.png,"GMS-5,GOES-10",35.0,996.5,-23.39249992370605,-172.14999389648438,0.0,0.5,organizing,organizing,35.0,997.0,0.0,0.5
2000018S15190,TD,2000-01-25 12:00:00+00:00,2000-01-25 15:00:00+00:00,3.0,stormsense_dataset/images/2000018S15190_TD/20000125T120000Z.png,"GMS-5,GOES-10",35.0,997.0,-23.600000381469727,-171.8000030517578,0.0,0.5,organizing,organizing,35.0,997.0,0.0,0.0
2000018S15190,TD,2000-01-25 15:00:00+00:00,2000-01-25 18:00:00+00:00,3.0,stormsense_dataset/images/2000018S15190_TD/20000125T150000Z.png,"GMS-5,GOES-10",35.0,997.0,-23.98500061035156,-171.49749755859375,0.0,0.0,organizing,organizing,35.0,997.0,0.0,0.0
2000018S15190,TD,2000-01-25 18:00:00+00:00,2000-01-25 21:00:00+00:00,3.0,stormsense_dataset/images/2000018S15190_TD/20000125T180000Z.png,"GMS-5,GOES-10",35.0,997.0,-24.39999961853028,-171.0,0.0,0.0,organizing,mature,37.5,997.5,2.5,0.5
2000018S15190,TD,2000-01-25 21:00:00+00:00,2000-01-26 00:00:00+00:00,3.0,stormsense_dataset/images/2000018S15190_TD/20000125T210000Z.png,"GMS-5,GOES-10",37.5,997.5,-24.6680965423584,-170.0267791748047,2.5,0.5,mature,mature,40.0,998.0,2.5,0.5
2000018S15190,TD,2000-01-26 00:00:00+00:00,2000-01-26 03:00:00+00:00,3.0,stormsense_dataset/images/2000018S15190_TD/20000126T000000Z.png,"GMS-5,GOES-10",40.0,998.0,-25.0,-169.0,2.5,0.5,mature,mature,40.0,999.0,0.0,1.0
2000023S15172,JO,2000-01-23 00:00:00+00:00,2000-01-23 03:00:00+00:00,3.0,stormsense_dataset/images/2000023S15172_JO/20000123T000000Z.png,"GMS-5,GOES-10",23.5,1000.0,-14.5,171.70001220703125,,,developing,developing,23.5,999.5,0.0,-0.5
2000023S15172,JO,2000-01-23 03:00:00+00:00,2000-01-23 06:00:00+00:00,3.0,stormsense_dataset/images/2000023S15172_JO/20000123T030000Z.png,"GMS-5,GOES-10",23.5,999.5,-14.644999504089355,171.94500732421875,0.0,-0.5,developing,developing,23.5,999.0,0.0,-0.5
2000023S15172,JO,2000-01-23 06:00:00+00:00,2000-01-23 09:00:00+00:00,3.0,stormsense_dataset/images/2000023S15172_JO/20000123T060000Z.png,"GMS-5,GOES-10",23.5,999.0,-14.949999809265137,172.20001220703125,0.0,-0.5,developing,developing,25.850000381469727,998.5,2.3500003814697266,-0.5
2000023S15172,JO,2000-01-23 09:00:00+00:00,2000-01-23 12:00:00+00:00,3.0,stormsense_dataset/images/2000023S15172_JO/20000123T090000Z.png,"GMS-5,GOES-10",25.850000381469727,998.5,-15.508750915527344,172.458740234375,2.3500003814697266,-0.5,developing,developing,28.200000762939453,998.0,2.3500003814697266,-0.5
2000023S15172,JO,2000-01-23 12:00:00+00:00,2000-01-23 15:00:00+00:00,3.0,stormsense_dataset/images/2000023S15172_JO/20000123T120000Z.png,"GMS-5,GOES-10",28.200000762939453,998.0,-16.150001525878906,172.6500244140625,2.3500003814697266,-0.5,developing,developing,28.200000762939453,997.5,0.0,-0.5
2000023S15172,JO,2000-01-23 15:00:00+00:00,2000-01-23 18:00:00+00:00,3.0,stormsense_dataset/images/2000023S15172_JO/20000123T150000Z.png,"GMS-5,GOES-10",28.200000762939453,997.5,-16.6875,172.67877197265625,0.0,-0.5,developing,developing,28.200000762939453,997.0,0.0,-0.5
2000023S15172,JO,2000-01-23 18:00:00+00:00,2000-01-23 21:00:00+00:00,3.0,stormsense_dataset/images/2000023S15172_JO/20000123T180000Z.png,"GMS-5,GOES-10",28.200000762939453,997.0,-17.149999618530273,172.70001220703125,0.0,-0.5,developing,developing,31.64999961853028,996.0,3.4499988555908274,-1.0
2000023S15172,JO,2000-01-23 21:00:00+00:00,2000-01-24 00:00:00+00:00,3.0,stormsense_dataset/images/2000023S15172_JO/20000123T210000Z.png,"GMS-5,GOES-10",31.64999961853028,996.0,-17.529998779296875,172.885009765625,3.4499988555908274,-1.0,developing,developing,35.099998474121094,995.0,3.449998855590813,-1.0
2000023S15172,JO,2000-01-24 00:00:00+00:00,2000-01-24 03:00:00+00:00,3.0,stormsense_dataset/images/2000023S15172_JO/20000124T000000Z.png,"GMS-5,GOES-10",35.099998474121094,995.0,-17.849998474121094,173.10000610351562,3.449998855590813,-1.0,developing,organizing,36.34999847412109,992.5,1.249999999999993,-2.5
2000023S15172,JO,2000-01-24 03:00:00+00:00,2000-01-24 06:00:00+00:00,3.0,stormsense_dataset/images/2000023S15172_JO/20000124T030000Z.png,"GMS-5,GOES-10",36.34999847412109,992.5,-18.153749465942383,173.23626708984375,1.249999999999993,-2.5,organizing,organizing,37.59999847412109,990.0,1.25,-2.5
2000023S15172,JO,2000-01-24 06:00:00+00:00,2000-01-24 09:00:00+00:00,3.0,stormsense_dataset/images/2000023S15172_JO/20000124T060000Z.png,"GMS-5,GOES-10",37.59999847412109,990.0,-18.450000762939453,173.3499755859375,1.25,-2.5,organizing,organizing,39.95000076293945,988.5,2.3500022888183665,-1.5
2000023S15172,JO,2000-01-24 09:00:00+00:00,2000-01-24 12:00:00+00:00,3.0,stormsense_dataset/images/2000023S15172_JO/20000124T090000Z.png,"GMS-5,GOES-10",39.95000076293945,988.5,-18.778751373291016,173.4637451171875,2.3500022888183665,-1.5,organizing,organizing,42.30000305175781,987.0,2.3500022888183594,-1.5
2000023S15172,JO,2000-01-24 12:00:00+00:00,2000-01-24 15:00:00+00:00,3.0,stormsense_dataset/images/2000023S15172_JO/20000124T120000Z.png,"GMS-5,GOES-10",42.30000305175781,987.0,-19.100000381469727,173.60000610351562,2.35000228881836,-1.5,organizing,organizing,44.650001525878906,986.0,2.3499984741210938,-1.0
2000023S15172,JO,2000-01-24 15:00:00+00:00,2000-01-24 18:00:00+00:00,3.0,stormsense_dataset/images/2000023S15172_JO/20000124T150000Z.png,"GMS-5,GOES-10",44.650001525878906,986.0,-19.37500190734864,173.78125,2.3499984741210938,-1.0,organizing,organizing,47.0,985.0,2.3499984741210938,-1.0
2000023S15172,JO,2000-01-24 18:00:00+00:00,2000-01-24 21:00:00+00:00,3.0,stormsense_dataset/images/2000023S15172_JO/20000124T180000Z.png,"GMS-5,GOES-10",47.0,985.0,-19.650001525878903,174.0,2.3499984741210938,-1.0,organizing,organizing,48.25,982.5,1.25,-2.5
2000023S15172,JO,2000-01-24 21:00:00+00:00,2000-01-25 00:00:00+00:00,3.0,stormsense_dataset/images/2000023S15172_JO/20000124T210000Z.png,"GMS-5,GOES-10",48.25,982.5,-19.9637508392334,174.25750732421875,1.25,-2.5,organizing,organizing,49.5,980.0,1.25,-2.5
2000023S15172,JO,2000-01-25 00:00:00+00:00,2000-01-25 03:00:00+00:00,3.0,stormsense_dataset/images/2000023S15172_JO/20000125T000000Z.png,"GMS-5,GOES-10",49.5,980.0,-20.299999237060547,174.5,1.25,-2.5,organizing,organizing,51.84999847412109,979.0,2.3499984741210866,-1.0
2000023S15172,JO,2000-01-25 03:00:00+00:00,2000-01-25 06:00:00+00:00,3.0,stormsense_dataset/images/2000023S15172_JO/20000125T030000Z.png,"GMS-5,GOES-10",51.84999847412109,979.0,-20.64249992370605,174.66500854492188,2.349998474121086,-1.0,organizing,mature,54.19999694824219,978.0,2.349998474121101,-1.0
2000023S15172,JO,2000-01-25 06:00:00+00:00,2000-01-25 09:00:00+00:00,3.0,stormsense_dataset/images/2000023S15172_JO/20000125T060000Z.png,"GMS-5,GOES-10",54.19999694824219,978.0,-21.0,174.79998779296875,2.349998474121101,-1.0,mature,mature,55.29999923706055,976.5,1.1000022888183594,-1.5
2000023S15172,JO,2000-01-25 09:00:00+00:00,2000-01-25 12:00:00+00:00,3.0,stormsense_dataset/images/2000023S15172_JO/20000125T090000Z.png,"GMS-5,GOES-10",55.29999923706055,976.5,-21.38249969482422,174.916259765625,1.1000022888183594,-1.5,mature,mature,56.400001525878906,975.0,1.1000022888183594,-1.5
2000023S15172,JO,2000-01-25 12:00:00+00:00,2000-01-25 15:00:00+00:00,3.0,stormsense_dataset/images/2000023S15172_JO/20000125T120000Z.png,"GMS-5,GOES-10",56.400001525878906,975.0,-21.75,175.10000610351562,1.1000022888183594,-1.5,mature,mature,57.5,974.5,1.0999984741210938,-0.5
2000023S15172,JO,2000-01-25 15:00:00+00:00,2000-01-25 18:00:00+00:00,3.0,stormsense_dataset/images/2000023S15172_JO/20000125T150000Z.png,"GMS-5,GOES-10",57.5,974.5,-22.049999237060547,175.42999267578125,1.0999984741210938,-0.5,mature,mature,58.59999847412109,974.0,1.0999984741210866,-0.5
2000023S15172,JO,2000-01-25 18:00:00+00:00,2000-01-25 21:00:00+00:00,3.0,stormsense_dataset/images/2000023S15172_JO/20000125T180000Z.png,"GMS-5,GOES-10",58.59999847412109,974.0,-22.350000381469727,175.85000610351562,1.0999984741210866,-0.5,mature,mature,58.75,973.0,0.15000152587891336,-1.0
2000023S15172,JO,2000-01-25 21:00:00+00:00,2000-01-26 00:00:00+00:00,3.0,stormsense_dataset/images/2000023S15172_JO/20000125T210000Z.png,"GMS-5,GOES-10",58.75,973.0,-22.69499969482422,176.27749633789062,0.1500015258789133,-1.0,mature,mature,58.900001525878906,972.0,0.15000152587890625,-1.0
2000023S15172,JO,2000-01-26 00:00:00+00:00,2000-01-26 03:00:00+00:00,3.0,stormsense_dataset/images/2000023S15172_JO/20000126T000000Z.png,"GMS-5,GOES-10",58.900001525878906,972.0,-23.100000381469727,176.75,0.1500015258789062,-1.0,mature,mature,57.650001525878906,973.0,-1.25,1.0
2000023S15172,JO,2000-01-26 03:00:00+00:00,2000-01-26 06:00:00+00:00,3.0,stormsense_dataset/images/2000023S15172_JO/20000126T030000Z.png,"GMS-5,GOES-10",57.650001525878906,973.0,-23.56999969482422,177.25625610351562,-1.25,1.0,mature,mature,56.400001525878906,974.0,-1.25,1.0
2000023S15172,JO,2000-01-26 06:00:00+00:00,2000-01-26 09:00:00+00:00,3.0,stormsense_dataset/images/2000023S15172_JO/20000126T060000Z.png,"GMS-5,GOES-10",56.400001525878906,974.0,-24.099998474121094,177.79998779296875,-1.25,1.0,mature,mature,56.400001525878906,974.5,0.0,0.5
2000023S15172,JO,2000-01-26 09:00:00+00:00,2000-01-26 12:00:00+00:00,3.0,stormsense_dataset/images/2000023S15172_JO/20000126T090000Z.png,"GMS-5,GOES-10",56.400001525878906,974.5,-24.66374969482422,178.35626220703125,0.0,0.5,mature,mature,56.400001525878906,975.0,0.0,0.5
2000023S15172,JO,2000-01-26 12:00:00+00:00,2000-01-26 15:00:00+00:00,3.0,stormsense_dataset/images/2000023S15172_JO/20000126T120000Z.png,"GMS-5,GOES-10",56.400001525878906,975.0,-25.25,178.95001220703125,0.0,0.5,mature,mature,56.875,976.75,0.47499847412109375,1.75
2000023S15172,JO,2000-01-26 15:00:00+00:00,2000-01-26 18:00:00+00:00,3.0,stormsense_dataset/images/2000023S15172_JO/20000126T150000Z.png,"GMS-5,GOES-10",56.875,976.75,-25.83625030517578,179.59500122070312,0.4749984741210937,1.75,mature,mature,57.34999847412109,978.5,0.47499847412108664,1.75
2000023S15172,JO,2000-01-26 18:00:00+00:00,2000-01-26 21:00:00+00:00,3.0,stormsense_dataset/images/2000023S15172_JO/20000126T180000Z.png,"GMS-5,GOES-10",57.34999847412109,978.5,-26.39999961853028,-179.75,0.4749984741210866,1.75,mature,mature,55.0,979.75,-2.3499984741210866,1.25
2000023S15172,JO,2000-01-26 21:00:00+00:00,2000-01-27 00:00:00+00:00,3.0,stormsense_dataset/images/2000023S15172_JO/20000126T210000Z.png,"GMS-5,GOES-10",55.0,979.75,-26.91660690307617,-179.19561767578125,-2.349998474121086,1.25,mature,organizing,52.650001525878906,981.0,-2.3499984741210938,1.25
2000023S15172,JO,2000-01-27 00:00:00+00:00,2000-01-27 03:00:00+00:00,3.0,stormsense_dataset/images/2000023S15172_JO/20000127T000000Z.png,"GMS-5,GOES-10",52.650001525878906,981.0,-27.39999961853028,-178.5333251953125,-2.3499984741210938,1.25,organizing,organizing,50.29999923706055,983.0,-2.3500022888183594,2.0
2000023S15172,JO,2000-01-27 03:00:00+00:00,2000-01-27 06:00:00+00:00,3.0,stormsense_dataset/images/2000023S15172_JO/20000127T030000Z.png,"GMS-5,GOES-10",50.29999923706055,983.0,-27.85085105895996,-177.611328125,-2.35000228881836,2.0,organizing,weakening,47.94999694824219,985.0,-2.3500022888183594,2.0
2000023S15172,JO,2000-01-27 06:00:00+00:00,2000-01-27 09:00:00+00:00,3.0,stormsense_dataset/images/2000023S15172_JO/20000127T060000Z.png,"GMS-5,GOES-10",47.94999694824219,985.0,-28.328569412231445,-176.5142822265625,-2.35000228881836,2.0,weakening,weakening,42.92499923706055,987.25,-5.024997711181641,2.25
2000023S15172,JO,2000-01-27 09:00:00+00:00,2000-01-27 12:00:00+00:00,3.0,stormsense_dataset/images/2000023S15172_JO/20000127T090000Z.png,"GMS-5,GOES-10",42.92499923706055,987.25,-28.944849014282227,-175.4149169921875,-5.024997711181641,2.25,weakening,organizing,37.900001525878906,989.5,-5.024997711181641,2.25
2000023S15172,JO,2000-01-27 12:00:00+00:00,2000-01-27 15:00:00+00:00,3.0,stormsense_dataset/images/2000023S15172_JO/20000127T120000Z.png,"GMS-5,GOES-10",37.900001525878906,989.5,-29.5076904296875,-174.13076782226562,-5.024997711181641,2.25,organizing,organizing,36.91666793823242,986.75,-0.9833335876464844,-2.75
2000023S15172,JO,2000-01-27 15:00:00+00:00,2000-01-27 18:00:00+00:00,3.0,stormsense_dataset/images/2000023S15172_JO/20000127T150000Z.png,"GMS-5,GOES-10",36.91666793823242,986.75,-29.768280029296875,-172.62887573242188,-0.9833335876464844,-2.75,organizing,organizing,35.93333435058594,984.0,-0.9833335876464844,-2.75
2000023S15172,JO,2000-01-27 18:00:00+00:00,2000-01-27 21:00:00+00:00,3.0,stormsense_dataset/images/2000023S15172_JO/20000127T180000Z.png,"GMS-5,GOES-10",35.93333435058594,984.0,-30.080001831054688,-170.8800048828125,-0.9833335876464844,-2.75,organizing,developing,34.46666717529297,984.0,-1.4666671752929688,0.0
2000023S15172,JO,2000-01-27 21:00:00+00:00,2000-01-28 00:00:00+00:00,3.0,stormsense_dataset/images/2000023S15172_JO/20000127T210000Z.png,"GMS-5,GOES-10",34.46666717529297,984.0,-30.757925033569336,-168.92245483398438,-1.4666671752929688,0.0,developing,developing,33.0,984.0,-1.4666671752929688,0.0
2000023S15172,JO,2000-01-28 00:00:00+00:00,2000-01-28 03:00:00+00:00,3.0,stormsense_dataset/images/2000023S15172_JO/20000128T000000Z.png,"GMS-5,GOES-10",33.0,984.0,-31.600000381469727,-166.85000610351562,-1.4666671752929688,0.0,developing,developing,33.0,984.5,0.0,0.5
2000023S15172,JO,2000-01-28 03:00:00+00:00,2000-01-28 06:00:00+00:00,3.0,stormsense_dataset/images/2000023S15172_JO/20000128T030000Z.png,"GMS-5,GOES-10",33.0,984.5,-32.42483139038086,-164.8944091796875,0.0,0.5,developing,developing,33.0,985.0,0.0,0.5
2000023S15172,JO,2000-01-28 06:00:00+00:00,2000-01-28 09:00:00+00:00,3.0,stormsense_dataset/images/2000023S15172_JO/20000128T060000Z.png,"GMS-5,GOES-10",33.0,985.0,-33.26666641235352,-162.83331298828125,0.0,0.5,developing,organizing,44.0,984.5,11.0,-0.5
2000023S15172,JO,2000-01-28 09:00:00+00:00,2000-01-28 12:00:00+00:00,3.0,stormsense_dataset/images/2000023S15172_JO/20000128T090000Z.png,"GMS-5,GOES-10",44.0,984.5,-34.01333236694336,-160.4354248046875,11.0,-0.5,organizing,mature,55.0,984.0,11.0,-0.5
2000023S15172,JO,2000-01-28 12:00:00+00:00,2000-01-28 15:00:00+00:00,3.0,stormsense_dataset/images/2000023S15172_JO/20000128T120000Z.png,"GMS-5,GOES-10",55.0,984.0,-34.900001525878906,-158.10000610351562,11.0,-0.5,mature,mature,55.0,981.0,0.0,-3.0
2000023S15172,JO,2000-01-28 15:00:00+00:00,2000-01-28 18:00:00+00:00,3.0,stormsense_dataset/images/2000023S15172_JO/20000128T150000Z.png,"GMS-5,GOES-10",55.0,981.0,-36.067501068115234,-155.99749755859375,0.0,-3.0,mature,mature,55.0,978.0,0.0,-3.0
2000023S15172,JO,2000-01-28 18:00:00+00:00,2000-01-28 21:00:00+00:00,3.0,stormsense_dataset/images/2000023S15172_JO/20000128T180000Z.png,GOES-10,55.0,978.0,-37.5,-154.5,0.0,-3.0,mature,mature,55.0,978.5,0.0,0.5
2000023S15172,JO,2000-01-28 21:00:00+00:00,2000-01-29 00:00:00+00:00,3.0,stormsense_dataset/images/2000023S15172_JO/20000128T210000Z.png,GOES-10,55.0,978.5,-39.26750183105469,-153.8800048828125,0.0,0.5,mature,weakening,55.0,979.0,0.0,0.5
2000023S15172,JO,2000-01-29 00:00:00+00:00,2000-01-29 03:00:00+00:00,3.0,stormsense_dataset/images/2000023S15172_JO/20000129T000000Z.png,GOES-10,55.0,979.0,-40.900001525878906,-153.79998779296875,0.0,0.5,weakening,weakening,50.0,980.0,-5.0,1.0
2000023S15172,JO,2000-01-29 03:00:00+00:00,2000-01-29 06:00:00+00:00,3.0,stormsense_dataset/images/2000023S15172_JO/20000129T030000Z.png,GOES-10,50.0,980.0,-41.92250061035156,-153.7550048828125,-5.0,1.0,weakening,organizing,45.0,981.0,-5.0,1.0
2000023S15172,JO,2000-01-29 06:00:00+00:00,2000-01-29 09:00:00+00:00,3.0,stormsense_dataset/images/2000023S15172_JO/20000129T060000Z.png,GOES-10,45.0,981.0,-42.59999847412109,-153.79998779296875,-5.0,1.0,organizing,organizing,45.0,982.0,0.0,1.0
2000023S15172,JO,2000-01-29 09:00:00+00:00,2000-01-29 12:00:00+00:00,3.0,stormsense_dataset/images/2000023S15172_JO/20000129T090000Z.png,GOES-10,45.0,982.0,-43.21749877929688,-153.75750732421875,0.0,1.0,organizing,organizing,45.0,983.0,0.0,1.0
2000023S15172,JO,2000-01-29 12:00:00+00:00,2000-01-29 15:00:00+00:00,3.0,stormsense_dataset/images/2000023S15172_JO/20000129T120000Z.png,GOES-10,45.0,983.0,-43.70000076293945,-153.70001220703125,0.0,1.0,organizing,organizing,45.0,978.5,0.0,-4.5
2000023S15172,JO,2000-01-29 15:00:00+00:00,2000-01-29 18:00:00+00:00,3.0,stormsense_dataset/images/2000023S15172_JO/20000129T150000Z.png,GOES-10,45.0,978.5,-44.14500045776367,-153.65750122070312,0.0,-4.5,organizing,weakening,45.0,974.0,0.0,-4.5
2000023S15172,JO,2000-01-29 18:00:00+00:00,2000-01-29 21:00:00+00:00,3.0,stormsense_dataset/images/2000023S15172_JO/20000129T180000Z.png,GOES-10,45.0,974.0,-44.5,-153.60000610351562,0.0,-4.5,weakening,organizing,42.5,981.5,-2.5,7.5
2000023S15172,JO,2000-01-29 21:00:00+00:00,2000-01-30 00:00:00+00:00,3.0,stormsense_dataset/images/2000023S15172_JO/20000129T210000Z.png,GOES-10,42.5,981.5,-44.78749847412109,-153.5,-2.5,7.5,organizing,organizing,40.0,989.0,-2.5,7.5
2000023S15172,JO,2000-01-30 00:00:00+00:00,2000-01-30 03:00:00+00:00,3.0,stormsense_dataset/images/2000023S15172_JO/20000130T000000Z.png,GOES-10,40.0,989.0,-45.0,-153.39999389648438,-2.5,7.5,organizing,organizing,40.0,988.5,0.0,-0.5
2000023S15172,JO,2000-01-30 03:00:00+00:00,2000-01-30 06:00:00+00:00,3.0,stormsense_dataset/images/2000023S15172_JO/20000130T030000Z.png,GOES-10,40.0,988.5,-45.165000915527344,-153.364990234375,0.0,-0.5,organizing,organizing,40.0,988.0,0.0,-0.5
2000023S15172,JO,2000-01-30 06:00:00+00:00,2000-01-30 09:00:00+00:00,3.0,stormsense_dataset/images/2000023S15172_JO/20000130T060000Z.png,GOES-10,40.0,988.0,-45.29999923706055,-153.29998779296875,0.0,-0.5,organizing,organizing,40.0,988.0,0.0,0.0
2000023S15172,JO,2000-01-30 09:00:00+00:00,2000-01-30 12:00:00+00:00,3.0,stormsense_dataset/images/2000023S15172_JO/20000130T090000Z.png,GOES-10,40.0,988.0,-45.45750045776367,-153.15249633789062,0.0,0.0,organizing,organizing,40.0,988.0,0.0,0.0
2000023S15172,JO,2000-01-30 12:00:00+00:00,2000-01-30 15:00:00+00:00,3.0,stormsense_dataset/images/2000023S15172_JO/20000130T120000Z.png,GOES-10,40.0,988.0,-45.59999847412109,-152.89999389648438,0.0,0.0,organizing,organizing,40.0,989.0,0.0,1.0
2000023S15172,JO,2000-01-30 15:00:00+00:00,2000-01-30 18:00:00+00:00,3.0,stormsense_dataset/images/2000023S15172_JO/20000130T150000Z.png,GOES-10,40.0,989.0,-45.71500015258789,-152.57501220703125,0.0,1.0,organizing,weakening,40.0,990.0,0.0,1.0
2000023S15172,JO,2000-01-30 18:00:00+00:00,2000-01-30 21:00:00+00:00,3.0,stormsense_dataset/images/2000023S15172_JO/20000130T180000Z.png,GOES-10,40.0,990.0,-45.79999923706055,-152.10000610351562,0.0,1.0,weakening,organizing,37.5,990.5,-2.5,0.5
2000023S15172,JO,2000-01-30 21:00:00+00:00,2000-01-31 00:00:00+00:00,3.0,stormsense_dataset/images/2000023S15172_JO/20000130T210000Z.png,GOES-10,37.5,990.5,-45.85750198364258,-151.46749877929688,-2.5,0.5,organizing,developing,35.0,991.0,-2.5,0.5
2000023S15172,JO,2000-01-31 00:00:00+00:00,2000-01-31 03:00:00+00:00,3.0,stormsense_dataset/images/2000023S15172_JO/20000131T000000Z.png,GOES-10,35.0,991.0,-45.900001525878906,-150.70001220703125,-2.5,0.5,developing,developing,35.0,992.0,0.0,1.0
2000023S15172,JO,2000-01-31 03:00:00+00:00,2000-01-31 06:00:00+00:00,3.0,stormsense_dataset/images/2000023S15172_JO/20000131T030000Z.png,GOES-10,35.0,992.0,-45.95750045776367,-149.89501953125,0.0,1.0,developing,weakening,35.0,993.0,0.0,1.0
2000023S15172,JO,2000-01-31 06:00:00+00:00,2000-01-31 09:00:00+00:00,3.0,stormsense_dataset/images/2000023S15172_JO/20000131T060000Z.png,GOES-10,35.0,993.0,-46.0,-149.0,0.0,1.0,weakening,weakening,32.5,995.0,-2.5,2.0
2000023S15172,JO,2000-01-31 09:00:00+00:00,2000-01-31 12:00:00+00:00,3.0,stormsense_dataset/images/2000023S15172_JO/20000131T090000Z.png,GOES-10,32.5,995.0,-46.00749969482422,-148.02252197265625,-2.5,2.0,weakening,weakening,30.0,997.0,-2.5,2.0
2000023S15172,JO,2000-01-31 12:00:00+00:00,2000-01-31 15:00:00+00:00,3.0,stormsense_dataset/images/2000023S15172_JO/20000131T120000Z.png,GOES-10,30.0,997.0,-46.0,-147.0,-2.5,2.0,weakening,developing,27.5,997.5,-2.5,0.5
2000023S15172,JO,2000-01-31 15:00:00+00:00,2000-01-31 18:00:00+00:00,3.0,stormsense_dataset/images/2000023S15172_JO/20000131T150000Z.png,GOES-10,27.5,997.5,-46.02999877929688,-146.07501220703125,-2.5,0.5,developing,developing,25.0,998.0,-2.5,0.5
2000023S15172,JO,2000-01-31 18:00:00+00:00,2000-01-31 21:00:00+00:00,3.0,stormsense_dataset/images/2000023S15172_JO/20000131T180000Z.png,GOES-10,25.0,998.0,-46.0,-145.0,-2.5,0.5,developing,developing,25.0,998.5,0.0,0.5
2000023S15172,JO,2000-01-31 21:00:00+00:00,2000-02-01 00:00:00+00:00,3.0,stormsense_dataset/images/2000023S15172_JO/20000131T210000Z.png,GOES-10,25.0,998.5,-45.84499740600586,-143.42498779296875,0.0,0.5,developing,developing,25.0,999.0,0.0,0.5
2000023S15172,JO,2000-02-01 00:00:00+00:00,2000-02-01 03:00:00+00:00,3.0,stormsense_dataset/images/2000023S15172_JO/20000201T000000Z.png,GOES-10,25.0,999.0,-45.59999847412109,-142.0,0.0,0.5,developing,developing,25.0,998.5,0.0,-0.5
2000023S15172,JO,2000-02-01 03:00:00+00:00,2000-02-01 06:00:00+00:00,3.0,stormsense_dataset/images/2000023S15172_JO/20000201T030000Z.png,GOES-10,25.0,998.5,-45.307498931884766,-141.42498779296875,0.0,-0.5,developing,developing,25.0,998.0,0.0,-0.5
2000023S15172,JO,2000-02-01 06:00:00+00:00,2000-02-01 09:00:00+00:00,3.0,stormsense_dataset/images/2000023S15172_JO/20000201T060000Z.png,GOES-10,25.0,998.0,-45.0,-141.0,0.0,-0.5,developing,developing,25.0,998.5,0.0,0.5
2000023S15172,JO,2000-02-01 09:00:00+00:00,2000-02-01 12:00:00+00:00,3.0,stormsense_dataset/images/2000023S15172_JO/20000201T090000Z.png,GOES-10,25.0,998.5,-44.817501068115234,-140.052490234375,0.0,0.5,developing,developing,25.0,999.0,0.0,0.5
2000023S15172,JO,2000-02-01 12:00:00+00:00,2000-02-01 15:00:00+00:00,3.0,stormsense_dataset/images/2000023S15172_JO/20000201T120000Z.png,GOES-10,25.0,999.0,-44.5,-139.0,0.0,0.5,developing,developing,25.0,1000.0,0.0,1.0
2000023S15172,JO,2000-02-01 15:00:00+00:00,2000-02-01 18:00:00+00:00,3.0,stormsense_dataset/images/2000023S15172_JO/20000201T150000Z.png,GOES-10,25.0,1000.0,-43.67499923706055,-138.09750366210938,0.0,1.0,developing,developing,25.0,1001.0,0.0,1.0
2000023S15172,JO,2000-02-01 18:00:00+00:00,2000-02-01 21:00:00+00:00,3.0,stormsense_dataset/images/2000023S15172_JO/20000201T180000Z.png,"GOES-10,GOES-8",25.0,1001.0,-43.0,-137.29998779296875,0.0,1.0,developing,developing,25.0,1001.5,0.0,0.5
2000023S15172,JO,2000-02-01 21:00:00+00:00,2000-02-02 00:00:00+00:00,3.0,stormsense_dataset/images/2000023S15172_JO/20000201T210000Z.png,"GOES-10,GOES-8",25.0,1001.5,-43.15250015258789,-136.552490234375,0.0,0.5,developing,developing,25.0,1002.0,0.0,0.5
2000023S15172,JO,2000-02-02 00:00:00+00:00,2000-02-02 03:00:00+00:00,3.0,stormsense_dataset/images/2000023S15172_JO/20000202T000000Z.png,"GOES-10,GOES-8",25.0,1002.0,-43.5,-136.0,0.0,0.5,developing,developing,25.0,1002.5,0.0,0.5
2000023S15172,JO,2000-02-02 03:00:00+00:00,2000-02-02 06:00:00+00:00,3.0,stormsense_dataset/images/2000023S15172_JO/20000202T030000Z.png,"GOES-10,GOES-8",25.0,1002.5,-43.459999084472656,-135.74749755859375,0.0,0.5,developing,developing,25.0,1003.0,0.0,0.5
2000023S15172,JO,2000-02-02 06:00:00+00:00,2000-02-02 09:00:00+00:00,3.0,stormsense_dataset/images/2000023S15172_JO/20000202T060000Z.png,"GOES-10,GOES-8",25.0,1003.0,-43.29999923706055,-135.60003662109375,0.0,0.5,developing,developing,25.0,1003.5,0.0,0.5
2000023S15172,JO,2000-02-02 09:00:00+00:00,2000-02-02 12:00:00+00:00,3.0,stormsense_dataset/images/2000023S15172_JO/20000202T090000Z.png,GOES-10,25.0,1003.5,-43.13404846191406,-135.26812744140625,0.0,0.5,developing,developing,25.0,1004.0,0.0,0.5
2000023S15172,JO,2000-02-02 12:00:00+00:00,2000-02-02 15:00:00+00:00,3.0,stormsense_dataset/images/2000023S15172_JO/20000202T120000Z.png,"GOES-10,GOES-8",25.0,1004.0,-43.0,-135.0,0.0,0.5,developing,developing,25.0,1004.0,0.0,0.0
2000024S11100,KIRRILY,2000-01-24 06:00:00+00:00,2000-01-24 09:00:00+00:00,3.0,stormsense_dataset/images/2000024S11100_KIRRILY/20000124T060000Z.png,"GMS-5,Meteosat-5",27.0,1000.0,-11.488147735595703,100.19012451171876,,,developing,developing,25.33333206176757,1000.0,-1.666667938232429,0.0
2000024S11100,KIRRILY,2000-01-24 09:00:00+00:00,2000-01-24 12:00:00+00:00,3.0,stormsense_dataset/images/2000024S11100_KIRRILY/20000124T090000Z.png,"GMS-5,Meteosat-5",25.33333206176757,1000.0,-11.575230598449709,101.18841552734376,-1.666667938232429,0.0,developing,developing,23.66666603088379,1000.0,-1.666666030883782,0.0
2000024S11100,KIRRILY,2000-01-24 12:00:00+00:00,2000-01-24 15:00:00+00:00,3.0,stormsense_dataset/images/2000024S11100_KIRRILY/20000124T120000Z.png,"GMS-5,Meteosat-5",23.66666603088379,1000.0,-11.670000076293944,102.01544189453124,-1.666666030883782,0.0,developing,developing,22.19999885559082,1000.0,-1.4666671752929688,0.0
2000024S11100,KIRRILY,2000-01-24 15:00:00+00:00,2000-01-24 18:00:00+00:00,3.0,stormsense_dataset/images/2000024S11100_KIRRILY/20000124T150000Z.png,"GMS-5,Meteosat-5",22.19999885559082,1000.0,-11.780908584594728,102.56442260742188,-1.4666671752929688,0.0,developing,developing,20.73333168029785,1000.0,-1.4666671752929688,0.0
2000024S11100,KIRRILY,2000-01-24 18:00:00+00:00,2000-01-24 21:00:00+00:00,3.0,stormsense_dataset/images/2000024S11100_KIRRILY/20000124T180000Z.png,"GMS-5,Meteosat-5",20.73333168029785,1000.0,-11.91947078704834,102.98678588867188,-1.4666671752929688,0.0,developing,developing,20.73333168029785,1000.0,0.0,0.0
2000024S11100,KIRRILY,2000-01-24 21:00:00+00:00,2000-01-25 00:00:00+00:00,3.0,stormsense_dataset/images/2000024S11100_KIRRILY/20000124T210000Z.png,"GMS-5,Meteosat-5",20.73333168029785,1000.0,-12.093772888183594,103.45068359375,0.0,0.0,developing,developing,20.73333168029785,1000.0,0.0,0.0
2000024S11100,KIRRILY,2000-01-25 00:00:00+00:00,2000-01-25 03:00:00+00:00,3.0,stormsense_dataset/images/2000024S11100_KIRRILY/20000125T000000Z.png,"GMS-5,Meteosat-5",20.73333168029785,1000.0,-12.285679817199709,103.96798706054688,0.0,0.0,developing,developing,22.19999885559082,1000.0,1.4666671752929688,0.0
2000024S11100,KIRRILY,2000-01-25 03:00:00+00:00,2000-01-25 06:00:00+00:00,3.0,stormsense_dataset/images/2000024S11100_KIRRILY/20000125T030000Z.png,"GMS-5,Meteosat-5",22.19999885559082,1000.0,-12.479345321655272,104.63430786132812,1.4666671752929688,0.0,developing,developing,23.66666603088379,1000.0,1.4666671752929688,0.0
2000024S11100,KIRRILY,2000-01-25 06:00:00+00:00,2000-01-25 09:00:00+00:00,3.0,stormsense_dataset/images/2000024S11100_KIRRILY/20000125T060000Z.png,"GMS-5,Meteosat-5",23.66666603088379,1000.0,-12.652511596679688,105.29531860351562,1.4666671752929688,0.0,developing,developing,23.66666603088379,1000.0,0.0,0.0
2000024S11100,KIRRILY,2000-01-25 09:00:00+00:00,2000-01-25 12:00:00+00:00,3.0,stormsense_dataset/images/2000024S11100_KIRRILY/20000125T090000Z.png,"GMS-5,Meteosat-5",23.66666603088379,1000.0,-12.781618118286133,105.80389404296876,0.0,0.0,developing,developing,23.66666603088379,1000.0,0.0,0.0
2000024S11100,KIRRILY,2000-01-25 12:00:00+00:00,2000-01-25 15:00:00+00:00,3.0,stormsense_dataset/images/2000024S11100_KIRRILY/20000125T120000Z.png,"GMS-5,Meteosat-5",23.66666603088379,1000.0,-12.882057189941406,106.24105834960938,0.0,0.0,developing,developing,23.66666603088379,1000.0,0.0,0.0
2000024S11100,KIRRILY,2000-01-25 15:00:00+00:00,2000-01-25 18:00:00+00:00,3.0,stormsense_dataset/images/2000024S11100_KIRRILY/20000125T150000Z.png,"GMS-5,Meteosat-5",23.66666603088379,1000.0,-12.953238487243652,106.63153076171876,0.0,0.0,developing,developing,23.66666603088379,1000.0,0.0,0.0
2000024S11100,KIRRILY,2000-01-25 18:00:00+00:00,2000-01-25 21:00:00+00:00,3.0,stormsense_dataset/images/2000024S11100_KIRRILY/20000125T180000Z.png,"GMS-5,Meteosat-5",23.66666603088379,1000.0,-13.057777404785156,107.09210205078124,0.0,0.0,developing,developing,23.66666603088379,1000.0,0.0,0.0
2000024S11100,KIRRILY,2000-01-25 21:00:00+00:00,2000-01-26 00:00:00+00:00,3.0,stormsense_dataset/images/2000024S11100_KIRRILY/20000125T210000Z.png,"GMS-5,Meteosat-5",23.66666603088379,1000.0,-13.250670433044434,107.7646484375,0.0,0.0,developing,developing,23.66666603088379,1000.0,0.0,0.0
2000024S11100,KIRRILY,2000-01-26 00:00:00+00:00,2000-01-26 03:00:00+00:00,3.0,stormsense_dataset/images/2000024S11100_KIRRILY/20000126T000000Z.png,"GMS-5,Meteosat-5",23.66666603088379,1000.0,-13.50971221923828,108.50543212890624,0.0,0.0,developing,developing,23.66666603088379,1000.0,0.0,0.0
2000024S11100,KIRRILY,2000-01-26 03:00:00+00:00,2000-01-26 06:00:00+00:00,3.0,stormsense_dataset/images/2000024S11100_KIRRILY/20000126T030000Z.png,"GMS-5,Meteosat-5",23.66666603088379,1000.0,-13.790349960327148,109.19924926757812,0.0,0.0,developing,developing,23.66666603088379,1000.0,0.0,0.0
2000024S11100,KIRRILY,2000-01-26 06:00:00+00:00,2000-01-26 09:00:00+00:00,3.0,stormsense_dataset/images/2000024S11100_KIRRILY/20000126T060000Z.png,"GMS-5,Meteosat-5",23.66666603088379,1000.0,-14.126419067382812,109.8115234375,0.0,0.0,developing,developing,24.0,999.0,0.33333396911621094,-1.0
2000024S11100,KIRRILY,2000-01-26 09:00:00+00:00,2000-01-26 12:00:00+00:00,3.0,stormsense_dataset/images/2000024S11100_KIRRILY/20000126T090000Z.png,"GMS-5,Meteosat-5",24.0,999.0,-14.525129318237305,110.28106689453124,0.3333339691162109,-1.0,developing,developing,24.33333396911621,998.0,0.33333396911621094,-1.0
2000024S11100,KIRRILY,2000-01-26 12:00:00+00:00,2000-01-26 15:00:00+00:00,3.0,stormsense_dataset/images/2000024S11100_KIRRILY/20000126T120000Z.png,"GMS-5,Meteosat-5",24.33333396911621,998.0,-14.947901725769045,110.68124389648438,0.3333339691162109,-1.0,developing,developing,25.33333396911621,996.5,1.0,-1.5
2000024S11100,KIRRILY,2000-01-26 15:00:00+00:00,2000-01-26 18:00:00+00:00,3.0,stormsense_dataset/images/2000024S11100_KIRRILY/20000126T150000Z.png,"GMS-5,Meteosat-5",25.33333396911621,996.5,-15.344781875610352,111.11480712890624,1.0,-1.5,developing,developing,26.33333396911621,995.0,1.0,-1.5
2000024S11100,KIRRILY,2000-01-26 18:00:00+00:00,2000-01-26 21:00:00+00:00,3.0,stormsense_dataset/images/2000024S11100_KIRRILY/20000126T180000Z.png,"GMS-5,Meteosat-5",26.33333396911621,995.0,-15.725020408630373,111.5250244140625,1.0,-1.5,developing,developing,26.33333396911621,995.0,0.0,0.0
2000024S11100,KIRRILY,2000-01-26 21:00:00+00:00,2000-01-27 00:00:00+00:00,3.0,stormsense_dataset/images/2000024S11100_KIRRILY/20000126T210000Z.png,"GMS-5,Meteosat-5",26.33333396911621,995.0,-16.09438705444336,111.93112182617188,0.0,0.0,developing,developing,26.33333396911621,995.0,0.0,0.0
2000024S11100,KIRRILY,2000-01-27 00:00:00+00:00,2000-01-27 03:00:00+00:00,3.0,stormsense_dataset/images/2000024S11100_KIRRILY/20000127T000000Z.png,"GMS-5,Meteosat-5",26.33333396911621,995.0,-16.43555450439453,112.23916625976562,0.0,0.0,developing,developing,27.80000114440918,995.0,1.4666671752929688,0.0
2000024S11100,KIRRILY,2000-01-27 03:00:00+00:00,2000-01-27 06:00:00+00:00,3.0,stormsense_dataset/images/2000024S11100_KIRRILY/20000127T030000Z.png,"GMS-5,Meteosat-5",27.80000114440918,995.0,-16.741554260253906,112.40567016601562,1.4666671752929688,0.0,developing,developing,29.26666831970215,995.0,1.4666671752929688,0.0
2000024S11100,KIRRILY,2000-01-27 06:00:00+00:00,2000-01-27 09:00:00+00:00,3.0,stormsense_dataset/images/2000024S11100_KIRRILY/20000127T060000Z.png,"GMS-5,Meteosat-5",29.26666831970215,995.0,-17.024690628051758,112.42947387695312,1.4666671752929688,0.0,developing,developing,30.26666831970215,992.5,1.0,-2.5
2000024S11100,KIRRILY,2000-01-27 09:00:00+00:00,2000-01-27 12:00:00+00:00,3.0,stormsense_dataset/images/2000024S11100_KIRRILY/20000127T090000Z.png,"GMS-5,Meteosat-5",30.26666831970215,992.5,-17.315608978271484,112.37081909179688,1.0,-2.5,developing,developing,31.26666831970215,990.0,1.0,-2.5
2000024S11100,KIRRILY,2000-01-27 12:00:00+00:00,2000-01-27 15:00:00+00:00,3.0,stormsense_dataset/images/2000024S11100_KIRRILY/20000127T120000Z.png,"GMS-5,Meteosat-5",31.26666831970215,990.0,-17.58279800415039,112.19216918945312,1.0,-2.5,developing,developing,32.60000228881836,987.5,1.333333969116211,-2.5
2000024S11100,KIRRILY,2000-01-27 15:00:00+00:00,2000-01-27 18:00:00+00:00,3.0,stormsense_dataset/images/2000024S11100_KIRRILY/20000127T150000Z.png,"GMS-5,Meteosat-5",32.60000228881836,987.5,-17.820463180541992,111.93099975585938,1.333333969116211,-2.5,developing,developing,33.93333435058594,985.0,1.3333320617675781,-2.5
2000024S11100,KIRRILY,2000-01-27 18:00:00+00:00,2000-01-27 21:00:00+00:00,3.0,stormsense_dataset/images/2000024S11100_KIRRILY/20000127T180000Z.png,"GMS-5,Meteosat-5",33.93333435058594,985.0,-18.01374626159668,111.58248901367188,1.333332061767578,-2.5,developing,developing,35.400001525878906,985.0,1.4666671752929688,0.0
2000024S11100,KIRRILY,2000-01-27 21:00:00+00:00,2000-01-28 00:00:00+00:00,3.0,stormsense_dataset/images/2000024S11100_KIRRILY/20000127T210000Z.png,"GMS-5,Meteosat-5",35.400001525878906,985.0,-18.161272048950195,111.18252563476562,1.4666671752929688,0.0,developing,developing,36.86666870117188,985.0,1.4666671752929759,0.0
2000024S11100,KIRRILY,2000-01-28 00:00:00+00:00,2000-01-28 03:00:00+00:00,3.0,stormsense_dataset/images/2000024S11100_KIRRILY/20000128T000000Z.png,"GMS-5,Meteosat-5",36.86666870117188,985.0,-18.275968551635746,110.76278686523438,1.466667175292976,0.0,developing,developing,41.26667022705078,985.0,4.400001525878899,0.0
2000024S11100,KIRRILY,2000-01-28 03:00:00+00:00,2000-01-28 06:00:00+00:00,3.0,stormsense_dataset/images/2000024S11100_KIRRILY/20000128T030000Z.png,"GMS-5,Meteosat-5",41.26667022705078,985.0,-18.37489318847656,110.37591552734376,4.400001525878899,0.0,developing,organizing,45.66666793823242,985.0,4.399997711181641,0.0
2000024S11100,KIRRILY,2000-01-28 06:00:00+00:00,2000-01-28 09:00:00+00:00,3.0,stormsense_dataset/images/2000024S11100_KIRRILY/20000128T060000Z.png,"GMS-5,Meteosat-5",45.66666793823242,985.0,-18.48806571960449,110.02139282226562,4.399997711181641,0.0,organizing,organizing,47.13333511352539,985.0,1.4666671752929688,0.0
2000024S11100,KIRRILY,2000-01-28 09:00:00+00:00,2000-01-28 12:00:00+00:00,3.0,stormsense_dataset/images/2000024S11100_KIRRILY/20000128T090000Z.png,"GMS-5,Meteosat-5",47.13333511352539,985.0,-18.65199851989746,109.70816040039062,1.4666671752929688,0.0,organizing,organizing,48.60000228881836,985.0,1.4666671752929688,0.0
2000024S11100,KIRRILY,2000-01-28 12:00:00+00:00,2000-01-28 15:00:00+00:00,3.0,stormsense_dataset/images/2000024S11100_KIRRILY/20000128T120000Z.png,"GMS-5,Meteosat-5",48.60000228881836,985.0,-18.84526634216309,109.4173583984375,1.4666671752929688,0.0,organizing,organizing,51.53333282470703,985.0,2.933330535888672,0.0
2000024S11100,KIRRILY,2000-01-28 15:00:00+00:00,2000-01-28 18:00:00+00:00,3.0,stormsense_dataset/images/2000024S11100_KIRRILY/20000128T150000Z.png,"GMS-5,Meteosat-5",51.53333282470703,985.0,-19.03818702697754,109.12335205078124,2.933330535888672,0.0,organizing,organizing,54.4666633605957,985.0,2.933330535888672,0.0
2000024S11100,KIRRILY,2000-01-28 18:00:00+00:00,2000-01-28 21:00:00+00:00,3.0,stormsense_dataset/images/2000024S11100_KIRRILY/20000128T180000Z.png,"GMS-5,Meteosat-5",54.4666633605957,985.0,-19.2529239654541,108.82568359375,2.933330535888672,0.0,organizing,organizing,56.76666259765625,982.5,2.299999237060547,-2.5
2000024S11100,KIRRILY,2000-01-28 21:00:00+00:00,2000-01-29 00:00:00+00:00,3.0,stormsense_dataset/images/2000024S11100_KIRRILY/20000128T210000Z.png,"GMS-5,Meteosat-5",56.76666259765625,982.5,-19.492450714111328,108.51708984375,2.299999237060547,-2.5,organizing,organizing,59.06666564941406,980.0,2.3000030517578125,-2.5
2000024S11100,KIRRILY,2000-01-29 00:00:00+00:00,2000-01-29 03:00:00+00:00,3.0,stormsense_dataset/images/2000024S11100_KIRRILY/20000129T000000Z.png,"GMS-5,Meteosat-5",59.06666564941406,980.0,-19.755556106567383,108.19735717773438,2.3000030517578125,-2.5,organizing,mature,62.999996185302734,977.5,3.933330535888672,-2.5
2000024S11100,KIRRILY,2000-01-29 03:00:00+00:00,2000-01-29 06:00:00+00:00,3.0,stormsense_dataset/images/2000024S11100_KIRRILY/20000129T030000Z.png,"GMS-5,Meteosat-5",62.999996185302734,977.5,-20.03213691711425,107.8565673828125,3.933330535888672,-2.5,mature,mature,66.9333267211914,975.0,3.933330535888672,-2.5
2000024S11100,KIRRILY,2000-01-29 06:00:00+00:00,2000-01-29 09:00:00+00:00,3.0,stormsense_dataset/images/2000024S11100_KIRRILY/20000129T060000Z.png,"GMS-5,Meteosat-5",66.9333267211914,975.0,-20.32040977478028,107.53152465820312,3.933330535888672,-2.5,mature,mature,68.39999389648438,975.0,1.4666671752929688,0.0
2000024S11100,KIRRILY,2000-01-29 09:00:00+00:00,2000-01-29 12:00:00+00:00,3.0,stormsense_dataset/images/2000024S11100_KIRRILY/20000129T090000Z.png,"GMS-5,Meteosat-5",68.39999389648438,975.0,-20.61454391479492,107.25735473632812,1.4666671752929688,0.0,mature,mature,69.86666870117188,975.0,1.4666748046875,0.0
2000024S11100,KIRRILY,2000-01-29 12:00:00+00:00,2000-01-29 15:00:00+00:00,3.0,stormsense_dataset/images/2000024S11100_KIRRILY/20000129T120000Z.png,"GMS-5,Meteosat-5",69.86666870117188,975.0,-20.90098762512207,107.00848388671876,1.4666748046875,0.0,mature,mature,66.93333435058594,975.0,-2.9333343505859375,0.0
2000024S11100,KIRRILY,2000-01-29 15:00:00+00:00,2000-01-29 18:00:00+00:00,3.0,stormsense_dataset/images/2000024S11100_KIRRILY/20000129T150000Z.png,"GMS-5,Meteosat-5",66.93333435058594,975.0,-21.166488647460938,106.75360107421876,-2.933334350585937,0.0,mature,mature,64.0,975.0,-2.9333343505859375,0.0
2000024S11100,KIRRILY,2000-01-29 18:00:00+00:00,2000-01-29 21:00:00+00:00,3.0,stormsense_dataset/images/2000024S11100_KIRRILY/20000129T180000Z.png,"GMS-5,Meteosat-5",64.0,975.0,-21.41456794738769,106.5111083984375,-2.933334350585937,0.0,mature,organizing,62.53333282470703,975.0,-1.4666671752929688,0.0
2000024S11100,KIRRILY,2000-01-29 21:00:00+00:00,2000-01-30 00:00:00+00:00,3.0,stormsense_dataset/images/2000024S11100_KIRRILY/20000129T210000Z.png,"GMS-5,Meteosat-5",62.53333282470703,975.0,-21.63357353210449,106.278076171875,-1.4666671752929688,0.0,organizing,organizing,61.06666564941406,975.0,-1.4666671752929688,0.0
2000024S11100,KIRRILY,2000-01-30 00:00:00+00:00,2000-01-30 03:00:00+00:00,3.0,stormsense_dataset/images/2000024S11100_KIRRILY/20000130T000000Z.png,"GMS-5,Meteosat-5",61.06666564941406,975.0,-21.87901306152344,106.07052612304688,-1.4666671752929688,0.0,organizing,organizing,58.59999847412109,977.5,-2.466667175292976,2.5
2000024S11100,KIRRILY,2000-01-30 03:00:00+00:00,2000-01-30 06:00:00+00:00,3.0,stormsense_dataset/images/2000024S11100_KIRRILY/20000130T030000Z.png,"GMS-5,Meteosat-5",58.59999847412109,977.5,-22.21585464477539,105.879638671875,-2.466667175292976,2.5,organizing,organizing,56.133331298828125,980.0,-2.4666671752929616,2.5
2000024S11100,KIRRILY,2000-01-30 06:00:00+00:00,2000-01-30 09:00:00+00:00,3.0,stormsense_dataset/images/2000024S11100_KIRRILY/20000130T060000Z.png,"GMS-5,Meteosat-5",56.133331298828125,980.0,-22.56880760192871,105.74319458007812,-2.4666671752929616,2.5,organizing,organizing,56.133331298828125,980.0,0.0,0.0
2000024S11100,KIRRILY,2000-01-30 09:00:00+00:00,2000-01-30 12:00:00+00:00,3.0,stormsense_dataset/images/2000024S11100_KIRRILY/20000130T090000Z.png,"GMS-5,Meteosat-5",56.133331298828125,980.0,-22.89271354675293,105.685546875,0.0,0.0,organizing,organizing,56.133331298828125,980.0,0.0,0.0
2000024S11100,KIRRILY,2000-01-30 12:00:00+00:00,2000-01-30 15:00:00+00:00,3.0,stormsense_dataset/images/2000024S11100_KIRRILY/20000130T120000Z.png,"GMS-5,Meteosat-5",56.133331298828125,980.0,-23.14065742492676,105.66583251953124,0.0,0.0,organizing,organizing,52.36666870117188,982.5,-3.766662597656243,2.5
2000024S11100,KIRRILY,2000-01-30 15:00:00+00:00,2000-01-30 18:00:00+00:00,3.0,stormsense_dataset/images/2000024S11100_KIRRILY/20000130T150000Z.png,"GMS-5,Meteosat-5",52.36666870117188,982.5,-23.26573181152344,105.63070678710938,-3.766662597656243,2.5,organizing,organizing,48.60000228881836,985.0,-3.7666664123535227,2.5
2000024S11100,KIRRILY,2000-01-30 18:00:00+00:00,2000-01-30 21:00:00+00:00,3.0,stormsense_dataset/images/2000024S11100_KIRRILY/20000130T180000Z.png,"GMS-5,Meteosat-5",48.60000228881836,985.0,-23.32402992248535,105.59152221679688,-3.7666664123535223,2.5,organizing,organizing,44.33333587646485,987.5,-4.2666664123535085,2.5
2000024S11100,KIRRILY,2000-01-30 21:00:00+00:00,2000-01-31 00:00:00+00:00,3.0,stormsense_dataset/images/2000024S11100_KIRRILY/20000130T210000Z.png,"GMS-5,Meteosat-5",44.33333587646485,987.5,-23.39995002746582,105.5450439453125,-4.2666664123535085,2.5,organizing,developing,40.06666564941406,990.0,-4.266670227050788,2.5
2000024S11100,KIRRILY,2000-01-31 00:00:00+00:00,2000-01-31 03:00:00+00:00,3.0,stormsense_dataset/images/2000024S11100_KIRRILY/20000131T000000Z.png,"GMS-5,Meteosat-5",40.06666564941406,990.0,-23.450698852539062,105.48709106445312,-4.266670227050788,2.5,developing,developing,37.133331298828125,990.0,-2.9333343505859375,0.0
2000024S11100,KIRRILY,2000-01-31 03:00:00+00:00,2000-01-31 06:00:00+00:00,3.0,stormsense_dataset/images/2000024S11100_KIRRILY/20000131T030000Z.png,"GMS-5,Meteosat-5",37.133331298828125,990.0,-23.488256454467773,105.41094970703124,-2.933334350585937,0.0,developing,developing,34.20000076293945,990.0,-2.933330535888672,0.0
2000024S11100,KIRRILY,2000-01-31 06:00:00+00:00,2000-01-31 09:00:00+00:00,3.0,stormsense_dataset/images/2000024S11100_KIRRILY/20000131T060000Z.png,"GMS-5,Meteosat-5",34.20000076293945,990.0,-23.46625518798828,105.33615112304688,-2.933330535888672,0.0,developing,developing,33.20000076293945,992.5,-1.0,2.5
2000024S11100,KIRRILY,2000-01-31 09:00:00+00:00,2000-01-31 12:00:00+00:00,3.0,stormsense_dataset/images/2000024S11100_KIRRILY/20000131T090000Z.png,"GMS-5,Meteosat-5",33.20000076293945,992.5,-23.35260963439941,105.29519653320312,-1.0,2.5,developing,developing,32.20000076293945,995.0,-1.0,2.5
2000024S11100,KIRRILY,2000-01-31 12:00:00+00:00,2000-01-31 15:00:00+00:00,3.0,stormsense_dataset/images/2000024S11100_KIRRILY/20000131T120000Z.png,"GMS-5,Meteosat-5",32.20000076293945,995.0,-23.195863723754883,105.24075317382812,-1.0,2.5,developing,developing,30.86666679382324,997.5,-1.3333339691162145,2.5
2000024S11100,KIRRILY,2000-01-31 15:00:00+00:00,2000-01-31 18:00:00+00:00,3.0,stormsense_dataset/images/2000024S11100_KIRRILY/20000131T150000Z.png,"GMS-5,Meteosat-5",30.86666679382324,997.5,-23.0612850189209,105.13330078125,-1.3333339691162145,2.5,developing,developing,29.53333282470703,1000.0,-1.3333339691162074,2.5
2000024S11100,KIRRILY,2000-01-31 18:00:00+00:00,2000-01-31 21:00:00+00:00,3.0,stormsense_dataset/images/2000024S11100_KIRRILY/20000131T180000Z.png,"GMS-5,Meteosat-5",29.53333282470703,1000.0,-22.9240779876709,104.99978637695312,-1.3333339691162074,2.5,developing,developing,28.066665649414062,1000.0,-1.4666671752929688,0.0
2000024S11100,KIRRILY,2000-01-31 21:00:00+00:00,2000-02-01 00:00:00+00:00,3.0,stormsense_dataset/images/2000024S11100_KIRRILY/20000131T210000Z.png,"GMS-5,Meteosat-5",28.066665649414062,1000.0,-22.77166557312012,104.87649536132812,-1.4666671752929688,0.0,developing,developing,26.600000381469727,1000.0,-1.466665267944336,0.0
2000024S11100,KIRRILY,2000-02-01 00:00:00+00:00,2000-02-01 03:00:00+00:00,3.0,stormsense_dataset/images/2000024S11100_KIRRILY/20000201T000000Z.png,"GMS-5,Meteosat-5",26.600000381469727,1000.0,-22.636154174804688,104.73092651367188,-1.466665267944336,0.0,developing,developing,26.600000381469727,1000.0,0.0,0.0
2000024S11100,KIRRILY,2000-02-01 03:00:00+00:00,2000-02-01 06:00:00+00:00,3.0,stormsense_dataset/images/2000024S11100_KIRRILY/20000201T030000Z.png,"GMS-5,Meteosat-5",26.600000381469727,1000.0,-22.547712326049805,104.5406494140625,0.0,0.0,developing,developing,26.600000381469727,1000.0,0.0,0.0
2000024S11100,KIRRILY,2000-02-01 06:00:00+00:00,2000-02-01 09:00:00+00:00,3.0,stormsense_dataset/images/2000024S11100_KIRRILY/20000201T060000Z.png,"GMS-5,Meteosat-5",26.600000381469727,1000.0,-22.477039337158203,104.3416748046875,0.0,0.0,developing,developing,26.600000381469727,1000.0,0.0,0.0
2000024S11100,KIRRILY,2000-02-01 09:00:00+00:00,2000-02-01 12:00:00+00:00,3.0,stormsense_dataset/images/2000024S11100_KIRRILY/20000201T090000Z.png,"GMS-5,Meteosat-5",26.600000381469727,1000.0,-22.38306427001953,104.16326904296876,0.0,0.0,developing,developing,26.600000381469727,1000.0,0.0,0.0
2000024S11100,KIRRILY,2000-02-01 12:00:00+00:00,2000-02-01 15:00:00+00:00,3.0,stormsense_dataset/images/2000024S11100_KIRRILY/20000201T120000Z.png,"GMS-5,Meteosat-5",26.600000381469727,1000.0,-22.30756568908692,104.014892578125,0.0,0.0,developing,developing,25.13333320617676,1000.0,-1.4666671752929652,0.0
2000024S11100,KIRRILY,2000-02-01 15:00:00+00:00,2000-02-01 18:00:00+00:00,3.0,stormsense_dataset/images/2000024S11100_KIRRILY/20000201T150000Z.png,"GMS-5,Meteosat-5",25.13333320617676,1000.0,-22.242578506469727,103.82110595703124,-1.4666671752929652,0.0,developing,developing,23.66666603088379,1000.0,-1.4666671752929723,0.0
2000024S11100,KIRRILY,2000-02-01 18:00:00+00:00,2000-02-01 21:00:00+00:00,3.0,stormsense_dataset/images/2000024S11100_KIRRILY/20000201T180000Z.png,"GMS-5,Meteosat-5",23.66666603088379,1000.0,-22.271635055541992,103.82611083984376,-1.4666671752929723,0.0,developing,developing,25.33333206176757,1000.0,1.666666030883782,0.0
2000025S15056,CONNIE,2000-01-25 00:00:00+00:00,2000-01-25 03:00:00+00:00,3.0,stormsense_dataset/images/2000025S15056_CONNIE/20000125T000000Z.png,"Meteosat-5,Meteosat-7",18.39999961853028,1003.0,-15.233333587646484,56.16667175292969,,,developing,developing,20.700000762939453,1001.5,2.3000011444091726,-1.5
2000025S15056,CONNIE,2000-01-25 03:00:00+00:00,2000-01-25 06:00:00+00:00,3.0,stormsense_dataset/images/2000025S15056_CONNIE/20000125T030000Z.png,"Meteosat-5,Meteosat-7",20.700000762939453,1001.5,-15.20916748046875,56.038330078125,2.3000011444091726,-1.5,developing,developing,23.0,1000.0,2.299999237060547,-1.5
2000025S15056,CONNIE,2000-01-25 06:00:00+00:00,2000-01-25 09:00:00+00:00,3.0,stormsense_dataset/images/2000025S15056_CONNIE/20000125T060000Z.png,"Meteosat-5,Meteosat-7",23.0,1000.0,-15.166666984558104,55.899993896484375,2.299999237060547,-1.5,developing,developing,23.83333206176757,998.5,0.833332061767571,-1.5
2000025S15056,CONNIE,2000-01-25 09:00:00+00:00,2000-01-25 12:00:00+00:00,3.0,stormsense_dataset/images/2000025S15056_CONNIE/20000125T090000Z.png,"Meteosat-5,Meteosat-7",23.83333206176757,998.5,-15.09333324432373,55.75166320800781,0.833332061767571,-1.5,developing,developing,24.66666603088379,997.0,0.833333969116218,-1.5
2000025S15056,CONNIE,2000-01-25 12:00:00+00:00,2000-01-25 15:00:00+00:00,3.0,stormsense_dataset/images/2000025S15056_CONNIE/20000125T120000Z.png,"Meteosat-5,Meteosat-7",24.66666603088379,997.0,-15.0,55.633331298828125,0.833333969116218,-1.5,developing,developing,28.433334350585938,995.0,3.7666683197021484,-2.0
2000025S15056,CONNIE,2000-01-25 15:00:00+00:00,2000-01-25 18:00:00+00:00,3.0,stormsense_dataset/images/2000025S15056_CONNIE/20000125T150000Z.png,"Meteosat-5,Meteosat-7",28.433334350585938,995.0,-14.899999618530272,55.584991455078125,3.766668319702149,-2.0,developing,developing,32.20000076293945,993.0,3.7666664123535156,-2.0
2000025S15056,CONNIE,2000-01-25 18:00:00+00:00,2000-01-25 21:00:00+00:00,3.0,stormsense_dataset/images/2000025S15056_CONNIE/20000125T180000Z.png,"Meteosat-5,Meteosat-7",32.20000076293945,993.0,-14.800000190734863,55.56666564941406,3.766666412353516,-2.0,developing,developing,33.03333282470703,991.5,0.8333320617675781,-1.5
2000025S15056,CONNIE,2000-01-25 21:00:00+00:00,2000-01-26 00:00:00+00:00,3.0,stormsense_dataset/images/2000025S15056_CONNIE/20000125T210000Z.png,"Meteosat-5,Meteosat-7",33.03333282470703,991.5,-14.70916748046875,55.52583312988281,0.8333320617675781,-1.5,developing,developing,33.866668701171875,990.0,0.8333358764648438,-1.5
2000025S15056,CONNIE,2000-01-26 00:00:00+00:00,2000-01-26 03:00:00+00:00,3.0,stormsense_dataset/images/2000025S15056_CONNIE/20000126T000000Z.png,"Meteosat-5,Meteosat-7",33.866668701171875,990.0,-14.633334159851074,55.5,0.8333358764648438,-1.5,developing,developing,34.366668701171875,989.0,0.5,-1.0
2000025S15056,CONNIE,2000-01-26 03:00:00+00:00,2000-01-26 06:00:00+00:00,3.0,stormsense_dataset/images/2000025S15056_CONNIE/20000126T030000Z.png,"Meteosat-5,Meteosat-7",34.366668701171875,989.0,-14.580833435058594,55.50166320800781,0.5,-1.0,developing,developing,34.866668701171875,988.0,0.5,-1.0
2000025S15056,CONNIE,2000-01-26 06:00:00+00:00,2000-01-26 09:00:00+00:00,3.0,stormsense_dataset/images/2000025S15056_CONNIE/20000126T060000Z.png,"Meteosat-5,Meteosat-7",34.866668701171875,988.0,-14.533332824707031,55.53334045410156,0.5,-1.0,developing,developing,37.80000305175781,988.0,2.9333343505859375,0.0
2000025S15056,CONNIE,2000-01-26 09:00:00+00:00,2000-01-26 12:00:00+00:00,3.0,stormsense_dataset/images/2000025S15056_CONNIE/20000126T090000Z.png,"Meteosat-5,Meteosat-7",37.80000305175781,988.0,-14.461665153503418,55.58999633789063,2.933334350585937,0.0,developing,developing,40.73333358764648,988.0,2.9333305358886648,0.0
2000025S15056,CONNIE,2000-01-26 12:00:00+00:00,2000-01-26 15:00:00+00:00,3.0,stormsense_dataset/images/2000025S15056_CONNIE/20000126T120000Z.png,"Meteosat-5,Meteosat-7",40.73333358764648,988.0,-14.399998664855955,55.66667175292969,2.9333305358886648,0.0,developing,developing,44.83333587646485,985.5,4.100002288818374,-2.5
2000025S15056,CONNIE,2000-01-26 15:00:00+00:00,2000-01-26 18:00:00+00:00,3.0,stormsense_dataset/images/2000025S15056_CONNIE/20000126T150000Z.png,"Meteosat-5,Meteosat-7",44.83333587646485,985.5,-14.348332405090332,55.73750305175781,4.100002288818374,-2.5,developing,developing,48.93333435058594,983.0,4.099998474121087,-2.5
2000025S15056,CONNIE,2000-01-26 18:00:00+00:00,2000-01-26 21:00:00+00:00,3.0,stormsense_dataset/images/2000025S15056_CONNIE/20000126T180000Z.png,"Meteosat-5,Meteosat-7",48.93333435058594,983.0,-14.366665840148926,55.83332824707031,4.099998474121087,-2.5,developing,developing,52.06666564941406,979.0,3.133331298828125,-4.0
2000025S15056,CONNIE,2000-01-26 21:00:00+00:00,2000-01-27 00:00:00+00:00,3.0,stormsense_dataset/images/2000025S15056_CONNIE/20000126T210000Z.png,"Meteosat-5,Meteosat-7",52.06666564941406,979.0,-14.498332977294922,55.975830078125,3.133331298828125,-4.0,developing,developing,55.20000076293945,975.0,3.1333351135253906,-4.0
2000025S15056,CONNIE,2000-01-27 00:00:00+00:00,2000-01-27 03:00:00+00:00,3.0,stormsense_dataset/images/2000025S15056_CONNIE/20000127T000000Z.png,"Meteosat-5,Meteosat-7",55.20000076293945,975.0,-14.699999809265137,56.133331298828125,3.13333511352539,-4.0,developing,developing,58.33333206176758,970.0,3.133331298828125,-5.0
2000025S15056,CONNIE,2000-01-27 03:00:00+00:00,2000-01-27 06:00:00+00:00,3.0,stormsense_dataset/images/2000025S15056_CONNIE/20000127T030000Z.png,"Meteosat-5,Meteosat-7",58.33333206176758,970.0,-14.909167289733888,56.274169921875,3.133331298828125,-5.0,developing,organizing,61.4666633605957,965.0,3.133331298828125,-5.0
2000025S15056,CONNIE,2000-01-27 06:00:00+00:00,2000-01-27 09:00:00+00:00,3.0,stormsense_dataset/images/2000025S15056_CONNIE/20000127T060000Z.png,"Meteosat-5,Meteosat-7",61.4666633605957,965.0,-15.133334159851074,56.40000915527344,3.133331298828125,-5.0,organizing,organizing,69.0,960.0,7.533336639404297,-5.0
2000025S15056,CONNIE,2000-01-27 09:00:00+00:00,2000-01-27 12:00:00+00:00,3.0,stormsense_dataset/images/2000025S15056_CONNIE/20000127T090000Z.png,"Meteosat-5,Meteosat-7",69.0,960.0,-15.355000495910645,56.5050048828125,7.533336639404297,-5.0,organizing,organizing,76.53333282470703,955.0,7.533332824707031,-5.0
2000025S15056,CONNIE,2000-01-27 12:00:00+00:00,2000-01-27 15:00:00+00:00,3.0,stormsense_dataset/images/2000025S15056_CONNIE/20000127T120000Z.png,"Meteosat-5,Meteosat-7",76.53333282470703,955.0,-15.56666660308838,56.59999084472656,7.533332824707031,-5.0,organizing,organizing,87.0,947.5,10.466667175292969,-7.5
2000025S15056,CONNIE,2000-01-27 15:00:00+00:00,2000-01-27 18:00:00+00:00,3.0,stormsense_dataset/images/2000025S15056_CONNIE/20000127T150000Z.png,"Meteosat-5,Meteosat-7",87.0,947.5,-15.7524995803833,56.69999694824219,10.466667175292969,-7.5,organizing,mature,97.46666717529295,940.0,10.466667175292955,-7.5
2000025S15056,CONNIE,2000-01-27 18:00:00+00:00,2000-01-27 21:00:00+00:00,3.0,stormsense_dataset/images/2000025S15056_CONNIE/20000127T180000Z.png,"Meteosat-5,Meteosat-7",97.46666717529295,940.0,-15.93333339691162,56.80000305175781,10.466667175292956,-7.5,mature,mature,98.93333435058594,940.0,1.466667175292983,0.0
2000025S15056,CONNIE,2000-01-27 21:00:00+00:00,2000-01-28 00:00:00+00:00,3.0,stormsense_dataset/images/2000025S15056_CONNIE/20000127T210000Z.png,"Meteosat-5,Meteosat-7",98.93333435058594,940.0,-16.133333206176758,56.912506103515625,1.466667175292983,0.0,mature,mature,100.4000015258789,940.0,1.4666671752929688,0.0
2000025S15056,CONNIE,2000-01-28 00:00:00+00:00,2000-01-28 03:00:00+00:00,3.0,stormsense_dataset/images/2000025S15056_CONNIE/20000128T000000Z.png,"Meteosat-5,Meteosat-7",100.4000015258789,940.0,-16.333332061767578,57.0,1.4666671752929688,0.0,mature,mature,98.3000030517578,937.5,-2.099998474121108,-2.5
2000025S15056,CONNIE,2000-01-28 03:00:00+00:00,2000-01-28 06:00:00+00:00,3.0,stormsense_dataset/images/2000025S15056_CONNIE/20000128T030000Z.png,"Meteosat-5,Meteosat-7",98.3000030517578,937.5,-16.516666412353516,57.03416442871094,-2.099998474121108,-2.5,mature,mature,96.20000457763672,935.0,-2.0999984741210795,-2.5
2000025S15056,CONNIE,2000-01-28 06:00:00+00:00,2000-01-28 09:00:00+00:00,3.0,stormsense_dataset/images/2000025S15056_CONNIE/20000128T060000Z.png,"Meteosat-5,Meteosat-7",96.20000457763672,935.0,-16.700000762939453,57.03334045410156,-2.0999984741210795,-2.5,mature,mature,97.03334045410156,932.5,0.8333358764648438,-2.5
2000025S15056,CONNIE,2000-01-28 09:00:00+00:00,2000-01-28 12:00:00+00:00,3.0,stormsense_dataset/images/2000025S15056_CONNIE/20000128T090000Z.png,"Meteosat-5,Meteosat-7",97.03334045410156,932.5,-16.887500762939453,57.049163818359375,0.8333358764648438,-2.5,mature,mature,97.86666870117188,930.0,0.8333282470703125,-2.5
2000025S15056,CONNIE,2000-01-28 12:00:00+00:00,2000-01-28 15:00:00+00:00,3.0,stormsense_dataset/images/2000025S15056_CONNIE/20000128T120000Z.png,"Meteosat-5,Meteosat-7",97.86666870117188,930.0,-17.100000381469727,57.0,0.8333282470703125,-2.5,mature,mature,96.39999389648438,930.0,-1.4666748046875,0.0
2000025S15056,CONNIE,2000-01-28 15:00:00+00:00,2000-01-28 18:00:00+00:00,3.0,stormsense_dataset/images/2000025S15056_CONNIE/20000128T150000Z.png,"Meteosat-5,Meteosat-7",96.39999389648438,930.0,-17.36166763305664,56.83248901367188,-1.4666748046875,0.0,mature,mature,94.9333267211914,930.0,-1.4666671752929688,0.0
2000025S15056,CONNIE,2000-01-28 18:00:00+00:00,2000-01-28 21:00:00+00:00,3.0,stormsense_dataset/images/2000025S15056_CONNIE/20000128T180000Z.png,"Meteosat-5,Meteosat-7",94.9333267211914,930.0,-17.633333206176758,56.59999084472656,-1.4666671752929688,0.0,mature,mature,92.0,930.0,-2.9333267211914062,0.0
2000025S15056,CONNIE,2000-01-28 21:00:00+00:00,2000-01-29 00:00:00+00:00,3.0,stormsense_dataset/images/2000025S15056_CONNIE/20000128T210000Z.png,"Meteosat-5,Meteosat-7",92.0,930.0,-17.84166717529297,56.39666748046875,-2.9333267211914062,0.0,mature,organizing,89.0666732788086,930.0,-2.9333267211914062,0.0
2000025S15056,CONNIE,2000-01-29 00:00:00+00:00,2000-01-29 03:00:00+00:00,3.0,stormsense_dataset/images/2000025S15056_CONNIE/20000129T000000Z.png,"Meteosat-5,Meteosat-7",89.0666732788086,930.0,-18.100000381469727,56.133331298828125,-2.9333267211914062,0.0,organizing,organizing,86.76667022705078,932.5,-2.3000030517578125,2.5
2000025S15056,CONNIE,2000-01-29 03:00:00+00:00,2000-01-29 06:00:00+00:00,3.0,stormsense_dataset/images/2000025S15056_CONNIE/20000129T030000Z.png,"Meteosat-5,Meteosat-7",86.76667022705078,932.5,-18.49833297729492,55.750823974609375,-2.3000030517578125,2.5,organizing,organizing,84.46666717529297,935.0,-2.3000030517578125,2.5
2000025S15056,CONNIE,2000-01-29 06:00:00+00:00,2000-01-29 09:00:00+00:00,3.0,stormsense_dataset/images/2000025S15056_CONNIE/20000129T060000Z.png,"Meteosat-5,Meteosat-7",84.46666717529297,935.0,-18.96666717529297,55.33332824707031,-2.3000030517578125,2.5,organizing,organizing,79.86666870117188,942.5,-4.599998474121094,7.5
2000025S15056,CONNIE,2000-01-29 09:00:00+00:00,2000-01-29 12:00:00+00:00,3.0,stormsense_dataset/images/2000025S15056_CONNIE/20000129T090000Z.png,"Meteosat-5,Meteosat-7",79.86666870117188,942.5,-19.4233341217041,54.99082946777344,-4.599998474121094,7.5,organizing,organizing,75.26666259765625,950.0,-4.600006103515625,7.5
2000025S15056,CONNIE,2000-01-29 12:00:00+00:00,2000-01-29 15:00:00+00:00,3.0,stormsense_dataset/images/2000025S15056_CONNIE/20000129T120000Z.png,"Meteosat-5,Meteosat-7",75.26666259765625,950.0,-19.89999961853028,54.633331298828125,-4.600006103515625,7.5,organizing,organizing,73.59999084472656,955.0,-1.6666717529296875,5.0
2000025S15056,CONNIE,2000-01-29 15:00:00+00:00,2000-01-29 18:00:00+00:00,3.0,stormsense_dataset/images/2000025S15056_CONNIE/20000129T150000Z.png,"Meteosat-5,Meteosat-7",73.59999084472656,955.0,-20.38749885559082,54.195831298828125,-1.6666717529296875,5.0,organizing,organizing,71.9333267211914,960.0,-1.6666641235351562,5.0
2000025S15056,CONNIE,2000-01-29 18:00:00+00:00,2000-01-29 21:00:00+00:00,3.0,stormsense_dataset/images/2000025S15056_CONNIE/20000129T180000Z.png,"Meteosat-5,Meteosat-7",71.9333267211914,960.0,-20.89999961853028,53.73333740234375,-1.6666641235351562,5.0,organizing,organizing,68.16666412353516,962.5,-3.76666259765625,2.5
2000025S15056,CONNIE,2000-01-29 21:00:00+00:00,2000-01-30 00:00:00+00:00,3.0,stormsense_dataset/images/2000025S15056_CONNIE/20000129T210000Z.png,"Meteosat-5,Meteosat-7",68.16666412353516,962.5,-21.4375,53.3175048828125,-3.76666259765625,2.5,organizing,organizing,64.4000015258789,965.0,-3.76666259765625,2.5
2000025S15056,CONNIE,2000-01-30 00:00:00+00:00,2000-01-30 03:00:00+00:00,3.0,stormsense_dataset/images/2000025S15056_CONNIE/20000130T000000Z.png,"Meteosat-5,Meteosat-7",64.4000015258789,965.0,-22.0,52.86666870117188,-3.76666259765625,2.5,organizing,organizing,62.93333435058594,966.5,-1.4666671752929688,1.5
2000025S15056,CONNIE,2000-01-30 03:00:00+00:00,2000-01-30 06:00:00+00:00,3.0,stormsense_dataset/images/2000025S15056_CONNIE/20000130T030000Z.png,"Meteosat-5,Meteosat-7",62.93333435058594,966.5,-22.57333374023437,52.3074951171875,-1.4666671752929688,1.5,organizing,organizing,61.4666633605957,968.0,-1.4666709899902344,1.5
2000025S15056,CONNIE,2000-01-30 06:00:00+00:00,2000-01-30 09:00:00+00:00,3.0,stormsense_dataset/images/2000025S15056_CONNIE/20000130T060000Z.png,"Meteosat-5,Meteosat-7",61.4666633605957,968.0,-23.16666603088379,51.73333740234375,-1.4666709899902344,1.5,organizing,developing,59.79999542236328,970.5,-1.6666679382324219,2.5
2000025S15056,CONNIE,2000-01-30 09:00:00+00:00,2000-01-30 12:00:00+00:00,3.0,stormsense_dataset/images/2000025S15056_CONNIE/20000130T090000Z.png,"Meteosat-5,Meteosat-7",59.79999542236328,970.5,-23.80083274841309,51.20750427246094,-1.666667938232422,2.5,developing,developing,58.133331298828125,973.0,-1.6666641235351562,2.5
2000025S15056,CONNIE,2000-01-30 12:00:00+00:00,2000-01-30 15:00:00+00:00,3.0,stormsense_dataset/images/2000025S15056_CONNIE/20000130T120000Z.png,"Meteosat-5,Meteosat-7",58.133331298828125,973.0,-24.39999961853028,50.76666259765625,-1.6666641235351562,2.5,developing,developing,58.133331298828125,974.0,0.0,1.0
2000025S15056,CONNIE,2000-01-30 15:00:00+00:00,2000-01-30 18:00:00+00:00,3.0,stormsense_dataset/images/2000025S15056_CONNIE/20000130T150000Z.png,"Meteosat-5,Meteosat-7",58.133331298828125,974.0,-24.884166717529297,50.41082763671875,0.0,1.0,developing,developing,58.133331298828125,975.0,0.0,1.0
2000025S15056,CONNIE,2000-01-30 18:00:00+00:00,2000-01-30 21:00:00+00:00,3.0,stormsense_dataset/images/2000025S15056_CONNIE/20000130T180000Z.png,"Meteosat-5,Meteosat-7",58.133331298828125,975.0,-25.33333396911621,50.19999694824219,0.0,1.0,developing,developing,58.133331298828125,975.0,0.0,0.0
2000025S15056,CONNIE,2000-01-30 21:00:00+00:00,2000-01-31 00:00:00+00:00,3.0,stormsense_dataset/images/2000025S15056_CONNIE/20000130T210000Z.png,"Meteosat-5,Meteosat-7",58.133331298828125,975.0,-25.808334350585938,50.14250183105469,0.0,0.0,developing,developing,58.133331298828125,975.0,0.0,0.0
2000025S15056,CONNIE,2000-01-31 00:00:00+00:00,2000-01-31 03:00:00+00:00,3.0,stormsense_dataset/images/2000025S15056_CONNIE/20000131T000000Z.png,"Meteosat-5,Meteosat-7",58.133331298828125,975.0,-26.33333396911621,50.19999694824219,0.0,0.0,developing,developing,54.36666870117188,977.5,-3.766662597656243,2.5
2000025S15056,CONNIE,2000-01-31 03:00:00+00:00,2000-01-31 06:00:00+00:00,3.0,stormsense_dataset/images/2000025S15056_CONNIE/20000131T030000Z.png,"Meteosat-5,Meteosat-7",54.36666870117188,977.5,-26.95166778564453,50.26499938964844,-3.766662597656243,2.5,developing,developing,50.60000228881836,980.0,-3.7666664123535227,2.5
2000025S15056,CONNIE,2000-01-31 06:00:00+00:00,2000-01-31 09:00:00+00:00,3.0,stormsense_dataset/images/2000025S15056_CONNIE/20000131T060000Z.png,"Meteosat-5,Meteosat-7",50.60000228881836,980.0,-27.600000381469727,50.40000915527344,-3.7666664123535223,2.5,developing,developing,50.60000228881836,980.0,0.0,0.0
2000025S15056,CONNIE,2000-01-31 09:00:00+00:00,2000-01-31 12:00:00+00:00,3.0,stormsense_dataset/images/2000025S15056_CONNIE/20000131T090000Z.png,"Meteosat-5,Meteosat-7",50.60000228881836,980.0,-28.229999542236328,50.6158447265625,0.0,0.0,developing,developing,50.60000228881836,980.0,0.0,0.0
2000025S15056,CONNIE,2000-01-31 12:00:00+00:00,2000-01-31 15:00:00+00:00,3.0,stormsense_dataset/images/2000025S15056_CONNIE/20000131T120000Z.png,"Meteosat-5,Meteosat-7",50.60000228881836,980.0,-28.79999732971192,50.86666870117188,0.0,0.0,developing,developing,52.70000076293945,981.5,2.0999984741210938,1.5
2000025S15056,CONNIE,2000-01-31 15:00:00+00:00,2000-01-31 18:00:00+00:00,3.0,stormsense_dataset/images/2000025S15056_CONNIE/20000131T150000Z.png,"Meteosat-5,Meteosat-7",52.70000076293945,981.5,-29.263330459594727,51.07833862304688,2.0999984741210938,1.5,developing,developing,54.79999923706055,983.0,2.0999984741210938,1.5
2000025S15056,CONNIE,2000-01-31 18:00:00+00:00,2000-01-31 21:00:00+00:00,3.0,stormsense_dataset/images/2000025S15056_CONNIE/20000131T180000Z.png,"Meteosat-5,Meteosat-7",54.79999923706055,983.0,-29.66666603088379,51.30000305175781,2.0999984741210938,1.5,developing,developing,53.33333587646485,984.0,-1.466663360595696,1.0
2000025S15056,CONNIE,2000-01-31 21:00:00+00:00,2000-02-01 00:00:00+00:00,3.0,stormsense_dataset/images/2000025S15056_CONNIE/20000131T210000Z.png,"Meteosat-5,Meteosat-7",53.33333587646485,984.0,-30.07916641235352,51.56416320800781,-1.466663360595696,1.0,developing,weakening,51.86666870117188,985.0,-1.4666671752929688,1.0
2000025S15056,CONNIE,2000-02-01 00:00:00+00:00,2000-02-01 03:00:00+00:00,3.0,stormsense_dataset/images/2000025S15056_CONNIE/20000201T000000Z.png,"Meteosat-5,Meteosat-7",51.86666870117188,985.0,-30.46666717529297,51.83332824707031,-1.4666671752929688,1.0,weakening,developing,46.633331298828125,986.5,-5.233337402343757,1.5
2000025S15056,CONNIE,2000-02-01 03:00:00+00:00,2000-02-01 06:00:00+00:00,3.0,stormsense_dataset/images/2000025S15056_CONNIE/20000201T030000Z.png,"Meteosat-5,Meteosat-7",46.633331298828125,986.5,-30.84166717529297,52.07415771484375,-5.233337402343757,1.5,developing,developing,41.39999771118164,988.0,-5.233333587646484,1.5
2000025S15056,CONNIE,2000-02-01 06:00:00+00:00,2000-02-01 09:00:00+00:00,3.0,stormsense_dataset/images/2000025S15056_CONNIE/20000201T060000Z.png,"Meteosat-5,Meteosat-7",41.39999771118164,988.0,-31.16666603088379,52.30000305175781,-5.233333587646484,1.5,developing,developing,38.46666717529297,988.0,-2.933330535888672,0.0
2000025S15056,CONNIE,2000-02-01 09:00:00+00:00,2000-02-01 12:00:00+00:00,3.0,stormsense_dataset/images/2000025S15056_CONNIE/20000201T090000Z.png,"Meteosat-5,Meteosat-7",38.46666717529297,988.0,-31.417499542236328,52.51165771484375,-2.933330535888672,0.0,developing,developing,35.5333366394043,988.0,-2.933330535888672,0.0
2000025S15056,CONNIE,2000-02-01 12:00:00+00:00,2000-02-01 15:00:00+00:00,3.0,stormsense_dataset/images/2000025S15056_CONNIE/20000201T120000Z.png,"Meteosat-5,Meteosat-7",35.5333366394043,988.0,-31.63333320617676,52.73333740234375,-2.933330535888672,0.0,developing,developing,34.70000457763672,989.0,-0.8333320617675781,1.0
2000025S15056,CONNIE,2000-02-01 15:00:00+00:00,2000-02-01 18:00:00+00:00,3.0,stormsense_dataset/images/2000025S15056_CONNIE/20000201T150000Z.png,"Meteosat-5,Meteosat-7",34.70000457763672,989.0,-31.859167098999023,52.99000549316406,-0.8333320617675781,1.0,developing,developing,33.866668701171875,990.0,-0.8333358764648438,1.0
2000025S15056,CONNIE,2000-02-01 18:00:00+00:00,2000-02-01 21:00:00+00:00,3.0,stormsense_dataset/images/2000025S15056_CONNIE/20000201T180000Z.png,"Meteosat-5,Meteosat-7",33.866668701171875,990.0,-32.10000228881836,53.26666259765625,-0.8333358764648438,1.0,developing,developing,30.933334350585938,990.0,-2.9333343505859375,0.0
2000025S15056,CONNIE,2000-02-01 21:00:00+00:00,2000-02-02 00:00:00+00:00,3.0,stormsense_dataset/images/2000025S15056_CONNIE/20000201T210000Z.png,"Meteosat-5,Meteosat-7",30.933334350585938,990.0,-32.37333679199219,53.537506103515625,-2.933334350585937,0.0,developing,developing,28.0,990.0,-2.9333343505859375,0.0
2000025S15056,CONNIE,2000-02-02 00:00:00+00:00,2000-02-02 03:00:00+00:00,3.0,stormsense_dataset/images/2000025S15056_CONNIE/20000202T000000Z.png,"Meteosat-5,Meteosat-7",28.0,990.0,-32.66666793823242,53.83332824707031,-2.933334350585937,0.0,developing,developing,28.0,991.0,0.0,1.0
2000025S15056,CONNIE,2000-02-02 03:00:00+00:00,2000-02-02 06:00:00+00:00,3.0,stormsense_dataset/images/2000025S15056_CONNIE/20000202T030000Z.png,"Meteosat-5,Meteosat-7",28.0,991.0,-32.93916702270508,54.12583923339844,0.0,1.0,developing,developing,28.0,992.0,0.0,1.0
2000025S15056,CONNIE,2000-02-02 06:00:00+00:00,2000-02-02 09:00:00+00:00,3.0,stormsense_dataset/images/2000025S15056_CONNIE/20000202T060000Z.png,"Meteosat-5,Meteosat-7",28.0,992.0,-33.26666641235352,54.53334045410156,0.0,1.0,developing,developing,27.166667938232425,993.5,-0.8333320617675746,1.5
2000031S11074,DAMIENNE,2000-01-30 18:00:00+00:00,2000-01-30 21:00:00+00:00,3.0,stormsense_dataset/images/2000031S11074_DAMIENNE/20000130T180000Z.png,"GMS-5,Meteosat-5",20.066665649414062,1003.0,-10.866665840148926,73.66665649414062,,,developing,developing,20.066665649414062,1002.5,0.0,-0.5
2000031S11074,DAMIENNE,2000-01-30 21:00:00+00:00,2000-01-31 00:00:00+00:00,3.0,stormsense_dataset/images/2000031S11074_DAMIENNE/20000130T210000Z.png,"GMS-5,Meteosat-5",20.066665649414062,1002.5,-11.0649995803833,73.96249389648438,0.0,-0.5,developing,developing,20.066665649414062,1002.0,0.0,-0.5
2000031S11074,DAMIENNE,2000-01-31 00:00:00+00:00,2000-01-31 03:00:00+00:00,3.0,stormsense_dataset/images/2000031S11074_DAMIENNE/20000131T000000Z.png,"GMS-5,Meteosat-5",20.066665649414062,1002.0,-11.266666412353516,74.26666259765625,0.0,-0.5,developing,developing,21.53333282470703,1001.0,1.4666671752929688,-1.0
2000031S11074,DAMIENNE,2000-01-31 03:00:00+00:00,2000-01-31 06:00:00+00:00,3.0,stormsense_dataset/images/2000031S11074_DAMIENNE/20000131T030000Z.png,"GMS-5,Meteosat-5",21.53333282470703,1001.0,-11.47166633605957,74.58334350585938,1.4666671752929688,-1.0,developing,developing,23.0,1000.0,1.4666671752929688,-1.0
2000031S11074,DAMIENNE,2000-01-31 06:00:00+00:00,2000-01-31 09:00:00+00:00,3.0,stormsense_dataset/images/2000031S11074_DAMIENNE/20000131T060000Z.png,"GMS-5,Meteosat-5",23.0,1000.0,-11.666666984558104,74.89999389648438,1.4666671752929688,-1.0,developing,developing,23.33333206176757,999.5,0.333332061767571,-0.5
2000031S11074,DAMIENNE,2000-01-31 09:00:00+00:00,2000-01-31 12:00:00+00:00,3.0,stormsense_dataset/images/2000031S11074_DAMIENNE/20000131T090000Z.png,"GMS-5,Meteosat-5",23.33333206176757,999.5,-11.825833320617676,75.19500732421875,0.333332061767571,-0.5,developing,developing,23.66666603088379,999.0,0.33333396911621804,-0.5
2000031S11074,DAMIENNE,2000-01-31 12:00:00+00:00,2000-01-31 15:00:00+00:00,3.0,stormsense_dataset/images/2000031S11074_DAMIENNE/20000131T120000Z.png,"GMS-5,Meteosat-5",23.66666603088379,999.0,-12.0,75.5,0.333333969116218,-0.5,developing,developing,24.16666603088379,998.5,0.5,-0.5
2000031S11074,DAMIENNE,2000-01-31 15:00:00+00:00,2000-01-31 18:00:00+00:00,3.0,stormsense_dataset/images/2000031S11074_DAMIENNE/20000131T150000Z.png,"GMS-5,Meteosat-5",24.16666603088379,998.5,-12.237500190734863,75.83250427246094,0.5,-0.5,developing,organizing,24.66666603088379,998.0,0.5,-0.5
2000031S11074,DAMIENNE,2000-01-31 18:00:00+00:00,2000-01-31 21:00:00+00:00,3.0,stormsense_dataset/images/2000031S11074_DAMIENNE/20000131T180000Z.png,"GMS-5,Meteosat-5",24.66666603088379,998.0,-12.5,76.20001220703125,0.5,-0.5,organizing,organizing,26.13333320617676,997.5,1.4666671752929723,-0.5
2000031S11074,DAMIENNE,2000-01-31 21:00:00+00:00,2000-02-01 00:00:00+00:00,3.0,stormsense_dataset/images/2000031S11074_DAMIENNE/20000131T210000Z.png,"GMS-5,Meteosat-5",26.13333320617676,997.5,-12.732500076293944,76.59417724609375,1.4666671752929723,-0.5,organizing,organizing,27.600000381469727,997.0,1.4666671752929652,-0.5
2000031S11074,DAMIENNE,2000-02-01 00:00:00+00:00,2000-02-01 03:00:00+00:00,3.0,stormsense_dataset/images/2000031S11074_DAMIENNE/20000201T000000Z.png,"GMS-5,Meteosat-5",27.600000381469727,997.0,-13.0,77.0333251953125,1.4666671752929652,-0.5,organizing,organizing,26.96666717529297,996.0,-0.6333332061767578,-1.0
2000031S11074,DAMIENNE,2000-02-01 03:00:00+00:00,2000-02-01 06:00:00+00:00,3.0,stormsense_dataset/images/2000031S11074_DAMIENNE/20000201T030000Z.png,"GMS-5,Meteosat-5",26.96666717529297,996.0,-13.321666717529297,77.57583618164062,-0.6333332061767578,-1.0,organizing,organizing,26.33333396911621,995.0,-0.6333332061767578,-1.0
2000031S11074,DAMIENNE,2000-02-01 06:00:00+00:00,2000-02-01 09:00:00+00:00,3.0,stormsense_dataset/images/2000031S11074_DAMIENNE/20000201T060000Z.png,"GMS-5,Meteosat-5",26.33333396911621,995.0,-13.733333587646484,78.0333251953125,-0.6333332061767578,-1.0,organizing,organizing,26.33333396911621,994.5,0.0,-0.5
2000031S11074,DAMIENNE,2000-02-01 09:00:00+00:00,2000-02-01 12:00:00+00:00,3.0,stormsense_dataset/images/2000031S11074_DAMIENNE/20000201T090000Z.png,"GMS-5,Meteosat-5",26.33333396911621,994.5,-14.28833293914795,78.26666259765625,0.0,-0.5,organizing,organizing,26.33333396911621,994.0,0.0,-0.5
2000031S11074,DAMIENNE,2000-02-01 12:00:00+00:00,2000-02-01 15:00:00+00:00,3.0,stormsense_dataset/images/2000031S11074_DAMIENNE/20000201T120000Z.png,"GMS-5,Meteosat-5",26.33333396911621,994.0,-14.833333015441896,78.29998779296875,0.0,-0.5,organizing,organizing,32.20000076293945,994.5,5.866666793823242,0.5
2000031S11074,DAMIENNE,2000-02-01 15:00:00+00:00,2000-02-01 18:00:00+00:00,3.0,stormsense_dataset/images/2000031S11074_DAMIENNE/20000201T150000Z.png,"GMS-5,Meteosat-5",32.20000076293945,994.5,-15.224166870117188,78.19332885742188,5.866666793823242,0.5,organizing,mature,38.06666564941406,995.0,5.866664886474609,0.5
2000031S11074,DAMIENNE,2000-02-01 18:00:00+00:00,2000-02-01 21:00:00+00:00,3.0,stormsense_dataset/images/2000031S11074_DAMIENNE/20000201T180000Z.png,"GMS-5,Meteosat-5",38.06666564941406,995.0,-15.5,77.9666748046875,5.866664886474609,0.5,mature,mature,39.19999694824219,995.5,1.133331298828125,0.5
2000031S11074,DAMIENNE,2000-02-01 21:00:00+00:00,2000-02-02 00:00:00+00:00,3.0,stormsense_dataset/images/2000031S11074_DAMIENNE/20000201T210000Z.png,"GMS-5,Meteosat-5",39.19999694824219,995.5,-15.69416618347168,77.70751953125,1.133331298828125,0.5,mature,mature,40.33333206176758,996.0,1.1333351135253906,0.5
2000031S11074,DAMIENNE,2000-02-02 00:00:00+00:00,2000-02-02 03:00:00+00:00,3.0,stormsense_dataset/images/2000031S11074_DAMIENNE/20000202T000000Z.png,"GMS-5,Meteosat-5",40.33333206176758,996.0,-15.833333015441896,77.433349609375,1.1333351135253906,0.5,mature,organizing,35.43333435058594,997.0,-4.899997711181641,1.0
2000031S11074,DAMIENNE,2000-02-02 03:00:00+00:00,2000-02-02 06:00:00+00:00,3.0,stormsense_dataset/images/2000031S11074_DAMIENNE/20000202T030000Z.png,"GMS-5,Meteosat-5",35.43333435058594,997.0,-15.96833324432373,77.2066650390625,-4.899997711181641,1.0,organizing,organizing,30.53333282470703,998.0,-4.900001525878906,1.0
2000031S11074,DAMIENNE,2000-02-02 06:00:00+00:00,2000-02-02 09:00:00+00:00,3.0,stormsense_dataset/images/2000031S11074_DAMIENNE/20000202T060000Z.png,"GMS-5,Meteosat-5",30.53333282470703,998.0,-16.133333206176758,77.0,-4.900001525878906,1.0,organizing,organizing,29.700000762939453,999.0,-0.8333320617675781,1.0
2000031S11074,DAMIENNE,2000-02-02 09:00:00+00:00,2000-02-02 12:00:00+00:00,3.0,stormsense_dataset/images/2000031S11074_DAMIENNE/20000202T090000Z.png,"GMS-5,Meteosat-5",29.700000762939453,999.0,-16.375,76.822509765625,-0.8333320617675781,1.0,organizing,organizing,28.86666679382324,1000.0,-0.8333339691162145,1.0
2000031S11074,DAMIENNE,2000-02-02 12:00:00+00:00,2000-02-02 15:00:00+00:00,3.0,stormsense_dataset/images/2000031S11074_DAMIENNE/20000202T120000Z.png,"GMS-5,Meteosat-5",28.86666679382324,1000.0,-16.66666603088379,76.60000610351562,-0.8333339691162145,1.0,organizing,organizing,25.933334350585938,1000.0,-2.933332443237301,0.0
2000031S11074,DAMIENNE,2000-02-02 15:00:00+00:00,2000-02-02 18:00:00+00:00,3.0,stormsense_dataset/images/2000031S11074_DAMIENNE/20000202T150000Z.png,"GMS-5,Meteosat-5",25.933334350585938,1000.0,-16.988832473754883,76.31033325195312,-2.933332443237301,0.0,organizing,developing,23.0,1000.0,-2.9333343505859375,0.0
2000031S11074,DAMIENNE,2000-02-02 18:00:00+00:00,2000-02-02 21:00:00+00:00,3.0,stormsense_dataset/images/2000031S11074_DAMIENNE/20000202T180000Z.png,"GMS-5,Meteosat-5",23.0,1000.0,-17.299999237060547,75.86666870117188,-2.933334350585937,0.0,developing,developing,23.0,1000.0,0.0,0.0
2000031S11074,DAMIENNE,2000-02-02 21:00:00+00:00,2000-02-03 00:00:00+00:00,3.0,stormsense_dataset/images/2000031S11074_DAMIENNE/20000202T210000Z.png,"GMS-5,Meteosat-5",23.0,1000.0,-17.54075050354004,75.21383666992188,0.0,0.0,developing,developing,23.0,1000.0,0.0,0.0
2000031S11074,DAMIENNE,2000-02-03 00:00:00+00:00,2000-02-03 03:00:00+00:00,3.0,stormsense_dataset/images/2000031S11074_DAMIENNE/20000203T000000Z.png,"GMS-5,Meteosat-5",23.0,1000.0,-17.760000228881836,74.44000244140625,0.0,0.0,developing,developing,23.0,1000.0,0.0,0.0
2000031S11074,DAMIENNE,2000-02-03 03:00:00+00:00,2000-02-03 06:00:00+00:00,3.0,stormsense_dataset/images/2000031S11074_DAMIENNE/20000203T030000Z.png,"GMS-5,Meteosat-5",23.0,1000.0,-17.993249893188477,73.66799926757812,0.0,0.0,developing,developing,23.0,1000.0,0.0,0.0
2000031S11074,DAMIENNE,2000-02-03 06:00:00+00:00,2000-02-03 09:00:00+00:00,3.0,stormsense_dataset/images/2000031S11074_DAMIENNE/20000203T060000Z.png,"GMS-5,Meteosat-5",23.0,1000.0,-18.25,72.89999389648438,0.0,0.0,developing,developing,23.0,1000.0,0.0,0.0
2000031S11074,DAMIENNE,2000-02-03 09:00:00+00:00,2000-02-03 12:00:00+00:00,3.0,stormsense_dataset/images/2000031S11074_DAMIENNE/20000203T090000Z.png,"GMS-5,Meteosat-5",23.0,1000.0,-18.570083618164062,72.20449829101562,0.0,0.0,developing,developing,23.0,1000.0,0.0,0.0
2000031S11074,DAMIENNE,2000-02-03 12:00:00+00:00,2000-02-03 15:00:00+00:00,3.0,stormsense_dataset/images/2000031S11074_DAMIENNE/20000203T120000Z.png,"GMS-5,Meteosat-5",23.0,1000.0,-18.86666679382324,71.5,0.0,0.0,developing,developing,24.0,1000.5,1.0,0.5
2000031S11074,DAMIENNE,2000-02-03 15:00:00+00:00,2000-02-03 18:00:00+00:00,3.0,stormsense_dataset/images/2000031S11074_DAMIENNE/20000203T150000Z.png,Meteosat-5,24.0,1000.5,-19.064584732055664,70.70750427246094,1.0,0.5,developing,organizing,25.0,1001.0,1.0,0.5
2000031S11074,DAMIENNE,2000-02-03 18:00:00+00:00,2000-02-03 21:00:00+00:00,3.0,stormsense_dataset/images/2000031S11074_DAMIENNE/20000203T180000Z.png,Meteosat-5,25.0,1001.0,-19.200000762939453,69.89999389648438,1.0,0.5,organizing,organizing,25.0,1001.5,0.0,0.5
2000031S11074,DAMIENNE,2000-02-03 21:00:00+00:00,2000-02-04 00:00:00+00:00,3.0,stormsense_dataset/images/2000031S11074_DAMIENNE/20000203T210000Z.png,"Meteosat-5,Meteosat-7",25.0,1001.5,-19.332500457763672,69.10501098632812,0.0,0.5,organizing,organizing,25.0,1002.0,0.0,0.5
2000031S11074,DAMIENNE,2000-02-04 00:00:00+00:00,2000-02-04 03:00:00+00:00,3.0,stormsense_dataset/images/2000031S11074_DAMIENNE/20000204T000000Z.png,"Meteosat-5,Meteosat-7",25.0,1002.0,-19.39999961853028,68.39999389648438,0.0,0.5,organizing,developing,22.5,1003.0,-2.5,1.0
2000031S11074,DAMIENNE,2000-02-04 03:00:00+00:00,2000-02-04 06:00:00+00:00,3.0,stormsense_dataset/images/2000031S11074_DAMIENNE/20000204T030000Z.png,"Meteosat-5,Meteosat-7",22.5,1003.0,-19.39499855041504,67.89250183105469,-2.5,1.0,developing,developing,20.0,1004.0,-2.5,1.0
2000031S11074,DAMIENNE,2000-02-04 06:00:00+00:00,2000-02-04 09:00:00+00:00,3.0,stormsense_dataset/images/2000031S11074_DAMIENNE/20000204T060000Z.png,"Meteosat-5,Meteosat-7",20.0,1004.0,-19.299999237060547,67.39999389648438,-2.5,1.0,developing,developing,20.0,1004.5,0.0,0.5
2000031S11074,DAMIENNE,2000-02-04 09:00:00+00:00,2000-02-04 12:00:00+00:00,3.0,stormsense_dataset/images/2000031S11074_DAMIENNE/20000204T090000Z.png,"Meteosat-5,Meteosat-7",20.0,1004.5,-19.114999771118164,66.73750305175781,0.0,0.5,developing,developing,20.0,1005.0,0.0,0.5
2000031S11074,DAMIENNE,2000-02-04 12:00:00+00:00,2000-02-04 15:00:00+00:00,3.0,stormsense_dataset/images/2000031S11074_DAMIENNE/20000204T120000Z.png,"Meteosat-5,Meteosat-7",20.0,1005.0,-18.89999961853028,66.0,0.0,0.5,developing,developing,20.0,1005.5,0.0,0.5
2000031S11074,DAMIENNE,2000-02-04 15:00:00+00:00,2000-02-04 18:00:00+00:00,3.0,stormsense_dataset/images/2000031S11074_DAMIENNE/20000204T150000Z.png,"Meteosat-5,Meteosat-7",20.0,1005.5,-18.73500061035156,65.25750732421875,0.0,0.5,developing,developing,20.0,1006.0,0.0,0.5
2000031S11074,DAMIENNE,2000-02-04 18:00:00+00:00,2000-02-04 21:00:00+00:00,3.0,stormsense_dataset/images/2000031S11074_DAMIENNE/20000204T180000Z.png,"Meteosat-5,Meteosat-7",20.0,1006.0,-18.600000381469727,64.5,0.0,0.5,developing,developing,20.0,1006.5,0.0,0.5
2000031S11074,DAMIENNE,2000-02-04 21:00:00+00:00,2000-02-05 00:00:00+00:00,3.0,stormsense_dataset/images/2000031S11074_DAMIENNE/20000204T210000Z.png,"Meteosat-5,Meteosat-7",20.0,1006.5,-18.48500061035156,63.73500061035156,0.0,0.5,developing,developing,20.0,1007.0,0.0,0.5
2000031S11074,DAMIENNE,2000-02-05 00:00:00+00:00,2000-02-05 03:00:00+00:00,3.0,stormsense_dataset/images/2000031S11074_DAMIENNE/20000205T000000Z.png,"Meteosat-5,Meteosat-7",20.0,1007.0,-18.39999961853028,63.0,0.0,0.5,developing,developing,20.0,1007.5,0.0,0.5
2000031S11074,DAMIENNE,2000-02-05 03:00:00+00:00,2000-02-05 06:00:00+00:00,3.0,stormsense_dataset/images/2000031S11074_DAMIENNE/20000205T030000Z.png,"Meteosat-5,Meteosat-7",20.0,1007.5,-18.357500076293945,62.350006103515625,0.0,0.5,developing,developing,20.0,1008.0,0.0,0.5
2000031S11074,DAMIENNE,2000-02-05 06:00:00+00:00,2000-02-05 09:00:00+00:00,3.0,stormsense_dataset/images/2000031S11074_DAMIENNE/20000205T060000Z.png,"Meteosat-5,Meteosat-7",20.0,1008.0,-18.299999237060547,61.69999694824219,0.0,0.5,developing,developing,20.0,1008.0,0.0,0.0
2000031S11074,DAMIENNE,2000-02-05 09:00:00+00:00,2000-02-05 12:00:00+00:00,3.0,stormsense_dataset/images/2000031S11074_DAMIENNE/20000205T090000Z.png,"Meteosat-5,Meteosat-7",20.0,1008.0,-18.18000030517578,60.972503662109375,0.0,0.0,developing,developing,20.0,1008.0,0.0,0.0
2000031S11074,DAMIENNE,2000-02-05 12:00:00+00:00,2000-02-05 15:00:00+00:00,3.0,stormsense_dataset/images/2000031S11074_DAMIENNE/20000205T120000Z.png,"Meteosat-5,Meteosat-7",20.0,1008.0,-18.0,60.19999694824219,0.0,0.0,developing,developing,20.0,1008.5,0.0,0.5
2000031S11074,DAMIENNE,2000-02-05 15:00:00+00:00,2000-02-05 18:00:00+00:00,3.0,stormsense_dataset/images/2000031S11074_DAMIENNE/20000205T150000Z.png,"Meteosat-5,Meteosat-7",20.0,1008.5,-17.77250099182129,59.407501220703125,0.0,0.5,developing,developing,20.0,1009.0,0.0,0.5
2000031S11074,DAMIENNE,2000-02-05 18:00:00+00:00,2000-02-05 21:00:00+00:00,3.0,stormsense_dataset/images/2000031S11074_DAMIENNE/20000205T180000Z.png,"Meteosat-5,Meteosat-7",20.0,1009.0,-17.5,58.600006103515625,0.0,0.5,developing,developing,20.0,1009.0,0.0,0.0
2000031S11074,DAMIENNE,2000-02-05 21:00:00+00:00,2000-02-06 00:00:00+00:00,3.0,stormsense_dataset/images/2000031S11074_DAMIENNE/20000205T210000Z.png,"Meteosat-5,Meteosat-7",20.0,1009.0,-17.21500015258789,57.77000427246094,0.0,0.0,developing,developing,20.0,1009.0,0.0,0.0
2000031S11074,DAMIENNE,2000-02-06 00:00:00+00:00,2000-02-06 03:00:00+00:00,3.0,stormsense_dataset/images/2000031S11074_DAMIENNE/20000206T000000Z.png,"Meteosat-5,Meteosat-7",20.0,1009.0,-16.899999618530273,57.0,0.0,0.0,developing,developing,17.5,1009.5,-2.5,0.5
2000031S11074,DAMIENNE,2000-02-06 03:00:00+00:00,2000-02-06 06:00:00+00:00,3.0,stormsense_dataset/images/2000031S11074_DAMIENNE/20000206T030000Z.png,"Meteosat-5,Meteosat-7",17.5,1009.5,-16.542499542236328,56.37750244140625,-2.5,0.5,developing,developing,15.0,1010.0,-2.5,0.5
2000031S11074,DAMIENNE,2000-02-06 06:00:00+00:00,2000-02-06 09:00:00+00:00,3.0,stormsense_dataset/images/2000031S11074_DAMIENNE/20000206T060000Z.png,"Meteosat-5,Meteosat-7",15.0,1010.0,-16.200000762939453,55.80000305175781,-2.5,0.5,developing,developing,15.0,1010.0,0.0,0.0
2000031S11074,DAMIENNE,2000-02-06 09:00:00+00:00,2000-02-06 12:00:00+00:00,3.0,stormsense_dataset/images/2000031S11074_DAMIENNE/20000206T090000Z.png,"Meteosat-5,Meteosat-7",15.0,1010.0,-15.912500381469728,55.16500854492188,0.0,0.0,developing,developing,15.0,1010.0,0.0,0.0
2000031S11074,DAMIENNE,2000-02-06 12:00:00+00:00,2000-02-06 15:00:00+00:00,3.0,stormsense_dataset/images/2000031S11074_DAMIENNE/20000206T120000Z.png,"Meteosat-5,Meteosat-7",15.0,1010.0,-15.699999809265137,54.5,0.0,0.0,developing,developing,15.0,1010.0,0.0,0.0
2000031S11074,DAMIENNE,2000-02-06 15:00:00+00:00,2000-02-06 18:00:00+00:00,3.0,stormsense_dataset/images/2000031S11074_DAMIENNE/20000206T150000Z.png,"Meteosat-5,Meteosat-7",15.0,1010.0,-15.577499389648438,53.81500244140625,0.0,0.0,developing,developing,15.0,1010.0,0.0,0.0
2000031S11074,DAMIENNE,2000-02-06 18:00:00+00:00,2000-02-06 21:00:00+00:00,3.0,stormsense_dataset/images/2000031S11074_DAMIENNE/20000206T180000Z.png,"Meteosat-5,Meteosat-7",15.0,1010.0,-15.5,53.100006103515625,0.0,0.0,developing,developing,15.0,1010.0,0.0,0.0
2000032S11115,ELINE,2000-02-01 06:00:00+00:00,2000-02-01 09:00:00+00:00,3.0,stormsense_dataset/images/2000032S11115_ELINE/20000201T060000Z.png,"GMS-5,Meteosat-5",27.0,1000.0,-10.5,115.23529052734376,,,developing,developing,27.0,1000.0,0.0,0.0
2000032S11115,ELINE,2000-02-01 09:00:00+00:00,2000-02-01 12:00:00+00:00,3.0,stormsense_dataset/images/2000032S11115_ELINE/20000201T090000Z.png,"GMS-5,Meteosat-5",27.0,1000.0,-10.49986457824707,114.8297119140625,0.0,0.0,developing,developing,27.0,1000.0,0.0,0.0
2000032S11115,ELINE,2000-02-01 12:00:00+00:00,2000-02-01 15:00:00+00:00,3.0,stormsense_dataset/images/2000032S11115_ELINE/20000201T120000Z.png,"GMS-5,Meteosat-5",27.0,1000.0,-10.5,114.42791748046876,0.0,0.0,developing,developing,27.0,1000.0,0.0,0.0
2000032S11115,ELINE,2000-02-01 15:00:00+00:00,2000-02-01 18:00:00+00:00,3.0,stormsense_dataset/images/2000032S11115_ELINE/20000201T150000Z.png,"GMS-5,Meteosat-5",27.0,1000.0,-10.500407218933104,114.03469848632812,0.0,0.0,developing,developing,27.0,1000.0,0.0,0.0
2000032S11115,ELINE,2000-02-01 18:00:00+00:00,2000-02-01 21:00:00+00:00,3.0,stormsense_dataset/images/2000032S11115_ELINE/20000201T180000Z.png,"GMS-5,Meteosat-5",27.0,1000.0,-10.5,113.65878295898438,0.0,0.0,developing,developing,27.0,1000.0,0.0,0.0
2000032S11115,ELINE,2000-02-01 21:00:00+00:00,2000-02-02 00:00:00+00:00,3.0,stormsense_dataset/images/2000032S11115_ELINE/20000201T210000Z.png,"GMS-5,Meteosat-5",27.0,1000.0,-10.495376586914062,113.30795288085938,0.0,0.0,developing,developing,27.0,1000.0,0.0,0.0
2000032S11115,ELINE,2000-02-02 00:00:00+00:00,2000-02-02 03:00:00+00:00,3.0,stormsense_dataset/images/2000032S11115_ELINE/20000202T000000Z.png,"GMS-5,Meteosat-5",27.0,1000.0,-10.49456787109375,112.9666748046875,0.0,0.0,developing,developing,27.0,1000.0,0.0,0.0
2000032S11115,ELINE,2000-02-02 03:00:00+00:00,2000-02-02 06:00:00+00:00,3.0,stormsense_dataset/images/2000032S11115_ELINE/20000202T030000Z.png,"GMS-5,Meteosat-5",27.0,1000.0,-10.496469497680664,112.61181640625,0.0,0.0,developing,developing,27.0,1000.0,0.0,0.0
2000032S11115,ELINE,2000-02-02 06:00:00+00:00,2000-02-02 09:00:00+00:00,3.0,stormsense_dataset/images/2000032S11115_ELINE/20000202T060000Z.png,"GMS-5,Meteosat-5",27.0,1000.0,-10.520000457763672,112.26123046875,0.0,0.0,developing,developing,27.0,1000.0,0.0,0.0
2000032S11115,ELINE,2000-02-02 09:00:00+00:00,2000-02-02 12:00:00+00:00,3.0,stormsense_dataset/images/2000032S11115_ELINE/20000202T090000Z.png,"GMS-5,Meteosat-5",27.0,1000.0,-10.575697898864746,111.92361450195312,0.0,0.0,developing,developing,27.0,1000.0,0.0,0.0
2000032S11115,ELINE,2000-02-02 12:00:00+00:00,2000-02-02 15:00:00+00:00,3.0,stormsense_dataset/images/2000032S11115_ELINE/20000202T120000Z.png,"GMS-5,Meteosat-5",27.0,1000.0,-10.65876579284668,111.5975341796875,0.0,0.0,developing,developing,27.0,1000.0,0.0,0.0
2000032S11115,ELINE,2000-02-02 15:00:00+00:00,2000-02-02 18:00:00+00:00,3.0,stormsense_dataset/images/2000032S11115_ELINE/20000202T150000Z.png,"GMS-5,Meteosat-5",27.0,1000.0,-10.760062217712402,111.2813720703125,0.0,0.0,developing,developing,27.0,1000.0,0.0,0.0
2000032S11115,ELINE,2000-02-02 18:00:00+00:00,2000-02-02 21:00:00+00:00,3.0,stormsense_dataset/images/2000032S11115_ELINE/20000202T180000Z.png,"GMS-5,Meteosat-5",27.0,1000.0,-10.866666793823242,110.9691162109375,0.0,0.0,developing,developing,25.33333206176757,1000.0,-1.666667938232429,0.0
2000032S11115,ELINE,2000-02-02 21:00:00+00:00,2000-02-03 00:00:00+00:00,3.0,stormsense_dataset/images/2000032S11115_ELINE/20000202T210000Z.png,"GMS-5,Meteosat-5",25.33333206176757,1000.0,-10.95394515991211,110.654541015625,-1.666667938232429,0.0,developing,developing,23.66666603088379,1000.0,-1.666666030883782,0.0
2000032S11115,ELINE,2000-02-03 00:00:00+00:00,2000-02-03 03:00:00+00:00,3.0,stormsense_dataset/images/2000032S11115_ELINE/20000203T000000Z.png,"GMS-5,Meteosat-5",23.66666603088379,1000.0,-11.04082202911377,110.33169555664062,-1.666666030883782,0.0,developing,developing,23.66666603088379,1000.0,0.0,0.0
2000032S11115,ELINE,2000-02-03 03:00:00+00:00,2000-02-03 06:00:00+00:00,3.0,stormsense_dataset/images/2000032S11115_ELINE/20000203T030000Z.png,"GMS-5,Meteosat-5",23.66666603088379,1000.0,-11.134613990783691,110.00827026367188,0.0,0.0,developing,developing,23.66666603088379,1000.0,0.0,0.0
2000032S11115,ELINE,2000-02-03 06:00:00+00:00,2000-02-03 09:00:00+00:00,3.0,stormsense_dataset/images/2000032S11115_ELINE/20000203T060000Z.png,"GMS-5,Meteosat-5",23.66666603088379,1000.0,-11.246049880981444,109.64813232421876,0.0,0.0,developing,developing,23.66666603088379,1000.0,0.0,0.0
2000032S11115,ELINE,2000-02-03 09:00:00+00:00,2000-02-03 12:00:00+00:00,3.0,stormsense_dataset/images/2000032S11115_ELINE/20000203T090000Z.png,"GMS-5,Meteosat-5",23.66666603088379,1000.0,-11.38439655303955,109.22531127929688,0.0,0.0,developing,developing,23.66666603088379,1000.0,0.0,0.0
2000032S11115,ELINE,2000-02-03 12:00:00+00:00,2000-02-03 15:00:00+00:00,3.0,stormsense_dataset/images/2000032S11115_ELINE/20000203T120000Z.png,"GMS-5,Meteosat-5",23.66666603088379,1000.0,-11.537827491760254,108.76596069335938,0.0,0.0,developing,developing,23.66666603088379,1000.0,0.0,0.0
2000032S11115,ELINE,2000-02-03 15:00:00+00:00,2000-02-03 18:00:00+00:00,3.0,stormsense_dataset/images/2000032S11115_ELINE/20000203T150000Z.png,"GMS-5,Meteosat-5",23.66666603088379,1000.0,-11.68818187713623,108.3013916015625,0.0,0.0,developing,developing,23.66666603088379,1000.0,0.0,0.0
2000032S11115,ELINE,2000-02-03 18:00:00+00:00,2000-02-03 21:00:00+00:00,3.0,stormsense_dataset/images/2000032S11115_ELINE/20000203T180000Z.png,"GMS-5,Meteosat-5",23.66666603088379,1000.0,-11.843621253967283,107.83901977539062,0.0,0.0,developing,developing,26.46666717529297,997.5,2.8000011444091797,-2.5
2000032S11115,ELINE,2000-02-03 21:00:00+00:00,2000-02-04 00:00:00+00:00,3.0,stormsense_dataset/images/2000032S11115_ELINE/20000203T210000Z.png,"GMS-5,Meteosat-5",26.46666717529297,997.5,-12.00222873687744,107.40628051757812,2.80000114440918,-2.5,developing,developing,29.26666831970215,995.0,2.8000011444091797,-2.5
2000032S11115,ELINE,2000-02-04 00:00:00+00:00,2000-02-04 03:00:00+00:00,3.0,stormsense_dataset/images/2000032S11115_ELINE/20000204T000000Z.png,"GMS-5,Meteosat-5",29.26666831970215,995.0,-12.16930103302002,106.9716796875,2.80000114440918,-2.5,developing,developing,31.733333587646484,992.5,2.466665267944336,-2.5
2000032S11115,ELINE,2000-02-04 03:00:00+00:00,2000-02-04 06:00:00+00:00,3.0,stormsense_dataset/images/2000032S11115_ELINE/20000204T030000Z.png,"GMS-5,Meteosat-5",31.733333587646484,992.5,-12.331701278686523,106.493408203125,2.466665267944336,-2.5,developing,developing,34.20000076293945,990.0,2.4666671752929688,-2.5
2000032S11115,ELINE,2000-02-04 06:00:00+00:00,2000-02-04 09:00:00+00:00,3.0,stormsense_dataset/images/2000032S11115_ELINE/20000204T060000Z.png,"GMS-5,Meteosat-5",34.20000076293945,990.0,-12.531521797180176,106.0323486328125,2.4666671752929688,-2.5,developing,developing,35.53333282470703,987.5,1.3333320617675781,-2.5
2000032S11115,ELINE,2000-02-04 09:00:00+00:00,2000-02-04 12:00:00+00:00,3.0,stormsense_dataset/images/2000032S11115_ELINE/20000204T090000Z.png,"GMS-5,Meteosat-5",35.53333282470703,987.5,-12.805155754089355,105.62127685546876,1.333332061767578,-2.5,developing,developing,36.86666870117188,985.0,1.3333358764648509,-2.5
2000032S11115,ELINE,2000-02-04 12:00:00+00:00,2000-02-04 15:00:00+00:00,3.0,stormsense_dataset/images/2000032S11115_ELINE/20000204T120000Z.png,"GMS-5,Meteosat-5",36.86666870117188,985.0,-13.106666564941406,105.27999877929688,1.3333358764648509,-2.5,developing,developing,36.86666870117188,985.0,0.0,0.0
2000032S11115,ELINE,2000-02-04 15:00:00+00:00,2000-02-04 18:00:00+00:00,3.0,stormsense_dataset/images/2000032S11115_ELINE/20000204T150000Z.png,"GMS-5,Meteosat-5",36.86666870117188,985.0,-13.402045249938965,105.0384521484375,0.0,0.0,developing,developing,36.86666870117188,985.0,0.0,0.0
2000032S11115,ELINE,2000-02-04 18:00:00+00:00,2000-02-04 21:00:00+00:00,3.0,stormsense_dataset/images/2000032S11115_ELINE/20000204T180000Z.png,"GMS-5,Meteosat-5",36.86666870117188,985.0,-13.654732704162598,104.80584716796876,0.0,0.0,developing,developing,43.56666564941406,982.5,6.69999694824218,-2.5
2000032S11115,ELINE,2000-02-04 21:00:00+00:00,2000-02-05 00:00:00+00:00,3.0,stormsense_dataset/images/2000032S11115_ELINE/20000204T210000Z.png,"GMS-5,Meteosat-5",43.56666564941406,982.5,-13.81053066253662,104.4718017578125,6.69999694824218,-2.5,developing,developing,50.26666641235352,980.0,6.70000076293946,-2.5
2000032S11115,ELINE,2000-02-05 00:00:00+00:00,2000-02-05 03:00:00+00:00,3.0,stormsense_dataset/images/2000032S11115_ELINE/20000205T000000Z.png,"GMS-5,Meteosat-5",50.26666641235352,980.0,-13.945266723632812,104.1129150390625,6.70000076293946,-2.5,developing,developing,51.26666641235352,977.5,1.0,-2.5
2000032S11115,ELINE,2000-02-05 03:00:00+00:00,2000-02-05 06:00:00+00:00,3.0,stormsense_dataset/images/2000032S11115_ELINE/20000205T030000Z.png,"GMS-5,Meteosat-5",51.26666641235352,977.5,-14.138322830200195,103.79254150390624,1.0,-2.5,developing,developing,52.26666641235352,975.0,1.0,-2.5
2000032S11115,ELINE,2000-02-05 06:00:00+00:00,2000-02-05 09:00:00+00:00,3.0,stormsense_dataset/images/2000032S11115_ELINE/20000205T060000Z.png,"GMS-5,Meteosat-5",52.26666641235352,975.0,-14.35292148590088,103.47293090820312,1.0,-2.5,developing,developing,52.93333435058594,972.5,0.6666679382324148,-2.5
2000032S11115,ELINE,2000-02-05 09:00:00+00:00,2000-02-05 12:00:00+00:00,3.0,stormsense_dataset/images/2000032S11115_ELINE/20000205T090000Z.png,"GMS-5,Meteosat-5",52.93333435058594,972.5,-14.557031631469728,103.127197265625,0.6666679382324148,-2.5,developing,developing,53.60000228881836,970.0,0.6666679382324219,-2.5
2000032S11115,ELINE,2000-02-05 12:00:00+00:00,2000-02-05 15:00:00+00:00,3.0,stormsense_dataset/images/2000032S11115_ELINE/20000205T120000Z.png,"GMS-5,Meteosat-5",53.60000228881836,970.0,-14.787078857421877,102.78485107421876,0.6666679382324219,-2.5,developing,developing,54.60000228881836,967.5,1.0,-2.5
2000032S11115,ELINE,2000-02-05 15:00:00+00:00,2000-02-05 18:00:00+00:00,3.0,stormsense_dataset/images/2000032S11115_ELINE/20000205T150000Z.png,"GMS-5,Meteosat-5",54.60000228881836,967.5,-15.071681022644045,102.48135375976562,1.0,-2.5,developing,developing,55.60000228881836,965.0,1.0,-2.5
2000032S11115,ELINE,2000-02-05 18:00:00+00:00,2000-02-05 21:00:00+00:00,3.0,stormsense_dataset/images/2000032S11115_ELINE/20000205T180000Z.png,"GMS-5,Meteosat-5",55.60000228881836,965.0,-15.367653846740724,102.16748046875,1.0,-2.5,developing,developing,58.06666946411133,962.5,2.4666671752929688,-2.5
2000032S11115,ELINE,2000-02-05 21:00:00+00:00,2000-02-06 00:00:00+00:00,3.0,stormsense_dataset/images/2000032S11115_ELINE/20000205T210000Z.png,"GMS-5,Meteosat-5",58.06666946411133,962.5,-15.623306274414062,101.80844116210938,2.4666671752929688,-2.5,developing,organizing,60.5333366394043,960.0,2.4666671752929688,-2.5
2000032S11115,ELINE,2000-02-06 00:00:00+00:00,2000-02-06 03:00:00+00:00,3.0,stormsense_dataset/images/2000032S11115_ELINE/20000206T000000Z.png,"GMS-5,Meteosat-5",60.5333366394043,960.0,-15.877613067626951,101.4102783203125,2.4666671752929688,-2.5,organizing,organizing,62.0,960.0,1.4666633605957031,0.0
2000032S11115,ELINE,2000-02-06 03:00:00+00:00,2000-02-06 06:00:00+00:00,3.0,stormsense_dataset/images/2000032S11115_ELINE/20000206T030000Z.png,"GMS-5,Meteosat-5",62.0,960.0,-16.163970947265625,100.98068237304688,1.4666633605957031,0.0,organizing,organizing,63.4666633605957,960.0,1.4666633605957031,0.0
2000032S11115,ELINE,2000-02-06 06:00:00+00:00,2000-02-06 09:00:00+00:00,3.0,stormsense_dataset/images/2000032S11115_ELINE/20000206T060000Z.png,"GMS-5,Meteosat-5",63.4666633605957,960.0,-16.44921875,100.5323486328125,1.4666633605957031,0.0,organizing,organizing,64.93333435058594,960.0,1.4666709899902344,0.0
2000032S11115,ELINE,2000-02-06 09:00:00+00:00,2000-02-06 12:00:00+00:00,3.0,stormsense_dataset/images/2000032S11115_ELINE/20000206T090000Z.png,"GMS-5,Meteosat-5",64.93333435058594,960.0,-16.724882125854492,100.08230590820312,1.4666709899902344,0.0,organizing,organizing,66.4000015258789,960.0,1.4666671752929688,0.0
2000032S11115,ELINE,2000-02-06 12:00:00+00:00,2000-02-06 15:00:00+00:00,3.0,stormsense_dataset/images/2000032S11115_ELINE/20000206T120000Z.png,"GMS-5,Meteosat-5",66.4000015258789,960.0,-16.95176887512207,99.65029907226562,1.4666671752929688,0.0,organizing,organizing,67.86666870117188,960.0,1.4666671752929688,0.0
2000032S11115,ELINE,2000-02-06 15:00:00+00:00,2000-02-06 18:00:00+00:00,3.0,stormsense_dataset/images/2000032S11115_ELINE/20000206T150000Z.png,"GMS-5,Meteosat-5",67.86666870117188,960.0,-17.101898193359375,99.26873779296876,1.4666671752929688,0.0,organizing,organizing,69.33333587646484,960.0,1.4666671752929688,0.0
2000032S11115,ELINE,2000-02-06 18:00:00+00:00,2000-02-06 21:00:00+00:00,3.0,stormsense_dataset/images/2000032S11115_ELINE/20000206T180000Z.png,"GMS-5,Meteosat-5",69.33333587646484,960.0,-17.19818878173828,98.89251708984376,1.4666671752929688,0.0,organizing,organizing,66.86666870117188,962.5,-2.4666671752929688,2.5
2000032S11115,ELINE,2000-02-06 21:00:00+00:00,2000-02-07 00:00:00+00:00,3.0,stormsense_dataset/images/2000032S11115_ELINE/20000206T210000Z.png,"GMS-5,Meteosat-5",66.86666870117188,962.5,-17.28186798095703,98.48883056640624,-2.4666671752929688,2.5,organizing,organizing,64.4000015258789,965.0,-2.4666671752929688,2.5
2000032S11115,ELINE,2000-02-07 00:00:00+00:00,2000-02-07 03:00:00+00:00,3.0,stormsense_dataset/images/2000032S11115_ELINE/20000207T000000Z.png,"GMS-5,Meteosat-5",64.4000015258789,965.0,-17.34181022644043,98.04583740234376,-2.4666671752929688,2.5,organizing,organizing,62.0,968.75,-2.4000015258789062,3.75
2000032S11115,ELINE,2000-02-07 03:00:00+00:00,2000-02-07 06:00:00+00:00,3.0,stormsense_dataset/images/2000032S11115_ELINE/20000207T030000Z.png,"GMS-5,Meteosat-5",62.0,968.75,-17.398189544677734,97.56207275390624,-2.4000015258789062,3.75,organizing,developing,59.59999847412109,972.5,-2.4000015258789134,3.75
2000032S11115,ELINE,2000-02-07 06:00:00+00:00,2000-02-07 09:00:00+00:00,3.0,stormsense_dataset/images/2000032S11115_ELINE/20000207T060000Z.png,"GMS-5,Meteosat-5",59.59999847412109,972.5,-17.429990768432617,97.02587890625,-2.4000015258789134,3.75,developing,developing,57.72499847412109,976.25,-1.875,3.75
2000032S11115,ELINE,2000-02-07 09:00:00+00:00,2000-02-07 12:00:00+00:00,3.0,stormsense_dataset/images/2000032S11115_ELINE/20000207T090000Z.png,"GMS-5,Meteosat-5",57.72499847412109,976.25,-17.424400329589844,96.45639038085938,-1.875,3.75,developing,developing,55.84999847412109,980.0,-1.875,3.75
2000032S11115,ELINE,2000-02-07 12:00:00+00:00,2000-02-07 15:00:00+00:00,3.0,stormsense_dataset/images/2000032S11115_ELINE/20000207T120000Z.png,"GMS-5,Meteosat-5",55.84999847412109,980.0,-17.409770965576172,95.82998657226562,-1.875,3.75,developing,developing,52.39999771118164,982.0,-3.450000762939446,2.0
2000032S11115,ELINE,2000-02-07 15:00:00+00:00,2000-02-07 18:00:00+00:00,3.0,stormsense_dataset/images/2000032S11115_ELINE/20000207T150000Z.png,"GMS-5,Meteosat-5",52.39999771118164,982.0,-17.404067993164062,95.1419677734375,-3.450000762939446,2.0,developing,developing,48.94999694824219,984.0,-3.450000762939453,2.0
2000032S11115,ELINE,2000-02-07 18:00:00+00:00,2000-02-07 21:00:00+00:00,3.0,stormsense_dataset/images/2000032S11115_ELINE/20000207T180000Z.png,"GMS-5,Meteosat-5",48.94999694824219,984.0,-17.437679290771484,94.4306640625,-3.450000762939453,2.0,developing,developing,46.22499847412109,986.25,-2.724998474121101,2.25
2000032S11115,ELINE,2000-02-07 21:00:00+00:00,2000-02-08 00:00:00+00:00,3.0,stormsense_dataset/images/2000032S11115_ELINE/20000207T210000Z.png,"GMS-5,Meteosat-5",46.22499847412109,986.25,-17.577354431152344,93.749267578125,-2.724998474121101,2.25,developing,developing,43.5,988.5,-2.7249984741210866,2.25
2000032S11115,ELINE,2000-02-08 00:00:00+00:00,2000-02-08 03:00:00+00:00,3.0,stormsense_dataset/images/2000032S11115_ELINE/20000208T000000Z.png,"GMS-5,Meteosat-5",43.5,988.5,-17.679567337036133,93.07937622070312,-2.724998474121086,2.25,developing,developing,41.775001525878906,989.25,-1.7249984741210938,0.75
2000032S11115,ELINE,2000-02-08 03:00:00+00:00,2000-02-08 06:00:00+00:00,3.0,stormsense_dataset/images/2000032S11115_ELINE/20000208T030000Z.png,"GMS-5,Meteosat-5",41.775001525878906,989.25,-17.602495193481445,92.41873168945312,-1.7249984741210938,0.75,developing,developing,40.04999923706055,990.0,-1.7250022888183594,0.75
2000032S11115,ELINE,2000-02-08 06:00:00+00:00,2000-02-08 09:00:00+00:00,3.0,stormsense_dataset/images/2000032S11115_ELINE/20000208T060000Z.png,"GMS-5,Meteosat-5",40.04999923706055,990.0,-17.457717895507812,91.7569580078125,-1.7250022888183594,0.75,developing,developing,38.69999694824219,990.5,-1.3500022888183594,0.5
2000032S11115,ELINE,2000-02-08 09:00:00+00:00,2000-02-08 12:00:00+00:00,3.0,stormsense_dataset/images/2000032S11115_ELINE/20000208T090000Z.png,"GMS-5,Meteosat-5",38.69999694824219,990.5,-17.343202590942383,91.07196044921876,-1.3500022888183594,0.5,developing,developing,37.34999847412109,991.0,-1.3499984741211009,0.5
2000032S11115,ELINE,2000-02-08 12:00:00+00:00,2000-02-08 15:00:00+00:00,3.0,stormsense_dataset/images/2000032S11115_ELINE/20000208T120000Z.png,"GMS-5,Meteosat-5",37.34999847412109,991.0,-17.248247146606445,90.3984375,-1.3499984741211009,0.5,developing,developing,36.97499847412109,991.75,-0.375,0.75
2000032S11115,ELINE,2000-02-08 15:00:00+00:00,2000-02-08 18:00:00+00:00,3.0,stormsense_dataset/images/2000032S11115_ELINE/20000208T150000Z.png,"GMS-5,Meteosat-5",36.97499847412109,991.75,-17.157594680786133,89.78167724609375,-0.375,0.75,developing,developing,36.59999847412109,992.5,-0.375,0.75
2000032S11115,ELINE,2000-02-08 18:00:00+00:00,2000-02-08 21:00:00+00:00,3.0,stormsense_dataset/images/2000032S11115_ELINE/20000208T180000Z.png,"GMS-5,Meteosat-5",36.59999847412109,992.5,-17.156789779663086,89.1527099609375,-0.375,0.75,developing,developing,37.22499847412109,991.25,0.625,-1.25
2000032S11115,ELINE,2000-02-08 21:00:00+00:00,2000-02-09 00:00:00+00:00,3.0,stormsense_dataset/images/2000032S11115_ELINE/20000208T210000Z.png,"GMS-5,Meteosat-5",37.22499847412109,991.25,-17.318161010742188,88.4752197265625,0.625,-1.25,developing,developing,37.84999847412109,990.0,0.625,-1.25
2000032S11115,ELINE,2000-02-09 00:00:00+00:00,2000-02-09 03:00:00+00:00,3.0,stormsense_dataset/images/2000032S11115_ELINE/20000209T000000Z.png,"GMS-5,Meteosat-5",37.84999847412109,990.0,-17.546306610107422,87.712646484375,0.625,-1.25,developing,developing,37.82499694824219,989.0,-0.025001525878899145,-1.0
2000032S11115,ELINE,2000-02-09 03:00:00+00:00,2000-02-09 06:00:00+00:00,3.0,stormsense_dataset/images/2000032S11115_ELINE/20000209T030000Z.png,"GMS-5,Meteosat-5",37.82499694824219,989.0,-17.722366333007812,86.82333374023438,-0.0250015258788991,-1.0,developing,developing,37.79999923706055,988.0,-0.024997711181640625,-1.0
2000032S11115,ELINE,2000-02-09 06:00:00+00:00,2000-02-09 09:00:00+00:00,3.0,stormsense_dataset/images/2000032S11115_ELINE/20000209T060000Z.png,"GMS-5,Meteosat-5",37.79999923706055,988.0,-17.899999618530273,85.89999389648438,-0.0249977111816406,-1.0,developing,developing,37.79999923706055,988.0,0.0,0.0
2000032S11115,ELINE,2000-02-09 09:00:00+00:00,2000-02-09 12:00:00+00:00,3.0,stormsense_dataset/images/2000032S11115_ELINE/20000209T090000Z.png,"GMS-5,Meteosat-5",37.79999923706055,988.0,-18.12652587890625,85.06820678710938,0.0,0.0,developing,developing,37.79999923706055,988.0,0.0,0.0
2000032S11115,ELINE,2000-02-09 12:00:00+00:00,2000-02-09 15:00:00+00:00,3.0,stormsense_dataset/images/2000032S11115_ELINE/20000209T120000Z.png,"GMS-5,Meteosat-5",37.79999923706055,988.0,-18.299999237060547,84.23333740234375,0.0,0.0,developing,developing,37.79999923706055,988.0,0.0,0.0
2000032S11115,ELINE,2000-02-09 15:00:00+00:00,2000-02-09 18:00:00+00:00,3.0,stormsense_dataset/images/2000032S11115_ELINE/20000209T150000Z.png,"GMS-5,Meteosat-5",37.79999923706055,988.0,-18.33749961853028,83.3216552734375,0.0,0.0,developing,developing,37.79999923706055,988.0,0.0,0.0
2000032S11115,ELINE,2000-02-09 18:00:00+00:00,2000-02-09 21:00:00+00:00,3.0,stormsense_dataset/images/2000032S11115_ELINE/20000209T180000Z.png,"GMS-5,Meteosat-5",37.79999923706055,988.0,-18.299999237060547,82.39999389648438,0.0,0.0,developing,developing,37.29999923706055,989.0,-0.5,1.0
2000032S11115,ELINE,2000-02-09 21:00:00+00:00,2000-02-10 00:00:00+00:00,3.0,stormsense_dataset/images/2000032S11115_ELINE/20000209T210000Z.png,"GMS-5,Meteosat-5",37.29999923706055,989.0,-18.262500762939453,81.50332641601562,-0.5,1.0,developing,developing,36.79999923706055,990.0,-0.5,1.0
2000032S11115,ELINE,2000-02-10 00:00:00+00:00,2000-02-10 03:00:00+00:00,3.0,stormsense_dataset/images/2000032S11115_ELINE/20000210T000000Z.png,"GMS-5,Meteosat-5",36.79999923706055,990.0,-18.200000762939453,80.66665649414062,-0.5,1.0,developing,developing,36.79999923706055,990.0,0.0,0.0
2000032S11115,ELINE,2000-02-10 03:00:00+00:00,2000-02-10 06:00:00+00:00,3.0,stormsense_dataset/images/2000032S11115_ELINE/20000210T030000Z.png,"GMS-5,Meteosat-5",36.79999923706055,990.0,-18.12416648864746,79.91497802734375,0.0,0.0,developing,developing,36.79999923706055,990.0,0.0,0.0
2000032S11115,ELINE,2000-02-10 06:00:00+00:00,2000-02-10 09:00:00+00:00,3.0,stormsense_dataset/images/2000032S11115_ELINE/20000210T060000Z.png,"GMS-5,Meteosat-5",36.79999923706055,990.0,-18.03333282470703,79.23333740234375,0.0,0.0,developing,developing,35.333335876464844,990.0,-1.4666633605957031,0.0
2000032S11115,ELINE,2000-02-10 09:00:00+00:00,2000-02-10 12:00:00+00:00,3.0,stormsense_dataset/images/2000032S11115_ELINE/20000210T090000Z.png,"GMS-5,Meteosat-5",35.333335876464844,990.0,-17.9233341217041,78.59249877929688,-1.4666633605957031,0.0,developing,developing,33.866668701171875,990.0,-1.4666671752929688,0.0
2000032S11115,ELINE,2000-02-10 12:00:00+00:00,2000-02-10 15:00:00+00:00,3.0,stormsense_dataset/images/2000032S11115_ELINE/20000210T120000Z.png,"GMS-5,Meteosat-5",33.866668701171875,990.0,-17.83333396911621,77.9666748046875,-1.4666671752929688,0.0,developing,developing,33.53333282470703,991.0,-0.33333587646484375,1.0
2000032S11115,ELINE,2000-02-10 15:00:00+00:00,2000-02-10 18:00:00+00:00,3.0,stormsense_dataset/images/2000032S11115_ELINE/20000210T150000Z.png,"GMS-5,Meteosat-5",33.53333282470703,991.0,-17.814167022705078,77.31500244140625,-0.3333358764648437,1.0,developing,developing,33.20000076293945,992.0,-0.3333320617675781,1.0
2000032S11115,ELINE,2000-02-10 18:00:00+00:00,2000-02-10 21:00:00+00:00,3.0,stormsense_dataset/images/2000032S11115_ELINE/20000210T180000Z.png,"GMS-5,Meteosat-5",33.20000076293945,992.0,-17.799999237060547,76.63333129882812,-0.3333320617675781,1.0,developing,developing,33.20000076293945,992.0,0.0,0.0
2000032S11115,ELINE,2000-02-10 21:00:00+00:00,2000-02-11 00:00:00+00:00,3.0,stormsense_dataset/images/2000032S11115_ELINE/20000210T210000Z.png,"GMS-5,Meteosat-5",33.20000076293945,992.0,-17.72166633605957,75.91751098632812,0.0,0.0,developing,developing,33.20000076293945,992.0,0.0,0.0
2000032S11115,ELINE,2000-02-11 00:00:00+00:00,2000-02-11 03:00:00+00:00,3.0,stormsense_dataset/images/2000032S11115_ELINE/20000211T000000Z.png,"GMS-5,Meteosat-5",33.20000076293945,992.0,-17.633333206176758,75.16667175292969,0.0,0.0,developing,developing,32.70000076293945,993.5,-0.5,1.5
2000032S11115,ELINE,2000-02-11 03:00:00+00:00,2000-02-11 06:00:00+00:00,3.0,stormsense_dataset/images/2000032S11115_ELINE/20000211T030000Z.png,"GMS-5,Meteosat-5",32.70000076293945,993.5,-17.57583236694336,74.38833618164062,-0.5,1.5,developing,developing,32.20000076293945,995.0,-0.5,1.5
2000032S11115,ELINE,2000-02-11 06:00:00+00:00,2000-02-11 09:00:00+00:00,3.0,stormsense_dataset/images/2000032S11115_ELINE/20000211T060000Z.png,"GMS-5,Meteosat-5",32.20000076293945,995.0,-17.53333282470703,73.60000610351562,-0.5,1.5,developing,developing,32.20000076293945,995.0,0.0,0.0
2000032S11115,ELINE,2000-02-11 09:00:00+00:00,2000-02-11 12:00:00+00:00,3.0,stormsense_dataset/images/2000032S11115_ELINE/20000211T090000Z.png,"GMS-5,Meteosat-5",32.20000076293945,995.0,-17.510000228881836,72.82833862304688,0.0,0.0,developing,developing,32.20000076293945,995.0,0.0,0.0
2000032S11115,ELINE,2000-02-11 12:00:00+00:00,2000-02-11 15:00:00+00:00,3.0,stormsense_dataset/images/2000032S11115_ELINE/20000211T120000Z.png,"GMS-5,Meteosat-5",32.20000076293945,995.0,-17.46666717529297,72.06666564941406,0.0,0.0,developing,developing,32.70000076293945,993.5,0.5,-1.5
2000032S11115,ELINE,2000-02-11 15:00:00+00:00,2000-02-11 18:00:00+00:00,3.0,stormsense_dataset/images/2000032S11115_ELINE/20000211T150000Z.png,"GMS-5,Meteosat-5",32.70000076293945,993.5,-17.3799991607666,71.29417419433594,0.5,-1.5,developing,developing,33.20000076293945,992.0,0.5,-1.5
2000032S11115,ELINE,2000-02-11 18:00:00+00:00,2000-02-11 21:00:00+00:00,3.0,stormsense_dataset/images/2000032S11115_ELINE/20000211T180000Z.png,"GMS-5,Meteosat-5",33.20000076293945,992.0,-17.23333168029785,70.56668090820312,0.5,-1.5,developing,developing,35.0,991.0,1.7999992370605469,-1.0
2000032S11115,ELINE,2000-02-11 21:00:00+00:00,2000-02-12 00:00:00+00:00,3.0,stormsense_dataset/images/2000032S11115_ELINE/20000211T210000Z.png,Meteosat-5,35.0,991.0,-17.010000228881836,69.91751098632812,1.7999992370605469,-1.0,developing,developing,36.79999923706055,990.0,1.7999992370605469,-1.0
2000032S11115,ELINE,2000-02-12 00:00:00+00:00,2000-02-12 03:00:00+00:00,3.0,stormsense_dataset/images/2000032S11115_ELINE/20000212T000000Z.png,"Meteosat-5,Meteosat-7",36.79999923706055,990.0,-16.76666831970215,69.33332824707031,1.7999992370605469,-1.0,developing,developing,36.79999923706055,990.0,0.0,0.0
2000032S11115,ELINE,2000-02-12 03:00:00+00:00,2000-02-12 06:00:00+00:00,3.0,stormsense_dataset/images/2000032S11115_ELINE/20000212T030000Z.png,"Meteosat-5,Meteosat-7",36.79999923706055,990.0,-16.558334350585938,68.79249572753906,0.0,0.0,developing,developing,36.79999923706055,990.0,0.0,0.0
2000032S11115,ELINE,2000-02-12 06:00:00+00:00,2000-02-12 09:00:00+00:00,3.0,stormsense_dataset/images/2000032S11115_ELINE/20000212T060000Z.png,"Meteosat-5,Meteosat-7",36.79999923706055,990.0,-16.399999618530273,68.26666259765625,0.0,0.0,developing,developing,38.26666641235352,990.0,1.4666671752929759,0.0
2000032S11115,ELINE,2000-02-12 09:00:00+00:00,2000-02-12 12:00:00+00:00,3.0,stormsense_dataset/images/2000032S11115_ELINE/20000212T090000Z.png,"Meteosat-5,Meteosat-7",38.26666641235352,990.0,-16.31833267211914,67.71749877929688,1.466667175292976,0.0,developing,developing,39.73333358764648,990.0,1.4666671752929545,0.0
2000032S11115,ELINE,2000-02-12 12:00:00+00:00,2000-02-12 15:00:00+00:00,3.0,stormsense_dataset/images/2000032S11115_ELINE/20000212T120000Z.png,"Meteosat-5,Meteosat-7",39.73333358764648,990.0,-16.266666412353516,67.13333129882812,1.4666671752929543,0.0,developing,developing,40.23333358764648,989.0,0.5,-1.0
2000032S11115,ELINE,2000-02-12 15:00:00+00:00,2000-02-12 18:00:00+00:00,3.0,stormsense_dataset/images/2000032S11115_ELINE/20000212T150000Z.png,"Meteosat-5,Meteosat-7",40.23333358764648,989.0,-16.19333267211914,66.50082397460938,0.5,-1.0,developing,developing,40.73333358764648,988.0,0.5,-1.0
2000032S11115,ELINE,2000-02-12 18:00:00+00:00,2000-02-12 21:00:00+00:00,3.0,stormsense_dataset/images/2000032S11115_ELINE/20000212T180000Z.png,"Meteosat-5,Meteosat-7",40.73333358764648,988.0,-16.100000381469727,65.83334350585938,0.5,-1.0,developing,developing,40.73333358764648,988.0,0.0,0.0
2000032S11115,ELINE,2000-02-12 21:00:00+00:00,2000-02-13 00:00:00+00:00,3.0,stormsense_dataset/images/2000032S11115_ELINE/20000212T210000Z.png,"Meteosat-5,Meteosat-7",40.73333358764648,988.0,-15.956666946411133,65.135009765625,0.0,0.0,developing,developing,40.73333358764648,988.0,0.0,0.0
2000032S11115,ELINE,2000-02-13 00:00:00+00:00,2000-02-13 03:00:00+00:00,3.0,stormsense_dataset/images/2000032S11115_ELINE/20000213T000000Z.png,"Meteosat-5,Meteosat-7",40.73333358764648,988.0,-15.833333015441896,64.4666748046875,0.0,0.0,developing,developing,40.73333358764648,988.0,0.0,0.0
2000032S11115,ELINE,2000-02-13 03:00:00+00:00,2000-02-13 06:00:00+00:00,3.0,stormsense_dataset/images/2000032S11115_ELINE/20000213T030000Z.png,"Meteosat-5,Meteosat-7",40.73333358764648,988.0,-15.779166221618652,63.88417053222656,0.0,0.0,developing,developing,40.73333358764648,988.0,0.0,0.0
2000032S11115,ELINE,2000-02-13 06:00:00+00:00,2000-02-13 09:00:00+00:00,3.0,stormsense_dataset/images/2000032S11115_ELINE/20000213T060000Z.png,"Meteosat-5,Meteosat-7",40.73333358764648,988.0,-15.800000190734863,63.36666870117188,0.0,0.0,developing,developing,42.20000076293945,988.0,1.4666671752929759,0.0
2000032S11115,ELINE,2000-02-13 09:00:00+00:00,2000-02-13 12:00:00+00:00,3.0,stormsense_dataset/images/2000032S11115_ELINE/20000213T090000Z.png,"Meteosat-5,Meteosat-7",42.20000076293945,988.0,-15.889166831970217,62.88250732421875,1.466667175292976,0.0,developing,developing,43.66666793823242,988.0,1.4666671752929688,0.0
2000032S11115,ELINE,2000-02-13 12:00:00+00:00,2000-02-13 15:00:00+00:00,3.0,stormsense_dataset/images/2000032S11115_ELINE/20000213T120000Z.png,"Meteosat-5,Meteosat-7",43.66666793823242,988.0,-16.03333282470703,62.43333435058594,1.4666671752929688,0.0,developing,developing,47.76667022705078,985.5,4.100002288818359,-2.5
2000032S11115,ELINE,2000-02-13 15:00:00+00:00,2000-02-13 18:00:00+00:00,3.0,stormsense_dataset/images/2000032S11115_ELINE/20000213T150000Z.png,"Meteosat-5,Meteosat-7",47.76667022705078,985.5,-16.170000076293945,61.98249816894531,4.100002288818359,-2.5,developing,developing,51.86666870117188,983.0,4.099998474121101,-2.5
2000032S11115,ELINE,2000-02-13 18:00:00+00:00,2000-02-13 21:00:00+00:00,3.0,stormsense_dataset/images/2000032S11115_ELINE/20000213T180000Z.png,"Meteosat-5,Meteosat-7",51.86666870117188,983.0,-16.366666793823242,61.56666564941406,4.099998474121101,-2.5,developing,developing,56.46666717529297,979.0,4.599998474121087,-4.0
2000032S11115,ELINE,2000-02-13 21:00:00+00:00,2000-02-14 00:00:00+00:00,3.0,stormsense_dataset/images/2000032S11115_ELINE/20000213T210000Z.png,"Meteosat-5,Meteosat-7",56.46666717529297,979.0,-16.675832748413086,61.22666931152344,4.599998474121087,-4.0,developing,organizing,61.06666564941406,975.0,4.599998474121094,-4.0
2000032S11115,ELINE,2000-02-14 00:00:00+00:00,2000-02-14 03:00:00+00:00,3.0,stormsense_dataset/images/2000032S11115_ELINE/20000214T000000Z.png,"Meteosat-5,Meteosat-7",61.06666564941406,975.0,-17.0,60.86666870117188,4.599998474121094,-4.0,organizing,organizing,61.06666564941406,975.0,0.0,0.0
2000032S11115,ELINE,2000-02-14 03:00:00+00:00,2000-02-14 06:00:00+00:00,3.0,stormsense_dataset/images/2000032S11115_ELINE/20000214T030000Z.png,"Meteosat-5,Meteosat-7",61.06666564941406,975.0,-17.236665725708008,60.38916015625,0.0,0.0,organizing,organizing,61.06666564941406,975.0,0.0,0.0
2000032S11115,ELINE,2000-02-14 06:00:00+00:00,2000-02-14 09:00:00+00:00,3.0,stormsense_dataset/images/2000032S11115_ELINE/20000214T060000Z.png,"Meteosat-5,Meteosat-7",61.06666564941406,975.0,-17.433332443237305,59.86666870117188,0.0,0.0,organizing,organizing,61.06666564941406,975.0,0.0,0.0
2000032S11115,ELINE,2000-02-14 09:00:00+00:00,2000-02-14 12:00:00+00:00,3.0,stormsense_dataset/images/2000032S11115_ELINE/20000214T090000Z.png,"Meteosat-5,Meteosat-7",61.06666564941406,975.0,-17.62416648864746,59.359161376953125,0.0,0.0,organizing,organizing,61.06666564941406,975.0,0.0,0.0
2000032S11115,ELINE,2000-02-14 12:00:00+00:00,2000-02-14 15:00:00+00:00,3.0,stormsense_dataset/images/2000032S11115_ELINE/20000214T120000Z.png,"Meteosat-5,Meteosat-7",61.06666564941406,975.0,-17.80000114440918,58.86666870117188,0.0,0.0,organizing,developing,60.23332977294922,976.5,-0.8333358764648438,1.5
2000032S11115,ELINE,2000-02-14 15:00:00+00:00,2000-02-14 18:00:00+00:00,3.0,stormsense_dataset/images/2000032S11115_ELINE/20000214T150000Z.png,"Meteosat-5,Meteosat-7",60.23332977294922,976.5,-17.969167709350586,58.4041748046875,-0.8333358764648438,1.5,developing,developing,59.39999771118164,978.0,-0.8333320617675781,1.5
2000032S11115,ELINE,2000-02-14 18:00:00+00:00,2000-02-14 21:00:00+00:00,3.0,stormsense_dataset/images/2000032S11115_ELINE/20000214T180000Z.png,"Meteosat-5,Meteosat-7",59.39999771118164,978.0,-18.13333320617676,57.96665954589844,-0.8333320617675781,1.5,developing,developing,59.39999771118164,978.0,0.0,0.0
2000032S11115,ELINE,2000-02-14 21:00:00+00:00,2000-02-15 00:00:00+00:00,3.0,stormsense_dataset/images/2000032S11115_ELINE/20000214T210000Z.png,"Meteosat-5,Meteosat-7",59.39999771118164,978.0,-18.299999237060547,57.54499816894531,0.0,0.0,developing,developing,59.39999771118164,978.0,0.0,0.0
2000032S11115,ELINE,2000-02-15 00:00:00+00:00,2000-02-15 03:00:00+00:00,3.0,stormsense_dataset/images/2000032S11115_ELINE/20000215T000000Z.png,"Meteosat-5,Meteosat-7",59.39999771118164,978.0,-18.46666717529297,57.133331298828125,0.0,0.0,developing,developing,57.93333053588867,979.0,-1.4666671752929688,1.0
2000032S11115,ELINE,2000-02-15 03:00:00+00:00,2000-02-15 06:00:00+00:00,3.0,stormsense_dataset/images/2000032S11115_ELINE/20000215T030000Z.png,"Meteosat-5,Meteosat-7",57.93333053588867,979.0,-18.640832901000977,56.70916748046875,-1.4666671752929688,1.0,developing,developing,56.4666633605957,980.0,-1.4666671752929688,1.0
2000032S11115,ELINE,2000-02-15 06:00:00+00:00,2000-02-15 09:00:00+00:00,3.0,stormsense_dataset/images/2000032S11115_ELINE/20000215T060000Z.png,"Meteosat-5,Meteosat-7",56.4666633605957,980.0,-18.799999237060547,56.30000305175781,-1.4666671752929688,1.0,developing,developing,56.4666633605957,979.0,0.0,-1.0
2000032S11115,ELINE,2000-02-15 09:00:00+00:00,2000-02-15 12:00:00+00:00,3.0,stormsense_dataset/images/2000032S11115_ELINE/20000215T090000Z.png,"Meteosat-5,Meteosat-7",56.4666633605957,979.0,-18.90666580200196,55.92333984375,0.0,-1.0,developing,developing,56.4666633605957,978.0,0.0,-1.0
2000032S11115,ELINE,2000-02-15 12:00:00+00:00,2000-02-15 15:00:00+00:00,3.0,stormsense_dataset/images/2000032S11115_ELINE/20000215T120000Z.png,"Meteosat-5,Meteosat-7",56.4666633605957,978.0,-19.03333282470703,55.56666564941406,0.0,-1.0,developing,developing,57.29999542236328,976.5,0.8333320617675781,-1.5
2000032S11115,ELINE,2000-02-15 15:00:00+00:00,2000-02-15 18:00:00+00:00,3.0,stormsense_dataset/images/2000032S11115_ELINE/20000215T150000Z.png,"Meteosat-5,Meteosat-7",57.29999542236328,976.5,-19.246665954589844,55.22166442871094,0.8333320617675781,-1.5,developing,developing,58.133331298828125,975.0,0.8333358764648438,-1.5
2000032S11115,ELINE,2000-02-15 18:00:00+00:00,2000-02-15 21:00:00+00:00,3.0,stormsense_dataset/images/2000032S11115_ELINE/20000215T180000Z.png,"Meteosat-5,Meteosat-7",58.133331298828125,975.0,-19.5,54.86666870117188,0.8333358764648438,-1.5,developing,developing,58.133331298828125,974.0,0.0,-1.0
2000032S11115,ELINE,2000-02-15 21:00:00+00:00,2000-02-16 00:00:00+00:00,3.0,stormsense_dataset/images/2000032S11115_ELINE/20000215T210000Z.png,"Meteosat-5,Meteosat-7",58.133331298828125,974.0,-19.75749969482422,54.494171142578125,0.0,-1.0,developing,developing,58.133331298828125,973.0,0.0,-1.0
2000032S11115,ELINE,2000-02-16 00:00:00+00:00,2000-02-16 03:00:00+00:00,3.0,stormsense_dataset/images/2000032S11115_ELINE/20000216T000000Z.png,"Meteosat-5,Meteosat-7",58.133331298828125,973.0,-20.0,54.06666564941406,0.0,-1.0,developing,developing,58.96666717529297,971.5,0.8333358764648438,-1.5
2000032S11115,ELINE,2000-02-16 03:00:00+00:00,2000-02-16 06:00:00+00:00,3.0,stormsense_dataset/images/2000032S11115_ELINE/20000216T030000Z.png,"Meteosat-5,Meteosat-7",58.96666717529297,971.5,-20.218334197998047,53.54083251953125,0.8333358764648438,-1.5,developing,developing,59.79999923706055,970.0,0.8333320617675781,-1.5
2000032S11115,ELINE,2000-02-16 06:00:00+00:00,2000-02-16 09:00:00+00:00,3.0,stormsense_dataset/images/2000032S11115_ELINE/20000216T060000Z.png,"Meteosat-5,Meteosat-7",59.79999923706055,970.0,-20.36666679382324,53.0,0.8333320617675781,-1.5,developing,developing,59.79999923706055,970.0,0.0,0.0
2000032S11115,ELINE,2000-02-16 09:00:00+00:00,2000-02-16 12:00:00+00:00,3.0,stormsense_dataset/images/2000032S11115_ELINE/20000216T090000Z.png,"Meteosat-5,Meteosat-7",59.79999923706055,970.0,-20.420833587646484,52.510009765625,0.0,0.0,developing,developing,59.79999923706055,970.0,0.0,0.0
2000032S11115,ELINE,2000-02-16 12:00:00+00:00,2000-02-16 15:00:00+00:00,3.0,stormsense_dataset/images/2000032S11115_ELINE/20000216T120000Z.png,"Meteosat-5,Meteosat-7",59.79999923706055,970.0,-20.39999961853028,52.100006103515625,0.0,0.0,developing,organizing,60.633331298828125,967.5,0.8333320617675781,-2.5
2000032S11115,ELINE,2000-02-16 15:00:00+00:00,2000-02-16 18:00:00+00:00,3.0,stormsense_dataset/images/2000032S11115_ELINE/20000216T150000Z.png,"Meteosat-5,Meteosat-7",60.633331298828125,967.5,-20.35333251953125,51.81333923339844,0.8333320617675781,-2.5,organizing,organizing,61.4666633605957,965.0,0.8333320617675781,-2.5
2000032S11115,ELINE,2000-02-16 18:00:00+00:00,2000-02-16 21:00:00+00:00,3.0,stormsense_dataset/images/2000032S11115_ELINE/20000216T180000Z.png,"Meteosat-5,Meteosat-7",61.4666633605957,965.0,-20.26666641235352,51.56666564941406,0.8333320617675781,-2.5,organizing,organizing,61.4666633605957,965.0,0.0,0.0
2000032S11115,ELINE,2000-02-16 21:00:00+00:00,2000-02-17 00:00:00+00:00,3.0,stormsense_dataset/images/2000032S11115_ELINE/20000216T210000Z.png,"Meteosat-5,Meteosat-7",61.4666633605957,965.0,-20.145000457763672,51.25999450683594,0.0,0.0,organizing,organizing,61.4666633605957,965.0,0.0,0.0
2000032S11115,ELINE,2000-02-17 00:00:00+00:00,2000-02-17 03:00:00+00:00,3.0,stormsense_dataset/images/2000032S11115_ELINE/20000217T000000Z.png,"Meteosat-5,Meteosat-7",61.4666633605957,965.0,-20.03333282470703,50.93333435058594,0.0,0.0,organizing,organizing,66.69999694824219,962.5,5.233333587646484,-2.5
2000032S11115,ELINE,2000-02-17 03:00:00+00:00,2000-02-17 06:00:00+00:00,3.0,stormsense_dataset/images/2000032S11115_ELINE/20000217T030000Z.png,"Meteosat-5,Meteosat-7",66.69999694824219,962.5,-19.989999771118164,50.61500549316406,5.233333587646484,-2.5,organizing,organizing,71.9333267211914,960.0,5.233329772949219,-2.5
2000032S11115,ELINE,2000-02-17 06:00:00+00:00,2000-02-17 09:00:00+00:00,3.0,stormsense_dataset/images/2000032S11115_ELINE/20000217T060000Z.png,"Meteosat-5,Meteosat-7",71.9333267211914,960.0,-19.96666717529297,50.26666259765625,5.233329772949219,-2.5,organizing,organizing,72.76666259765625,956.5,0.8333358764648438,-3.5
2000032S11115,ELINE,2000-02-17 09:00:00+00:00,2000-02-17 12:00:00+00:00,3.0,stormsense_dataset/images/2000032S11115_ELINE/20000217T090000Z.png,"Meteosat-5,Meteosat-7",72.76666259765625,956.5,-19.93416786193848,49.8699951171875,0.8333358764648438,-3.5,organizing,organizing,73.5999984741211,953.0,0.8333358764648438,-3.5
2000032S11115,ELINE,2000-02-17 12:00:00+00:00,2000-02-17 15:00:00+00:00,3.0,stormsense_dataset/images/2000032S11115_ELINE/20000217T120000Z.png,"Meteosat-5,Meteosat-7",73.5999984741211,953.0,-19.86666679382324,49.43333435058594,0.8333358764648438,-3.5,organizing,organizing,73.80000305175781,946.5,0.20000457763671875,-6.5
2000032S11115,ELINE,2000-02-17 15:00:00+00:00,2000-02-17 18:00:00+00:00,3.0,stormsense_dataset/images/2000032S11115_ELINE/20000217T150000Z.png,"Meteosat-5,Meteosat-7",73.80000305175781,946.5,-19.746665954589844,48.97666931152344,0.2000045776367187,-6.5,organizing,weakening,74.0,940.0,0.1999969482421875,-6.5
2000032S11115,ELINE,2000-02-17 18:00:00+00:00,2000-02-17 21:00:00+00:00,3.0,stormsense_dataset/images/2000032S11115_ELINE/20000217T180000Z.png,"Meteosat-5,Meteosat-7",74.0,940.0,-19.566665649414062,48.5,0.1999969482421875,-6.5,weakening,weakening,65.5999984741211,,-8.400001525878906,
2000032S11115,ELINE,2000-02-17 21:00:00+00:00,2000-02-18 00:00:00+00:00,3.0,stormsense_dataset/images/2000032S11115_ELINE/20000217T210000Z.png,"Meteosat-5,Meteosat-7",65.5999984741211,,-19.28166580200196,48.03416442871094,-8.400001525878906,,weakening,weakening,57.20000076293945,,-8.39999771118164,
2000032S11115,ELINE,2000-02-18 00:00:00+00:00,2000-02-18 03:00:00+00:00,3.0,stormsense_dataset/images/2000032S11115_ELINE/20000218T000000Z.png,"Meteosat-5,Meteosat-7",57.20000076293945,,-19.06666755676269,47.53334045410156,-8.39999771118164,,weakening,developing,48.400001525878906,,-8.799999237060547,
2000032S11115,ELINE,2000-02-18 03:00:00+00:00,2000-02-18 06:00:00+00:00,3.0,stormsense_dataset/images/2000032S11115_ELINE/20000218T030000Z.png,"Meteosat-5,Meteosat-7",48.400001525878906,,-19.102500915527344,46.972503662109375,-8.799999237060547,,developing,developing,39.59999847412109,,-8.80000305175782,
2000032S11115,ELINE,2000-02-18 06:00:00+00:00,2000-02-18 09:00:00+00:00,3.0,stormsense_dataset/images/2000032S11115_ELINE/20000218T060000Z.png,"Meteosat-5,Meteosat-7",39.59999847412109,,-19.233333587646484,46.36666870117188,-8.80000305175782,,developing,developing,33.0,,-6.599998474121087,
2000032S11115,ELINE,2000-02-18 09:00:00+00:00,2000-02-18 12:00:00+00:00,3.0,stormsense_dataset/images/2000032S11115_ELINE/20000218T090000Z.png,"Meteosat-5,Meteosat-7",33.0,,-19.290000915527344,45.71333312988281,-6.599998474121087,,developing,developing,26.39999961853028,,-6.6000003814697195,
2000032S11115,ELINE,2000-02-18 12:00:00+00:00,2000-02-18 15:00:00+00:00,3.0,stormsense_dataset/images/2000032S11115_ELINE/20000218T120000Z.png,"Meteosat-5,Meteosat-7",26.39999961853028,,-19.36666679382324,45.09999084472656,-6.60000038146972,,developing,developing,26.39999961853028,,0.0,
2000032S11115,ELINE,2000-02-18 15:00:00+00:00,2000-02-18 18:00:00+00:00,3.0,stormsense_dataset/images/2000032S11115_ELINE/20000218T150000Z.png,"Meteosat-5,Meteosat-7",26.39999961853028,,-19.496665954589844,44.62249755859375,0.0,,developing,developing,26.39999961853028,,0.0,
2000032S11115,ELINE,2000-02-18 18:00:00+00:00,2000-02-18 21:00:00+00:00,3.0,stormsense_dataset/images/2000032S11115_ELINE/20000218T180000Z.png,"Meteosat-5,Meteosat-7",26.39999961853028,,-19.66666603088379,44.19999694824219,0.0,,developing,developing,28.46666717529297,,2.066667556762688,
2000032S11115,ELINE,2000-02-18 21:00:00+00:00,2000-02-19 00:00:00+00:00,3.0,stormsense_dataset/images/2000032S11115_ELINE/20000218T210000Z.png,"Meteosat-5,Meteosat-7",28.46666717529297,,-19.856666564941406,43.74249267578125,2.066667556762688,,developing,developing,30.53333282470703,999.0,2.0666656494140625,
2000032S11115,ELINE,2000-02-19 00:00:00+00:00,2000-02-19 03:00:00+00:00,3.0,stormsense_dataset/images/2000032S11115_ELINE/20000219T000000Z.png,"Meteosat-5,Meteosat-7",30.53333282470703,999.0,-20.06666755676269,43.30000305175781,2.0666656494140625,,developing,developing,30.53333282470703,998.0,0.0,-1.0
2000032S11115,ELINE,2000-02-19 03:00:00+00:00,2000-02-19 06:00:00+00:00,3.0,stormsense_dataset/images/2000032S11115_ELINE/20000219T030000Z.png,"Meteosat-5,Meteosat-7",30.53333282470703,998.0,-20.27833366394043,42.87750244140625,0.0,-1.0,developing,developing,30.53333282470703,997.0,0.0,-1.0
2000032S11115,ELINE,2000-02-19 06:00:00+00:00,2000-02-19 09:00:00+00:00,3.0,stormsense_dataset/images/2000032S11115_ELINE/20000219T060000Z.png,"Meteosat-5,Meteosat-7",30.53333282470703,997.0,-20.5,42.5,0.0,-1.0,developing,developing,31.36666679382324,996.0,0.8333339691162074,-1.0
2000032S11115,ELINE,2000-02-19 09:00:00+00:00,2000-02-19 12:00:00+00:00,3.0,stormsense_dataset/images/2000032S11115_ELINE/20000219T090000Z.png,"Meteosat-5,Meteosat-7",31.36666679382324,996.0,-20.725833892822266,42.18499755859375,0.8333339691162074,-1.0,developing,developing,32.20000076293945,995.0,0.8333339691162145,-1.0
2000032S11115,ELINE,2000-02-19 12:00:00+00:00,2000-02-19 15:00:00+00:00,3.0,stormsense_dataset/images/2000032S11115_ELINE/20000219T120000Z.png,"Meteosat-5,Meteosat-7",32.20000076293945,995.0,-20.96666717529297,41.899993896484375,0.8333339691162145,-1.0,developing,developing,33.03333282470703,993.5,0.8333320617675781,-1.5
2000032S11115,ELINE,2000-02-19 15:00:00+00:00,2000-02-19 18:00:00+00:00,3.0,stormsense_dataset/images/2000032S11115_ELINE/20000219T150000Z.png,"Meteosat-5,Meteosat-7",33.03333282470703,993.5,-21.2358341217041,41.625,0.8333320617675781,-1.5,developing,developing,33.866668701171875,992.0,0.8333358764648438,-1.5
2000032S11115,ELINE,2000-02-19 18:00:00+00:00,2000-02-19 21:00:00+00:00,3.0,stormsense_dataset/images/2000032S11115_ELINE/20000219T180000Z.png,"Meteosat-5,Meteosat-7",33.866668701171875,992.0,-21.5,41.30000305175781,0.8333358764648438,-1.5,developing,developing,37.633331298828125,990.0,3.76666259765625,-2.0
2000032S11115,ELINE,2000-02-19 21:00:00+00:00,2000-02-20 00:00:00+00:00,3.0,stormsense_dataset/images/2000032S11115_ELINE/20000219T210000Z.png,"Meteosat-5,Meteosat-7",37.633331298828125,990.0,-21.74416732788086,40.8558349609375,3.76666259765625,-2.0,developing,developing,41.39999771118164,988.0,3.7666664123535156,-2.0
2000032S11115,ELINE,2000-02-20 00:00:00+00:00,2000-02-20 03:00:00+00:00,3.0,stormsense_dataset/images/2000032S11115_ELINE/20000220T000000Z.png,"Meteosat-5,Meteosat-7",41.39999771118164,988.0,-21.933334350585938,40.36666870117188,3.766666412353516,-2.0,developing,developing,45.16666412353516,985.5,3.7666664123535227,-2.5
2000032S11115,ELINE,2000-02-20 03:00:00+00:00,2000-02-20 06:00:00+00:00,3.0,stormsense_dataset/images/2000032S11115_ELINE/20000220T030000Z.png,"Meteosat-5,Meteosat-7",45.16666412353516,985.5,-22.044166564941406,39.91665649414063,3.7666664123535223,-2.5,developing,developing,48.93333435058594,983.0,3.766670227050774,-2.5
2000032S11115,ELINE,2000-02-20 06:00:00+00:00,2000-02-20 09:00:00+00:00,3.0,stormsense_dataset/images/2000032S11115_ELINE/20000220T060000Z.png,"Meteosat-5,Meteosat-7",48.93333435058594,983.0,-22.100000381469727,39.4666748046875,3.766670227050774,-2.5,developing,developing,49.76667022705078,980.5,0.8333358764648438,-2.5
2000032S11115,ELINE,2000-02-20 09:00:00+00:00,2000-02-20 12:00:00+00:00,3.0,stormsense_dataset/images/2000032S11115_ELINE/20000220T090000Z.png,"Meteosat-5,Meteosat-7",49.76667022705078,980.5,-22.15833282470703,38.98500061035156,0.8333358764648438,-2.5,developing,developing,50.60000228881836,978.0,0.8333320617675781,-2.5
2000032S11115,ELINE,2000-02-20 12:00:00+00:00,2000-02-20 15:00:00+00:00,3.0,stormsense_dataset/images/2000032S11115_ELINE/20000220T120000Z.png,"Meteosat-5,Meteosat-7",50.60000228881836,978.0,-22.16666603088379,38.53334045410156,0.8333320617675781,-2.5,developing,developing,54.36666870117188,976.5,3.7666664123535227,-1.5
2000032S11115,ELINE,2000-02-20 15:00:00+00:00,2000-02-20 18:00:00+00:00,3.0,stormsense_dataset/images/2000032S11115_ELINE/20000220T150000Z.png,"Meteosat-5,Meteosat-7",54.36666870117188,976.5,-22.09833335876465,38.145843505859375,3.7666664123535223,-1.5,developing,developing,58.133331298828125,975.0,3.766662597656243,-1.5
2000032S11115,ELINE,2000-02-20 18:00:00+00:00,2000-02-20 21:00:00+00:00,3.0,stormsense_dataset/images/2000032S11115_ELINE/20000220T180000Z.png,"Meteosat-5,Meteosat-7",58.133331298828125,975.0,-22.0,37.833343505859375,3.766662597656243,-1.5,developing,developing,58.133331298828125,975.0,0.0,0.0
2000032S11115,ELINE,2000-02-20 21:00:00+00:00,2000-02-21 00:00:00+00:00,3.0,stormsense_dataset/images/2000032S11115_ELINE/20000220T210000Z.png,"Meteosat-5,Meteosat-7",58.133331298828125,975.0,-21.94083404541016,37.59417724609375,0.0,0.0,developing,developing,58.133331298828125,975.0,0.0,0.0
2000032S11115,ELINE,2000-02-21 00:00:00+00:00,2000-02-21 03:00:00+00:00,3.0,stormsense_dataset/images/2000032S11115_ELINE/20000221T000000Z.png,"Meteosat-5,Meteosat-7",58.133331298828125,975.0,-21.86666679382324,37.399993896484375,0.0,0.0,developing,developing,58.133331298828125,975.0,0.0,0.0
2000032S11115,ELINE,2000-02-21 03:00:00+00:00,2000-02-21 06:00:00+00:00,3.0,stormsense_dataset/images/2000032S11115_ELINE/20000221T030000Z.png,"Meteosat-5,Meteosat-7",58.133331298828125,975.0,-21.74333381652832,37.19999694824219,0.0,0.0,developing,developing,58.133331298828125,975.0,0.0,0.0
2000032S11115,ELINE,2000-02-21 06:00:00+00:00,2000-02-21 09:00:00+00:00,3.0,stormsense_dataset/images/2000032S11115_ELINE/20000221T060000Z.png,"Meteosat-5,Meteosat-7",58.133331298828125,975.0,-21.600000381469727,37.0,0.0,0.0,developing,developing,60.43333435058594,972.5,2.3000030517578125,-2.5
2000032S11115,ELINE,2000-02-21 09:00:00+00:00,2000-02-21 12:00:00+00:00,3.0,stormsense_dataset/images/2000032S11115_ELINE/20000221T090000Z.png,"Meteosat-5,Meteosat-7",60.43333435058594,972.5,-21.46416664123535,36.788330078125,2.3000030517578125,-2.5,developing,organizing,62.73333358764648,970.0,2.2999992370605398,-2.5
2000032S11115,ELINE,2000-02-21 12:00:00+00:00,2000-02-21 15:00:00+00:00,3.0,stormsense_dataset/images/2000032S11115_ELINE/20000221T120000Z.png,"Meteosat-5,Meteosat-7",62.73333358764648,970.0,-21.33333396911621,36.56666564941406,2.29999923706054,-2.5,organizing,organizing,71.0999984741211,962.5,8.366664886474616,-7.5
2000032S11115,ELINE,2000-02-21 15:00:00+00:00,2000-02-21 18:00:00+00:00,3.0,stormsense_dataset/images/2000032S11115_ELINE/20000221T150000Z.png,"Meteosat-5,Meteosat-7",71.0999984741211,962.5,-21.219167709350582,36.34083557128906,8.366664886474616,-7.5,organizing,organizing,79.46666717529297,955.0,8.366668701171875,-7.5
2000032S11115,ELINE,2000-02-21 18:00:00+00:00,2000-02-21 21:00:00+00:00,3.0,stormsense_dataset/images/2000032S11115_ELINE/20000221T180000Z.png,"Meteosat-5,Meteosat-7",79.46666717529297,955.0,-21.100000381469727,36.100006103515625,8.366668701171875,-7.5,organizing,organizing,84.9000015258789,945.0,5.4333343505859375,-10.0
2000032S11115,ELINE,2000-02-21 21:00:00+00:00,2000-02-22 00:00:00+00:00,3.0,stormsense_dataset/images/2000032S11115_ELINE/20000221T210000Z.png,"Meteosat-5,Meteosat-7",84.9000015258789,945.0,-20.94750022888184,35.84332275390625,5.4333343505859375,-10.0,organizing,organizing,90.33333587646484,935.0,5.4333343505859375,-10.0
2000032S11115,ELINE,2000-02-22 00:00:00+00:00,2000-02-22 03:00:00+00:00,3.0,stormsense_dataset/images/2000032S11115_ELINE/20000222T000000Z.png,"Meteosat-5,Meteosat-7",90.33333587646484,935.0,-20.799999237060547,35.56666564941406,5.4333343505859375,-10.0,organizing,organizing,95.56666564941406,932.5,5.233329772949219,-2.5
2000032S11115,ELINE,2000-02-22 03:00:00+00:00,2000-02-22 06:00:00+00:00,3.0,stormsense_dataset/images/2000032S11115_ELINE/20000222T030000Z.png,"Meteosat-5,Meteosat-7",95.56666564941406,932.5,-20.69750022888184,35.299163818359375,5.233329772949219,-2.5,organizing,weakening,100.79999542236328,930.0,5.233329772949219,-2.5
2000032S11115,ELINE,2000-02-22 06:00:00+00:00,2000-02-22 09:00:00+00:00,3.0,stormsense_dataset/images/2000032S11115_ELINE/20000222T060000Z.png,"Meteosat-5,Meteosat-7",100.79999542236328,930.0,-20.600000381469727,34.9666748046875,5.233329772949219,-2.5,weakening,weakening,89.29999542236328,945.0,-11.5,15.0
2000032S11115,ELINE,2000-02-22 09:00:00+00:00,2000-02-22 12:00:00+00:00,3.0,stormsense_dataset/images/2000032S11115_ELINE/20000222T090000Z.png,"Meteosat-5,Meteosat-7",89.29999542236328,945.0,-20.49166679382324,34.51832580566406,-11.5,15.0,weakening,weakening,77.79999542236328,960.0,-11.5,15.0
2000032S11115,ELINE,2000-02-22 12:00:00+00:00,2000-02-22 15:00:00+00:00,3.0,stormsense_dataset/images/2000032S11115_ELINE/20000222T120000Z.png,"Meteosat-5,Meteosat-7",77.79999542236328,960.0,-20.33333396911621,34.0,-11.5,15.0,weakening,weakening,63.09999847412109,,-14.699996948242195,
2000032S11115,ELINE,2000-02-22 15:00:00+00:00,2000-02-22 18:00:00+00:00,3.0,stormsense_dataset/images/2000032S11115_ELINE/20000222T150000Z.png,"Meteosat-5,Meteosat-7",63.09999847412109,,-20.06916618347168,33.486663818359375,-14.699996948242196,,weakening,developing,48.400001525878906,,-14.69999694824218,
2000032S11115,ELINE,2000-02-22 18:00:00+00:00,2000-02-22 21:00:00+00:00,3.0,stormsense_dataset/images/2000032S11115_ELINE/20000222T180000Z.png,"Meteosat-5,Meteosat-7",48.400001525878906,,-19.799999237060547,32.93333435058594,-14.69999694824218,,developing,developing,44.0,,-4.400001525878906,
2000032S11115,ELINE,2000-02-22 21:00:00+00:00,2000-02-23 00:00:00+00:00,3.0,stormsense_dataset/images/2000032S11115_ELINE/20000222T210000Z.png,"Meteosat-5,Meteosat-7",44.0,,-19.63249969482422,32.31916809082031,-4.400001525878906,,developing,developing,39.59999847412109,,-4.400001525878913,
2000032S11115,ELINE,2000-02-23 00:00:00+00:00,2000-02-23 03:00:00+00:00,3.0,stormsense_dataset/images/2000032S11115_ELINE/20000223T000000Z.png,"Meteosat-5,Meteosat-7",39.59999847412109,,-19.5,31.699996948242188,-4.400001525878913,,developing,developing,33.0,,-6.599998474121087,
2000032S11115,ELINE,2000-02-23 03:00:00+00:00,2000-02-23 06:00:00+00:00,3.0,stormsense_dataset/images/2000032S11115_ELINE/20000223T030000Z.png,"Meteosat-5,Meteosat-7",33.0,,-19.332500457763672,31.1199951171875,-6.599998474121087,,developing,developing,26.39999961853028,,-6.6000003814697195,
2000032S11115,ELINE,2000-02-23 06:00:00+00:00,2000-02-23 09:00:00+00:00,3.0,stormsense_dataset/images/2000032S11115_ELINE/20000223T060000Z.png,"Meteosat-5,Meteosat-7",26.39999961853028,,-19.200000762939453,30.600006103515625,-6.60000038146972,,developing,developing,24.200000762939453,,-2.1999988555908274,
2000032S11115,ELINE,2000-02-23 09:00:00+00:00,2000-02-23 12:00:00+00:00,3.0,stormsense_dataset/images/2000032S11115_ELINE/20000223T090000Z.png,"Meteosat-5,Meteosat-7",24.200000762939453,,-19.11666679382324,30.143325805664062,-2.1999988555908274,,developing,developing,22.0,,-2.200000762939453,
2000032S11115,ELINE,2000-02-23 12:00:00+00:00,2000-02-23 15:00:00+00:00,3.0,stormsense_dataset/images/2000032S11115_ELINE/20000223T120000Z.png,"Meteosat-5,Meteosat-7",22.0,,-19.13333320617676,29.76666259765625,-2.200000762939453,,developing,developing,10.5,,-11.5,
2000032S11115,ELINE,2000-02-23 15:00:00+00:00,2000-02-23 18:00:00+00:00,3.0,stormsense_dataset/images/2000032S11115_ELINE/20000223T150000Z.png,"Meteosat-5,Meteosat-7",10.5,,-19.296667098999023,29.465835571289062,-11.5,,developing,developing,-1.0,,-11.5,
2000032S11115,ELINE,2000-02-23 18:00:00+00:00,2000-02-23 21:00:00+00:00,3.0,stormsense_dataset/images/2000032S11115_ELINE/20000223T180000Z.png,"Meteosat-5,Meteosat-7",-1.0,,-19.5,29.199996948242188,-11.5,,developing,developing,-1.0,,0.0,
2000032S11115,ELINE,2000-02-23 21:00:00+00:00,2000-02-24 00:00:00+00:00,3.0,stormsense_dataset/images/2000032S11115_ELINE/20000223T210000Z.png,"Meteosat-5,Meteosat-7",-1.0,,-19.6200008392334,28.895004272460938,0.0,,developing,developing,-1.0,,0.0,
2000032S11115,ELINE,2000-02-24 00:00:00+00:00,2000-02-24 03:00:00+00:00,3.0,stormsense_dataset/images/2000032S11115_ELINE/20000224T000000Z.png,"Meteosat-5,Meteosat-7",-1.0,,-19.700000762939453,28.600006103515625,0.0,,developing,developing,-1.0,,0.0,
2000032S11115,ELINE,2000-02-24 03:00:00+00:00,2000-02-24 06:00:00+00:00,3.0,stormsense_dataset/images/2000032S11115_ELINE/20000224T030000Z.png,"Meteosat-5,Meteosat-7",-1.0,,-19.75,28.365005493164062,0.0,,developing,developing,-1.0,,0.0,
2000032S11115,ELINE,2000-02-24 06:00:00+00:00,2000-02-24 09:00:00+00:00,3.0,stormsense_dataset/images/2000032S11115_ELINE/20000224T060000Z.png,"Meteosat-5,Meteosat-7",-1.0,,-19.799999237060547,28.100006103515625,0.0,,developing,developing,-1.0,,0.0,
2000032S11115,ELINE,2000-02-24 09:00:00+00:00,2000-02-24 12:00:00+00:00,3.0,stormsense_dataset/images/2000032S11115_ELINE/20000224T090000Z.png,"Meteosat-5,Meteosat-7",-1.0,,-19.89999961853028,27.707504272460938,0.0,,developing,developing,-1.0,,0.0,
2000032S11115,ELINE,2000-02-24 12:00:00+00:00,2000-02-24 15:00:00+00:00,3.0,stormsense_dataset/images/2000032S11115_ELINE/20000224T120000Z.png,"Meteosat-5,Meteosat-7",-1.0,,-20.0,27.30000305175781,0.0,,developing,developing,-1.0,,0.0,
2000032S11115,ELINE,2000-02-24 15:00:00+00:00,2000-02-24 18:00:00+00:00,3.0,stormsense_dataset/images/2000032S11115_ELINE/20000224T150000Z.png,"Meteosat-5,Meteosat-7",-1.0,,-20.0575008392334,27.0,0.0,,developing,developing,-1.0,,0.0,
2000032S11115,ELINE,2000-02-24 18:00:00+00:00,2000-02-24 21:00:00+00:00,3.0,stormsense_dataset/images/2000032S11115_ELINE/20000224T180000Z.png,"Meteosat-5,Meteosat-7",-1.0,,-20.100000381469727,26.699996948242188,0.0,,developing,developing,-1.0,,0.0,
2000032S11115,ELINE,2000-02-24 21:00:00+00:00,2000-02-25 00:00:00+00:00,3.0,stormsense_dataset/images/2000032S11115_ELINE/20000224T210000Z.png,"Meteosat-5,Meteosat-7",-1.0,,-20.157501220703125,26.322494506835938,0.0,,developing,developing,-1.0,,0.0,
2000032S11115,ELINE,2000-02-25 00:00:00+00:00,2000-02-25 03:00:00+00:00,3.0,stormsense_dataset/images/2000032S11115_ELINE/20000225T000000Z.png,"Meteosat-5,Meteosat-7",-1.0,,-20.200000762939453,25.89999389648437,0.0,,developing,developing,-1.0,,0.0,
2000032S11115,ELINE,2000-02-25 03:00:00+00:00,2000-02-25 06:00:00+00:00,3.0,stormsense_dataset/images/2000032S11115_ELINE/20000225T030000Z.png,"Meteosat-5,Meteosat-7",-1.0,,-20.200000762939453,25.449996948242188,0.0,,developing,developing,-1.0,,0.0,
2000032S11115,ELINE,2000-02-25 06:00:00+00:00,2000-02-25 09:00:00+00:00,3.0,stormsense_dataset/images/2000032S11115_ELINE/20000225T060000Z.png,"Meteosat-5,Meteosat-7",-1.0,,-20.200000762939453,25.0,0.0,,developing,developing,-1.0,,0.0,
2000032S11115,ELINE,2000-02-25 09:00:00+00:00,2000-02-25 12:00:00+00:00,3.0,stormsense_dataset/images/2000032S11115_ELINE/20000225T090000Z.png,"Meteosat-5,Meteosat-7",-1.0,,-20.25,24.57749938964844,0.0,,developing,developing,-1.0,,0.0,
2000032S11115,ELINE,2000-02-25 12:00:00+00:00,2000-02-25 15:00:00+00:00,3.0,stormsense_dataset/images/2000032S11115_ELINE/20000225T120000Z.png,"Meteosat-5,Meteosat-7",-1.0,,-20.299999237060547,24.199996948242188,0.0,,developing,developing,-1.0,,0.0,
2000032S11115,ELINE,2000-02-25 15:00:00+00:00,2000-02-25 18:00:00+00:00,3.0,stormsense_dataset/images/2000032S11115_ELINE/20000225T150000Z.png,"Meteosat-5,Meteosat-7",-1.0,,-20.30749893188477,23.892501831054688,0.0,,developing,developing,-1.0,,0.0,
2000032S11115,ELINE,2000-02-25 18:00:00+00:00,2000-02-25 21:00:00+00:00,3.0,stormsense_dataset/images/2000032S11115_ELINE/20000225T180000Z.png,"Meteosat-5,Meteosat-7",-1.0,,-20.299999237060547,23.600006103515625,0.0,,developing,developing,-1.0,,0.0,
2000032S11115,ELINE,2000-02-25 21:00:00+00:00,2000-02-26 00:00:00+00:00,3.0,stormsense_dataset/images/2000032S11115_ELINE/20000225T210000Z.png,"Meteosat-5,Meteosat-7",-1.0,,-20.299999237060547,23.25750732421875,0.0,,developing,developing,-1.0,,0.0,
2000032S11115,ELINE,2000-02-26 00:00:00+00:00,2000-02-26 03:00:00+00:00,3.0,stormsense_dataset/images/2000032S11115_ELINE/20000226T000000Z.png,"Meteosat-5,Meteosat-7",-1.0,,-20.299999237060547,22.89999389648437,0.0,,developing,developing,-1.0,,0.0,
2000032S11115,ELINE,2000-02-26 03:00:00+00:00,2000-02-26 06:00:00+00:00,3.0,stormsense_dataset/images/2000032S11115_ELINE/20000226T030000Z.png,"Meteosat-5,Meteosat-7",-1.0,,-20.292499542236328,22.53500366210937,0.0,,developing,developing,-1.0,,0.0,
2000032S11115,ELINE,2000-02-26 06:00:00+00:00,2000-02-26 09:00:00+00:00,3.0,stormsense_dataset/images/2000032S11115_ELINE/20000226T060000Z.png,"Meteosat-5,Meteosat-7",-1.0,,-20.299999237060547,22.199996948242188,0.0,,developing,developing,-1.0,,0.0,
2000032S11115,ELINE,2000-02-26 09:00:00+00:00,2000-02-26 12:00:00+00:00,3.0,stormsense_dataset/images/2000032S11115_ELINE/20000226T090000Z.png,"Meteosat-5,Meteosat-7",-1.0,,-20.349998474121094,21.93499755859375,0.0,,developing,developing,-1.0,,0.0,
2000032S11115,ELINE,2000-02-26 12:00:00+00:00,2000-02-26 15:00:00+00:00,3.0,stormsense_dataset/images/2000032S11115_ELINE/20000226T120000Z.png,"Meteosat-5,Meteosat-7",-1.0,,-20.39999961853028,21.699996948242188,0.0,,developing,developing,-1.0,,0.0,
2000032S11115,ELINE,2000-02-26 15:00:00+00:00,2000-02-26 18:00:00+00:00,3.0,stormsense_dataset/images/2000032S11115_ELINE/20000226T150000Z.png,"Meteosat-5,Meteosat-7",-1.0,,-20.39999961853028,21.449996948242188,0.0,,developing,developing,-1.0,,0.0,
2000032S11115,ELINE,2000-02-26 18:00:00+00:00,2000-02-26 21:00:00+00:00,3.0,stormsense_dataset/images/2000032S11115_ELINE/20000226T180000Z.png,"Meteosat-5,Meteosat-7",-1.0,,-20.39999961853028,21.199996948242188,0.0,,developing,developing,-1.0,,0.0,
2000032S11115,ELINE,2000-02-26 21:00:00+00:00,2000-02-27 00:00:00+00:00,3.0,stormsense_dataset/images/2000032S11115_ELINE/20000226T210000Z.png,"Meteosat-5,Meteosat-7",-1.0,,-20.4424991607666,20.9425048828125,0.0,,developing,developing,-1.0,,0.0,
2000032S11115,ELINE,2000-02-27 00:00:00+00:00,2000-02-27 03:00:00+00:00,3.0,stormsense_dataset/images/2000032S11115_ELINE/20000227T000000Z.png,"Meteosat-5,Meteosat-7",-1.0,,-20.5,20.699996948242188,0.0,,developing,developing,-1.0,,0.0,
2000032S11115,ELINE,2000-02-27 03:00:00+00:00,2000-02-27 06:00:00+00:00,3.0,stormsense_dataset/images/2000032S11115_ELINE/20000227T030000Z.png,"Meteosat-5,Meteosat-7",-1.0,,-20.549999237060547,20.49249267578125,0.0,,developing,developing,-1.0,,0.0,
2000032S11115,ELINE,2000-02-27 06:00:00+00:00,2000-02-27 09:00:00+00:00,3.0,stormsense_dataset/images/2000032S11115_ELINE/20000227T060000Z.png,"Meteosat-5,Meteosat-7",-1.0,,-20.600000381469727,20.30000305175781,0.0,,developing,developing,-1.0,,0.0,
2000032S11115,ELINE,2000-02-27 09:00:00+00:00,2000-02-27 12:00:00+00:00,3.0,stormsense_dataset/images/2000032S11115_ELINE/20000227T090000Z.png,"Meteosat-5,Meteosat-7",-1.0,,-20.64249992370605,20.100006103515625,0.0,,developing,developing,-1.0,,0.0,
2000032S11115,ELINE,2000-02-27 12:00:00+00:00,2000-02-27 15:00:00+00:00,3.0,stormsense_dataset/images/2000032S11115_ELINE/20000227T120000Z.png,"Meteosat-5,Meteosat-7",-1.0,,-20.700000762939453,19.89999389648437,0.0,,developing,developing,-1.0,,0.0,
2000032S11115,ELINE,2000-02-27 15:00:00+00:00,2000-02-27 18:00:00+00:00,3.0,stormsense_dataset/images/2000032S11115_ELINE/20000227T150000Z.png,"Meteosat-5,Meteosat-7",-1.0,,-20.78499984741211,19.699996948242188,0.0,,developing,developing,-1.0,,0.0,
2000032S11115,ELINE,2000-02-27 18:00:00+00:00,2000-02-27 21:00:00+00:00,3.0,stormsense_dataset/images/2000032S11115_ELINE/20000227T180000Z.png,"Meteosat-5,Meteosat-7",-1.0,,-20.89999961853028,19.5,0.0,,developing,developing,-1.0,,0.0,
2000032S11115,ELINE,2000-02-27 21:00:00+00:00,2000-02-28 00:00:00+00:00,3.0,stormsense_dataset/images/2000032S11115_ELINE/20000227T210000Z.png,Meteosat-7,-1.0,,-21.049999237060547,19.292495727539062,0.0,,developing,developing,-1.0,,0.0,
2000032S11115,ELINE,2000-02-28 00:00:00+00:00,2000-02-28 03:00:00+00:00,3.0,stormsense_dataset/images/2000032S11115_ELINE/20000228T000000Z.png,"Meteosat-5,Meteosat-7",-1.0,,-21.200000762939453,19.100006103515625,0.0,,developing,developing,-1.0,,0.0,
2000032S11115,ELINE,2000-02-28 03:00:00+00:00,2000-02-28 06:00:00+00:00,3.0,stormsense_dataset/images/2000032S11115_ELINE/20000228T030000Z.png,"Meteosat-5,Meteosat-7",-1.0,,-21.292499542236328,18.927505493164062,0.0,,developing,developing,-1.0,,0.0,
2000032S11115,ELINE,2000-02-28 06:00:00+00:00,2000-02-28 09:00:00+00:00,3.0,stormsense_dataset/images/2000032S11115_ELINE/20000228T060000Z.png,"Meteosat-5,Meteosat-7",-1.0,,-21.39999961853028,18.80000305175781,0.0,,developing,developing,-1.0,,0.0,
2000032S11115,ELINE,2000-02-28 09:00:00+00:00,2000-02-28 12:00:00+00:00,3.0,stormsense_dataset/images/2000032S11115_ELINE/20000228T090000Z.png,"Meteosat-5,Meteosat-7",-1.0,,-21.57749938964844,18.720001220703125,0.0,,developing,developing,-1.0,,0.0,
2000032S11115,ELINE,2000-02-28 12:00:00+00:00,2000-02-28 15:00:00+00:00,3.0,stormsense_dataset/images/2000032S11115_ELINE/20000228T120000Z.png,"Meteosat-5,Meteosat-7",-1.0,,-21.799999237060547,18.699996948242188,0.0,,developing,developing,-1.0,,0.0,
2000032S11115,ELINE,2000-02-28 15:00:00+00:00,2000-02-28 18:00:00+00:00,3.0,stormsense_dataset/images/2000032S11115_ELINE/20000228T150000Z.png,"Meteosat-5,Meteosat-7",-1.0,,-22.042499542236328,18.73500061035156,0.0,,developing,developing,-1.0,,0.0,
2000032S11115,ELINE,2000-02-28 18:00:00+00:00,2000-02-28 21:00:00+00:00,3.0,stormsense_dataset/images/2000032S11115_ELINE/20000228T180000Z.png,"Meteosat-5,Meteosat-7",-1.0,,-22.299999237060547,18.80000305175781,0.0,,developing,developing,-1.0,,0.0,
2000032S11115,ELINE,2000-02-28 21:00:00+00:00,2000-02-29 00:00:00+00:00,3.0,stormsense_dataset/images/2000032S11115_ELINE/20000228T210000Z.png,Meteosat-7,-1.0,,-22.54999732971192,18.857498168945312,0.0,,developing,developing,-1.0,,0.0,
2000032S11115,ELINE,2000-02-29 00:00:00+00:00,2000-02-29 03:00:00+00:00,3.0,stormsense_dataset/images/2000032S11115_ELINE/20000229T000000Z.png,"Meteosat-5,Meteosat-7",-1.0,,-22.79999732971192,18.89999389648437,0.0,,developing,developing,-1.0,,0.0,
2000032S11115,ELINE,2000-02-29 03:00:00+00:00,2000-02-29 06:00:00+00:00,3.0,stormsense_dataset/images/2000032S11115_ELINE/20000229T030000Z.png,"Meteosat-5,Meteosat-7",-1.0,,-23.04999732971192,18.92250061035156,0.0,,developing,developing,-1.0,,0.0,
2000032S11115,ELINE,2000-02-29 06:00:00+00:00,2000-02-29 09:00:00+00:00,3.0,stormsense_dataset/images/2000032S11115_ELINE/20000229T060000Z.png,"Meteosat-5,Meteosat-7",-1.0,,-23.299999237060547,18.89999389648437,0.0,,developing,developing,-1.0,,0.0,
2000046S14100,MARCIA,2000-02-14 12:00:00+00:00,2000-02-14 15:00:00+00:00,3.0,stormsense_dataset/images/2000046S14100_MARCIA/20000214T120000Z.png,"GMS-5,Meteosat-5",27.0,1000.0,-13.766425132751465,100.27938842773438,,,organizing,organizing,27.0,1000.0,0.0,0.0
2000046S14100,MARCIA,2000-02-14 15:00:00+00:00,2000-02-14 18:00:00+00:00,3.0,stormsense_dataset/images/2000046S14100_MARCIA/20000214T150000Z.png,"GMS-5,Meteosat-5",27.0,1000.0,-13.728470802307127,101.09722900390624,0.0,0.0,organizing,organizing,27.0,1000.0,0.0,0.0
2000046S14100,MARCIA,2000-02-14 18:00:00+00:00,2000-02-14 21:00:00+00:00,3.0,stormsense_dataset/images/2000046S14100_MARCIA/20000214T180000Z.png,"GMS-5,Meteosat-5",27.0,1000.0,-13.69468593597412,101.82431030273438,0.0,0.0,organizing,organizing,27.0,1000.0,0.0,0.0
2000046S14100,MARCIA,2000-02-14 21:00:00+00:00,2000-02-15 00:00:00+00:00,3.0,stormsense_dataset/images/2000046S14100_MARCIA/20000214T210000Z.png,"GMS-5,Meteosat-5",27.0,1000.0,-13.678366661071776,102.37457275390624,0.0,0.0,organizing,organizing,27.0,1000.0,0.0,0.0
2000046S14100,MARCIA,2000-02-15 00:00:00+00:00,2000-02-15 03:00:00+00:00,3.0,stormsense_dataset/images/2000046S14100_MARCIA/20000215T000000Z.png,"GMS-5,Meteosat-5",27.0,1000.0,-13.7293062210083,102.68115234375,0.0,0.0,organizing,organizing,26.850000381469727,1000.0,-0.14999961853027344,0.0
2000046S14100,MARCIA,2000-02-15 03:00:00+00:00,2000-02-15 06:00:00+00:00,3.0,stormsense_dataset/images/2000046S14100_MARCIA/20000215T030000Z.png,"GMS-5,Meteosat-5",26.850000381469727,1000.0,-13.892145156860352,102.7008056640625,-0.1499996185302734,0.0,organizing,organizing,26.700000762939453,1000.0,-0.14999961853027344,0.0
2000046S14100,MARCIA,2000-02-15 06:00:00+00:00,2000-02-15 09:00:00+00:00,3.0,stormsense_dataset/images/2000046S14100_MARCIA/20000215T060000Z.png,"GMS-5,Meteosat-5",26.700000762939453,1000.0,-14.10595703125,102.6015625,-0.1499996185302734,0.0,organizing,organizing,26.700000762939453,999.75,0.0,-0.25
2000046S14100,MARCIA,2000-02-15 09:00:00+00:00,2000-02-15 12:00:00+00:00,3.0,stormsense_dataset/images/2000046S14100_MARCIA/20000215T090000Z.png,"GMS-5,Meteosat-5",26.700000762939453,999.75,-14.29880714416504,102.62515258789062,0.0,-0.25,organizing,organizing,26.700000762939453,999.5,0.0,-0.25
2000046S14100,MARCIA,2000-02-15 12:00:00+00:00,2000-02-15 15:00:00+00:00,3.0,stormsense_dataset/images/2000046S14100_MARCIA/20000215T120000Z.png,"GMS-5,Meteosat-5",26.700000762939453,999.5,-14.480401039123535,102.6658935546875,0.0,-0.25,organizing,organizing,28.700000762939453,998.25,2.0,-1.25
2000046S14100,MARCIA,2000-02-15 15:00:00+00:00,2000-02-15 18:00:00+00:00,3.0,stormsense_dataset/images/2000046S14100_MARCIA/20000215T150000Z.png,"GMS-5,Meteosat-5",28.700000762939453,998.25,-14.645572662353516,102.70758056640624,2.0,-1.25,organizing,organizing,30.700000762939453,997.0,2.0,-1.25
2000046S14100,MARCIA,2000-02-15 18:00:00+00:00,2000-02-15 21:00:00+00:00,3.0,stormsense_dataset/images/2000046S14100_MARCIA/20000215T180000Z.png,"GMS-5,Meteosat-5",30.700000762939453,997.0,-14.782011032104492,102.70053100585938,2.0,-1.25,organizing,organizing,31.80000114440918,996.5,1.1000003814697266,-0.5
2000046S14100,MARCIA,2000-02-15 21:00:00+00:00,2000-02-16 00:00:00+00:00,3.0,stormsense_dataset/images/2000046S14100_MARCIA/20000215T210000Z.png,"GMS-5,Meteosat-5",31.80000114440918,996.5,-14.895394325256348,102.578125,1.1000003814697266,-0.5,organizing,organizing,32.900001525878906,996.0,1.1000003814697266,-0.5
2000046S14100,MARCIA,2000-02-16 00:00:00+00:00,2000-02-16 03:00:00+00:00,3.0,stormsense_dataset/images/2000046S14100_MARCIA/20000216T000000Z.png,"GMS-5,Meteosat-5",32.900001525878906,996.0,-14.964895248413086,102.44000244140624,1.1000003814697266,-0.5,organizing,mature,34.0,995.0,1.0999984741210938,-1.0
2000046S14100,MARCIA,2000-02-16 03:00:00+00:00,2000-02-16 06:00:00+00:00,3.0,stormsense_dataset/images/2000046S14100_MARCIA/20000216T030000Z.png,"GMS-5,Meteosat-5",34.0,995.0,-14.969481468200684,102.3563232421875,1.0999984741210938,-1.0,mature,mature,35.099998474121094,994.0,1.0999984741210938,-1.0
2000046S14100,MARCIA,2000-02-16 06:00:00+00:00,2000-02-16 09:00:00+00:00,3.0,stormsense_dataset/images/2000046S14100_MARCIA/20000216T060000Z.png,"GMS-5,Meteosat-5",35.099998474121094,994.0,-14.973950386047363,102.3699951171875,1.0999984741210938,-1.0,mature,mature,36.19999694824219,993.75,1.0999984741210938,-0.25
2000046S14100,MARCIA,2000-02-16 09:00:00+00:00,2000-02-16 12:00:00+00:00,3.0,stormsense_dataset/images/2000046S14100_MARCIA/20000216T090000Z.png,"GMS-5,Meteosat-5",36.19999694824219,993.75,-15.037068367004396,102.5247802734375,1.0999984741210938,-0.25,mature,mature,37.29999923706055,993.5,1.1000022888183594,-0.25
2000046S14100,MARCIA,2000-02-16 12:00:00+00:00,2000-02-16 15:00:00+00:00,3.0,stormsense_dataset/images/2000046S14100_MARCIA/20000216T120000Z.png,"GMS-5,Meteosat-5",37.29999923706055,993.5,-15.156049728393556,102.75875854492188,1.1000022888183594,-0.25,mature,mature,35.099998474121094,994.5,-2.200000762939453,1.0
2000046S14100,MARCIA,2000-02-16 15:00:00+00:00,2000-02-16 18:00:00+00:00,3.0,stormsense_dataset/images/2000046S14100_MARCIA/20000216T150000Z.png,"GMS-5,Meteosat-5",35.099998474121094,994.5,-15.325920104980469,102.99810791015624,-2.200000762939453,1.0,mature,organizing,32.900001525878906,995.5,-2.1999969482421875,1.0
2000046S14100,MARCIA,2000-02-16 18:00:00+00:00,2000-02-16 21:00:00+00:00,3.0,stormsense_dataset/images/2000046S14100_MARCIA/20000216T180000Z.png,"GMS-5,Meteosat-5",32.900001525878906,995.5,-15.537530899047852,103.2166748046875,-2.1999969482421875,1.0,organizing,organizing,32.900001525878906,996.0,0.0,0.5
2000046S14100,MARCIA,2000-02-16 21:00:00+00:00,2000-02-17 00:00:00+00:00,3.0,stormsense_dataset/images/2000046S14100_MARCIA/20000216T210000Z.png,"GMS-5,Meteosat-5",32.900001525878906,996.0,-15.772741317749023,103.34780883789062,0.0,0.5,organizing,organizing,32.900001525878906,996.5,0.0,0.5
2000046S14100,MARCIA,2000-02-17 00:00:00+00:00,2000-02-17 03:00:00+00:00,3.0,stormsense_dataset/images/2000046S14100_MARCIA/20000217T000000Z.png,"GMS-5,Meteosat-5",32.900001525878906,996.5,-15.99790096282959,103.4666748046875,0.0,0.5,organizing,organizing,31.80000114440918,997.0,-1.1000003814697266,0.5
2000046S14100,MARCIA,2000-02-17 03:00:00+00:00,2000-02-17 06:00:00+00:00,3.0,stormsense_dataset/images/2000046S14100_MARCIA/20000217T030000Z.png,"GMS-5,Meteosat-5",31.80000114440918,997.0,-16.185203552246094,103.64874267578124,-1.1000003814697266,0.5,organizing,organizing,30.700000762939453,997.5,-1.1000003814697266,0.5
2000046S14100,MARCIA,2000-02-17 06:00:00+00:00,2000-02-17 09:00:00+00:00,3.0,stormsense_dataset/images/2000046S14100_MARCIA/20000217T060000Z.png,"GMS-5,Meteosat-5",30.700000762939453,997.5,-16.312381744384766,103.8426513671875,-1.1000003814697266,0.5,organizing,organizing,27.600000381469727,999.25,-3.1000003814697266,1.75
2000046S14100,MARCIA,2000-02-17 09:00:00+00:00,2000-02-17 12:00:00+00:00,3.0,stormsense_dataset/images/2000046S14100_MARCIA/20000217T090000Z.png,"GMS-5,Meteosat-5",27.600000381469727,999.25,-16.367813110351562,104.02471923828124,-3.1000003814697266,1.75,organizing,organizing,24.5,1001.0,-3.1000003814697266,1.75
2000046S14100,MARCIA,2000-02-17 12:00:00+00:00,2000-02-17 15:00:00+00:00,3.0,stormsense_dataset/images/2000046S14100_MARCIA/20000217T120000Z.png,"GMS-5,Meteosat-5",24.5,1001.0,-16.371932983398438,104.17135620117188,-3.1000003814697266,1.75,organizing,organizing,24.5,1001.25,0.0,0.25
2000046S14100,MARCIA,2000-02-17 15:00:00+00:00,2000-02-17 18:00:00+00:00,3.0,stormsense_dataset/images/2000046S14100_MARCIA/20000217T150000Z.png,"GMS-5,Meteosat-5",24.5,1001.25,-16.369468688964844,104.25775146484376,0.0,0.25,organizing,organizing,24.5,1001.5,0.0,0.25
2000046S14100,MARCIA,2000-02-17 18:00:00+00:00,2000-02-17 21:00:00+00:00,3.0,stormsense_dataset/images/2000046S14100_MARCIA/20000217T180000Z.png,"GMS-5,Meteosat-5",24.5,1001.5,-16.344345092773438,104.31100463867188,0.0,0.25,organizing,organizing,25.75,1000.75,1.25,-0.75
2000046S14100,MARCIA,2000-02-17 21:00:00+00:00,2000-02-18 00:00:00+00:00,3.0,stormsense_dataset/images/2000046S14100_MARCIA/20000217T210000Z.png,"GMS-5,Meteosat-5",25.75,1000.75,-16.29613494873047,104.3804931640625,1.25,-0.75,organizing,organizing,27.0,1000.0,1.25,-0.75
2000046S14100,MARCIA,2000-02-18 00:00:00+00:00,2000-02-18 03:00:00+00:00,3.0,stormsense_dataset/images/2000046S14100_MARCIA/20000218T000000Z.png,"GMS-5,Meteosat-5",27.0,1000.0,-16.252840042114258,104.41876220703124,1.25,-0.75,organizing,organizing,27.0,1000.0,0.0,0.0
2000046S14100,MARCIA,2000-02-18 03:00:00+00:00,2000-02-18 06:00:00+00:00,3.0,stormsense_dataset/images/2000046S14100_MARCIA/20000218T030000Z.png,"GMS-5,Meteosat-5",27.0,1000.0,-16.22040367126465,104.41009521484376,0.0,0.0,organizing,organizing,27.0,1000.0,0.0,0.0
2000046S14100,MARCIA,2000-02-18 06:00:00+00:00,2000-02-18 09:00:00+00:00,3.0,stormsense_dataset/images/2000046S14100_MARCIA/20000218T060000Z.png,"GMS-5,Meteosat-5",27.0,1000.0,-16.258026123046875,104.35061645507812,0.0,0.0,organizing,organizing,27.0,1000.0,0.0,0.0
2000050S13078,FELICIA,2000-02-18 18:00:00+00:00,2000-02-18 21:00:00+00:00,3.0,stormsense_dataset/images/2000050S13078_FELICIA/20000218T180000Z.png,"GMS-5,Meteosat-5",21.33333396911621,1002.0,-13.366665840148926,77.5333251953125,,,developing,developing,21.33333396911621,1002.0,0.0,0.0
2000050S13078,FELICIA,2000-02-18 21:00:00+00:00,2000-02-19 00:00:00+00:00,3.0,stormsense_dataset/images/2000050S13078_FELICIA/20000218T210000Z.png,"GMS-5,Meteosat-5",21.33333396911621,1002.0,-13.584166526794434,77.5574951171875,0.0,0.0,developing,developing,21.33333396911621,1002.0,0.0,0.0
2000050S13078,FELICIA,2000-02-19 00:00:00+00:00,2000-02-19 03:00:00+00:00,3.0,stormsense_dataset/images/2000050S13078_FELICIA/20000219T000000Z.png,"GMS-5,Meteosat-5",21.33333396911621,1002.0,-13.766667366027832,77.56668090820312,0.0,0.0,developing,developing,22.166667938232425,1001.5,0.8333339691162145,-0.5
2000050S13078,FELICIA,2000-02-19 03:00:00+00:00,2000-02-19 06:00:00+00:00,3.0,stormsense_dataset/images/2000050S13078_FELICIA/20000219T030000Z.png,"GMS-5,Meteosat-5",22.166667938232425,1001.5,-13.893333435058594,77.54833984375,0.8333339691162145,-0.5,developing,developing,23.0,1001.0,0.8333320617675746,-0.5
2000050S13078,FELICIA,2000-02-19 06:00:00+00:00,2000-02-19 09:00:00+00:00,3.0,stormsense_dataset/images/2000050S13078_FELICIA/20000219T060000Z.png,"GMS-5,Meteosat-5",23.0,1001.0,-14.0,77.5,0.8333320617675746,-0.5,developing,developing,23.0,1000.5,0.0,-0.5
2000050S13078,FELICIA,2000-02-19 09:00:00+00:00,2000-02-19 12:00:00+00:00,3.0,stormsense_dataset/images/2000050S13078_FELICIA/20000219T090000Z.png,"GMS-5,Meteosat-5",23.0,1000.5,-14.12583351135254,77.42916870117188,0.0,-0.5,developing,developing,23.0,1000.0,0.0,-0.5
2000050S13078,FELICIA,2000-02-19 12:00:00+00:00,2000-02-19 15:00:00+00:00,3.0,stormsense_dataset/images/2000050S13078_FELICIA/20000219T120000Z.png,"GMS-5,Meteosat-5",23.0,1000.0,-14.266667366027832,77.33334350585938,0.0,-0.5,developing,developing,23.0,1000.0,0.0,0.0
2000050S13078,FELICIA,2000-02-19 15:00:00+00:00,2000-02-19 18:00:00+00:00,3.0,stormsense_dataset/images/2000050S13078_FELICIA/20000219T150000Z.png,"GMS-5,Meteosat-5",23.0,1000.0,-14.423333168029783,77.2266845703125,0.0,0.0,developing,developing,23.0,1000.0,0.0,0.0
2000050S13078,FELICIA,2000-02-19 18:00:00+00:00,2000-02-19 21:00:00+00:00,3.0,stormsense_dataset/images/2000050S13078_FELICIA/20000219T180000Z.png,"GMS-5,Meteosat-5",23.0,1000.0,-14.59999942779541,77.10000610351562,0.0,0.0,developing,developing,24.46666717529297,1000.0,1.4666671752929688,0.0
2000050S13078,FELICIA,2000-02-19 21:00:00+00:00,2000-02-20 00:00:00+00:00,3.0,stormsense_dataset/images/2000050S13078_FELICIA/20000219T210000Z.png,"GMS-5,Meteosat-5",24.46666717529297,1000.0,-14.804999351501465,76.95999145507812,1.4666671752929688,0.0,developing,developing,25.933334350585938,1000.0,1.4666671752929688,0.0
2000050S13078,FELICIA,2000-02-20 00:00:00+00:00,2000-02-20 03:00:00+00:00,3.0,stormsense_dataset/images/2000050S13078_FELICIA/20000220T000000Z.png,"GMS-5,Meteosat-5",25.933334350585938,1000.0,-15.0,76.79998779296875,1.4666671752929688,0.0,developing,developing,25.933334350585938,999.5,0.0,-0.5
2000050S13078,FELICIA,2000-02-20 03:00:00+00:00,2000-02-20 06:00:00+00:00,3.0,stormsense_dataset/images/2000050S13078_FELICIA/20000220T030000Z.png,"GMS-5,Meteosat-5",25.933334350585938,999.5,-15.130833625793455,76.64666748046875,0.0,-0.5,developing,developing,25.933334350585938,999.0,0.0,-0.5
2000050S13078,FELICIA,2000-02-20 06:00:00+00:00,2000-02-20 09:00:00+00:00,3.0,stormsense_dataset/images/2000050S13078_FELICIA/20000220T060000Z.png,"GMS-5,Meteosat-5",25.933334350585938,999.0,-15.266666412353516,76.43331909179688,0.0,-0.5,developing,developing,25.933334350585938,999.0,0.0,0.0
2000050S13078,FELICIA,2000-02-20 09:00:00+00:00,2000-02-20 12:00:00+00:00,3.0,stormsense_dataset/images/2000050S13078_FELICIA/20000220T090000Z.png,"GMS-5,Meteosat-5",25.933334350585938,999.0,-15.470832824707031,76.12081909179688,0.0,0.0,developing,developing,25.933334350585938,999.0,0.0,0.0
2000050S13078,FELICIA,2000-02-20 12:00:00+00:00,2000-02-20 15:00:00+00:00,3.0,stormsense_dataset/images/2000050S13078_FELICIA/20000220T120000Z.png,"GMS-5,Meteosat-5",25.933334350585938,999.0,-15.699999809265137,75.73333740234375,0.0,0.0,developing,developing,26.76666641235352,998.0,0.8333320617675817,-1.0
2000050S13078,FELICIA,2000-02-20 15:00:00+00:00,2000-02-20 18:00:00+00:00,3.0,stormsense_dataset/images/2000050S13078_FELICIA/20000220T150000Z.png,"GMS-5,Meteosat-5",26.76666641235352,998.0,-15.916666030883787,75.30999755859375,0.8333320617675817,-1.0,developing,developing,27.600000381469727,997.0,0.8333339691162074,-1.0
2000050S13078,FELICIA,2000-02-20 18:00:00+00:00,2000-02-20 21:00:00+00:00,3.0,stormsense_dataset/images/2000050S13078_FELICIA/20000220T180000Z.png,"GMS-5,Meteosat-5",27.600000381469727,997.0,-16.133333206176758,74.86666870117188,0.8333339691162074,-1.0,developing,developing,29.066665649414062,997.0,1.466665267944336,0.0
2000050S13078,FELICIA,2000-02-20 21:00:00+00:00,2000-02-21 00:00:00+00:00,3.0,stormsense_dataset/images/2000050S13078_FELICIA/20000220T210000Z.png,"GMS-5,Meteosat-5",29.066665649414062,997.0,-16.34000015258789,74.4375,1.466665267944336,0.0,developing,developing,30.53333282470703,997.0,1.4666671752929688,0.0
2000050S13078,FELICIA,2000-02-21 00:00:00+00:00,2000-02-21 03:00:00+00:00,3.0,stormsense_dataset/images/2000050S13078_FELICIA/20000221T000000Z.png,"GMS-5,Meteosat-5",30.53333282470703,997.0,-16.566667556762695,74.0333251953125,1.4666671752929688,0.0,developing,developing,30.53333282470703,996.5,0.0,-0.5
2000050S13078,FELICIA,2000-02-21 03:00:00+00:00,2000-02-21 06:00:00+00:00,3.0,stormsense_dataset/images/2000050S13078_FELICIA/20000221T030000Z.png,"GMS-5,Meteosat-5",30.53333282470703,996.5,-16.832500457763672,73.71333312988281,0.0,-0.5,developing,developing,30.53333282470703,996.0,0.0,-0.5
2000050S13078,FELICIA,2000-02-21 06:00:00+00:00,2000-02-21 09:00:00+00:00,3.0,stormsense_dataset/images/2000050S13078_FELICIA/20000221T060000Z.png,"GMS-5,Meteosat-5",30.53333282470703,996.0,-17.133333206176758,73.33334350585938,0.0,-0.5,developing,developing,31.36666679382324,994.5,0.8333339691162074,-1.5
2000050S13078,FELICIA,2000-02-21 09:00:00+00:00,2000-02-21 12:00:00+00:00,3.0,stormsense_dataset/images/2000050S13078_FELICIA/20000221T090000Z.png,"GMS-5,Meteosat-5",31.36666679382324,994.5,-17.441665649414062,72.73666381835938,0.8333339691162074,-1.5,developing,developing,32.20000076293945,993.0,0.8333339691162145,-1.5
2000050S13078,FELICIA,2000-02-21 12:00:00+00:00,2000-02-21 15:00:00+00:00,3.0,stormsense_dataset/images/2000050S13078_FELICIA/20000221T120000Z.png,"GMS-5,Meteosat-5",32.20000076293945,993.0,-17.799999237060547,72.10000610351562,0.8333339691162145,-1.5,developing,developing,34.5,991.5,2.299999237060547,-1.5
2000050S13078,FELICIA,2000-02-21 15:00:00+00:00,2000-02-21 18:00:00+00:00,3.0,stormsense_dataset/images/2000050S13078_FELICIA/20000221T150000Z.png,"GMS-5,Meteosat-5",34.5,991.5,-18.227500915527344,71.61666870117188,2.299999237060547,-1.5,developing,organizing,36.79999923706055,990.0,2.299999237060547,-1.5
2000050S13078,FELICIA,2000-02-21 18:00:00+00:00,2000-02-21 21:00:00+00:00,3.0,stormsense_dataset/images/2000050S13078_FELICIA/20000221T180000Z.png,"GMS-5,Meteosat-5",36.79999923706055,990.0,-18.700000762939453,71.13333129882812,2.299999237060547,-1.5,organizing,organizing,39.09999847412109,988.5,2.2999992370605398,-1.5
2000050S13078,FELICIA,2000-02-21 21:00:00+00:00,2000-02-22 00:00:00+00:00,3.0,stormsense_dataset/images/2000050S13078_FELICIA/20000221T210000Z.png,Meteosat-5,39.09999847412109,988.5,-19.170833587646484,70.52166748046875,2.29999923706054,-1.5,organizing,organizing,41.39999771118164,987.0,2.299999237060554,-1.5
2000050S13078,FELICIA,2000-02-22 00:00:00+00:00,2000-02-22 03:00:00+00:00,3.0,stormsense_dataset/images/2000050S13078_FELICIA/20000222T000000Z.png,Meteosat-5,41.39999771118164,987.0,-19.66666603088379,69.89999389648438,2.299999237060554,-1.5,organizing,organizing,43.69999694824219,985.0,2.299999237060547,-2.0
2000050S13078,FELICIA,2000-02-22 03:00:00+00:00,2000-02-22 06:00:00+00:00,3.0,stormsense_dataset/images/2000050S13078_FELICIA/20000222T030000Z.png,Meteosat-5,43.69999694824219,985.0,-20.190000534057617,69.36083984375,2.299999237060547,-2.0,organizing,organizing,46.0,983.0,2.3000030517578125,-2.0
2000050S13078,FELICIA,2000-02-22 06:00:00+00:00,2000-02-22 09:00:00+00:00,3.0,stormsense_dataset/images/2000050S13078_FELICIA/20000222T060000Z.png,"Meteosat-5,Meteosat-7",46.0,983.0,-20.733333587646484,68.86666870117188,2.3000030517578125,-2.0,organizing,organizing,46.83333587646485,981.5,0.8333358764648509,-1.5
2000050S13078,FELICIA,2000-02-22 09:00:00+00:00,2000-02-22 12:00:00+00:00,3.0,stormsense_dataset/images/2000050S13078_FELICIA/20000222T090000Z.png,"Meteosat-5,Meteosat-7",46.83333587646485,981.5,-21.2683334350586,68.375,0.8333358764648509,-1.5,organizing,organizing,47.66666793823242,980.0,0.833332061767571,-1.5
2000050S13078,FELICIA,2000-02-22 12:00:00+00:00,2000-02-22 15:00:00+00:00,3.0,stormsense_dataset/images/2000050S13078_FELICIA/20000222T120000Z.png,"Meteosat-5,Meteosat-7",47.66666793823242,980.0,-21.83333396911621,67.93331909179688,0.833332061767571,-1.5,organizing,organizing,52.900001525878906,977.5,5.233333587646484,-2.5
2000050S13078,FELICIA,2000-02-22 15:00:00+00:00,2000-02-22 18:00:00+00:00,3.0,stormsense_dataset/images/2000050S13078_FELICIA/20000222T150000Z.png,"Meteosat-5,Meteosat-7",52.900001525878906,977.5,-22.45416641235352,67.56582641601562,5.233333587646484,-2.5,organizing,mature,58.133331298828125,975.0,5.233329772949219,-2.5
2000050S13078,FELICIA,2000-02-22 18:00:00+00:00,2000-02-22 21:00:00+00:00,3.0,stormsense_dataset/images/2000050S13078_FELICIA/20000222T180000Z.png,"Meteosat-5,Meteosat-7",58.133331298828125,975.0,-23.100000381469727,67.23333740234375,5.233329772949219,-2.5,mature,mature,58.133331298828125,975.0,0.0,0.0
2000050S13078,FELICIA,2000-02-22 21:00:00+00:00,2000-02-23 00:00:00+00:00,3.0,stormsense_dataset/images/2000050S13078_FELICIA/20000222T210000Z.png,"Meteosat-5,Meteosat-7",58.133331298828125,975.0,-23.7358341217041,66.86833190917969,0.0,0.0,mature,mature,58.133331298828125,975.0,0.0,0.0
2000050S13078,FELICIA,2000-02-23 00:00:00+00:00,2000-02-23 03:00:00+00:00,3.0,stormsense_dataset/images/2000050S13078_FELICIA/20000223T000000Z.png,"Meteosat-5,Meteosat-7",58.133331298828125,975.0,-24.36666679382324,66.5333251953125,0.0,0.0,mature,mature,55.19999694824219,975.0,-2.9333343505859375,0.0
2000050S13078,FELICIA,2000-02-23 03:00:00+00:00,2000-02-23 06:00:00+00:00,3.0,stormsense_dataset/images/2000050S13078_FELICIA/20000223T030000Z.png,"Meteosat-5,Meteosat-7",55.19999694824219,975.0,-24.983333587646484,66.25582885742188,-2.933334350585937,0.0,mature,weakening,52.26666641235352,975.0,-2.9333305358886648,0.0
2000050S13078,FELICIA,2000-02-23 06:00:00+00:00,2000-02-23 09:00:00+00:00,3.0,stormsense_dataset/images/2000050S13078_FELICIA/20000223T060000Z.png,"Meteosat-5,Meteosat-7",52.26666641235352,975.0,-25.600000381469727,66.0333251953125,-2.9333305358886648,0.0,weakening,weakening,47.03333282470703,976.5,-5.2333335876464915,1.5
2000050S13078,FELICIA,2000-02-23 09:00:00+00:00,2000-02-23 12:00:00+00:00,3.0,stormsense_dataset/images/2000050S13078_FELICIA/20000223T090000Z.png,"Meteosat-5,Meteosat-7",47.03333282470703,976.5,-26.234834671020508,65.86216735839844,-5.233333587646492,1.5,weakening,organizing,41.79999923706055,978.0,-5.233333587646484,1.5
2000050S13078,FELICIA,2000-02-23 12:00:00+00:00,2000-02-23 15:00:00+00:00,3.0,stormsense_dataset/images/2000050S13078_FELICIA/20000223T120000Z.png,"Meteosat-5,Meteosat-7",41.79999923706055,978.0,-26.86666679382324,65.70001220703125,-5.233333587646484,1.5,organizing,organizing,40.96666717529297,980.5,-0.8333320617675781,2.5
2000050S13078,FELICIA,2000-02-23 15:00:00+00:00,2000-02-23 18:00:00+00:00,3.0,stormsense_dataset/images/2000050S13078_FELICIA/20000223T150000Z.png,"Meteosat-5,Meteosat-7",40.96666717529297,980.5,-27.469331741333008,65.50450134277344,-0.8333320617675781,2.5,organizing,organizing,40.133331298828125,983.0,-0.8333358764648438,2.5
2000050S13078,FELICIA,2000-02-23 18:00:00+00:00,2000-02-23 21:00:00+00:00,3.0,stormsense_dataset/images/2000050S13078_FELICIA/20000223T180000Z.png,"Meteosat-5,Meteosat-7",40.133331298828125,983.0,-28.079998016357425,65.260009765625,-0.8333358764648438,2.5,organizing,organizing,35.53333282470703,986.5,-4.599998474121094,3.5
2000050S13078,FELICIA,2000-02-23 21:00:00+00:00,2000-02-24 00:00:00+00:00,3.0,stormsense_dataset/images/2000050S13078_FELICIA/20000223T210000Z.png,"Meteosat-5,Meteosat-7",35.53333282470703,986.5,-28.7609977722168,64.95449829101562,-4.599998474121094,3.5,organizing,developing,30.933334350585938,990.0,-4.599998474121094,3.5
2000050S13078,FELICIA,2000-02-24 00:00:00+00:00,2000-02-24 03:00:00+00:00,3.0,stormsense_dataset/images/2000050S13078_FELICIA/20000224T000000Z.png,"Meteosat-5,Meteosat-7",30.933334350585938,990.0,-29.39999961853028,64.60000610351562,-4.599998474121094,3.5,developing,developing,28.63333511352539,991.5,-2.299999237060547,1.5
2000050S13078,FELICIA,2000-02-24 03:00:00+00:00,2000-02-24 06:00:00+00:00,3.0,stormsense_dataset/images/2000050S13078_FELICIA/20000224T030000Z.png,"Meteosat-5,Meteosat-7",28.63333511352539,991.5,-29.908166885375977,64.19216918945312,-2.299999237060547,1.5,developing,developing,26.33333396911621,993.0,-2.3000011444091797,1.5
2000050S13078,FELICIA,2000-02-24 06:00:00+00:00,2000-02-24 09:00:00+00:00,3.0,stormsense_dataset/images/2000050S13078_FELICIA/20000224T060000Z.png,"Meteosat-5,Meteosat-7",26.33333396911621,993.0,-30.33333396911621,63.833343505859375,-2.30000114440918,1.5,developing,developing,28.166667938232425,994.0,1.8333339691162145,1.0
2000050S13078,FELICIA,2000-02-24 09:00:00+00:00,2000-02-24 12:00:00+00:00,3.0,stormsense_dataset/images/2000050S13078_FELICIA/20000224T090000Z.png,"Meteosat-5,Meteosat-7",28.166667938232425,994.0,-30.74916648864746,63.61666870117188,1.8333339691162145,1.0,developing,developing,30.0,995.0,1.8333320617675746,1.0
2000050S13078,FELICIA,2000-02-24 12:00:00+00:00,2000-02-24 15:00:00+00:00,3.0,stormsense_dataset/images/2000050S13078_FELICIA/20000224T120000Z.png,"Meteosat-5,Meteosat-7",30.0,995.0,-31.100000381469727,63.5,1.8333320617675744,1.0,developing,developing,30.0,995.5,0.0,0.5
2000050S13078,FELICIA,2000-02-24 15:00:00+00:00,2000-02-24 18:00:00+00:00,3.0,stormsense_dataset/images/2000050S13078_FELICIA/20000224T150000Z.png,"Meteosat-5,Meteosat-7",30.0,995.5,-31.38500022888184,63.410003662109375,0.0,0.5,developing,developing,30.0,996.0,0.0,0.5
2000050S13078,FELICIA,2000-02-24 18:00:00+00:00,2000-02-24 21:00:00+00:00,3.0,stormsense_dataset/images/2000050S13078_FELICIA/20000224T180000Z.png,"Meteosat-5,Meteosat-7",30.0,996.0,-31.600000381469727,63.399993896484375,0.0,0.5,developing,developing,30.0,996.5,0.0,0.5
2000050S13078,FELICIA,2000-02-24 21:00:00+00:00,2000-02-25 00:00:00+00:00,3.0,stormsense_dataset/images/2000050S13078_FELICIA/20000224T210000Z.png,"Meteosat-5,Meteosat-7",30.0,996.5,-31.77250099182129,63.470001220703125,0.0,0.5,developing,developing,30.0,997.0,0.0,0.5
2000050S13078,FELICIA,2000-02-25 00:00:00+00:00,2000-02-25 03:00:00+00:00,3.0,stormsense_dataset/images/2000050S13078_FELICIA/20000225T000000Z.png,"Meteosat-5,Meteosat-7",30.0,997.0,-31.89999961853028,63.600006103515625,0.0,0.5,developing,developing,27.5,998.0,-2.5,1.0
2000050S13078,FELICIA,2000-02-25 03:00:00+00:00,2000-02-25 06:00:00+00:00,3.0,stormsense_dataset/images/2000050S13078_FELICIA/20000225T030000Z.png,"Meteosat-5,Meteosat-7",27.5,998.0,-32.07500076293945,63.72750854492188,-2.5,1.0,developing,developing,25.0,999.0,-2.5,1.0
2000050S13078,FELICIA,2000-02-25 06:00:00+00:00,2000-02-25 09:00:00+00:00,3.0,stormsense_dataset/images/2000050S13078_FELICIA/20000225T060000Z.png,"Meteosat-5,Meteosat-7",25.0,999.0,-32.099998474121094,63.899993896484375,-2.5,1.0,developing,developing,25.0,999.5,0.0,0.5
2000050S13078,FELICIA,2000-02-25 09:00:00+00:00,2000-02-25 12:00:00+00:00,3.0,stormsense_dataset/images/2000050S13078_FELICIA/20000225T090000Z.png,"Meteosat-5,Meteosat-7",25.0,999.5,-31.809999465942383,64.1875,0.0,0.5,developing,developing,25.0,1000.0,0.0,0.5
2000050S13078,FELICIA,2000-02-25 12:00:00+00:00,2000-02-25 15:00:00+00:00,3.0,stormsense_dataset/images/2000050S13078_FELICIA/20000225T120000Z.png,"Meteosat-5,Meteosat-7",25.0,1000.0,-31.39999961853028,64.39999389648438,0.0,0.5,developing,developing,22.5,1001.5,-2.5,1.5
2000050S13078,FELICIA,2000-02-25 15:00:00+00:00,2000-02-25 18:00:00+00:00,3.0,stormsense_dataset/images/2000050S13078_FELICIA/20000225T150000Z.png,"Meteosat-5,Meteosat-7",22.5,1001.5,-31.092498779296875,64.36749267578125,-2.5,1.5,developing,developing,20.0,1003.0,-2.5,1.5
2000050S13078,FELICIA,2000-02-25 18:00:00+00:00,2000-02-25 21:00:00+00:00,3.0,stormsense_dataset/images/2000050S13078_FELICIA/20000225T180000Z.png,"Meteosat-5,Meteosat-7",20.0,1003.0,-30.799999237060547,64.19999694824219,-2.5,1.5,developing,developing,20.0,1004.0,0.0,1.0
2000050S13078,FELICIA,2000-02-25 21:00:00+00:00,2000-02-26 00:00:00+00:00,3.0,stormsense_dataset/images/2000050S13078_FELICIA/20000225T210000Z.png,"Meteosat-5,Meteosat-7",20.0,1004.0,-30.50750160217285,64.02999877929688,0.0,1.0,developing,developing,20.0,1005.0,0.0,1.0
2000050S13078,FELICIA,2000-02-26 00:00:00+00:00,2000-02-26 03:00:00+00:00,3.0,stormsense_dataset/images/2000050S13078_FELICIA/20000226T000000Z.png,"Meteosat-5,Meteosat-7",20.0,1005.0,-30.20000267028809,63.80000305175781,0.0,1.0,developing,developing,20.0,1006.5,0.0,1.5
2000050S13078,FELICIA,2000-02-26 03:00:00+00:00,2000-02-26 06:00:00+00:00,3.0,stormsense_dataset/images/2000050S13078_FELICIA/20000226T030000Z.png,"Meteosat-5,Meteosat-7",20.0,1006.5,-29.85750198364257,63.522491455078125,0.0,1.5,developing,developing,20.0,1008.0,0.0,1.5
2000050S13078,FELICIA,2000-02-26 06:00:00+00:00,2000-02-26 09:00:00+00:00,3.0,stormsense_dataset/images/2000050S13078_FELICIA/20000226T060000Z.png,"Meteosat-5,Meteosat-7",20.0,1008.0,-29.5,63.19999694824219,0.0,1.5,developing,developing,17.5,1009.0,-2.5,1.0
2000055S23227,KIM,2000-02-23 12:00:00+00:00,2000-02-23 15:00:00+00:00,3.0,stormsense_dataset/images/2000055S23227_KIM/20000223T120000Z.png,"GOES-10,GOES-8",18.799999237060547,1005.0,-23.099998474121094,-132.8000030517578,,,developing,developing,19.89999961853028,1004.0,1.1000003814697337,-1.0
2000055S23227,KIM,2000-02-23 15:00:00+00:00,2000-02-23 18:00:00+00:00,3.0,stormsense_dataset/images/2000055S23227_KIM/20000223T150000Z.png,"GOES-10,GOES-8",19.89999961853028,1004.0,-23.167499542236328,-133.13125610351562,1.1000003814697337,-1.0,developing,developing,21.0,1003.0,1.1000003814697195,-1.0
2000055S23227,KIM,2000-02-23 18:00:00+00:00,2000-02-23 21:00:00+00:00,3.0,stormsense_dataset/images/2000055S23227_KIM/20000223T180000Z.png,"GOES-10,GOES-8",21.0,1003.0,-23.200000762939453,-133.5,1.1000003814697197,-1.0,developing,developing,23.350000381469727,1001.5,2.3500003814697266,-1.5
2000055S23227,KIM,2000-02-23 21:00:00+00:00,2000-02-24 00:00:00+00:00,3.0,stormsense_dataset/images/2000055S23227_KIM/20000223T210000Z.png,GOES-10,23.350000381469727,1001.5,-23.17875099182129,-133.9187469482422,2.3500003814697266,-1.5,developing,developing,25.700000762939453,1000.0,2.3500003814697266,-1.5
2000055S23227,KIM,2000-02-24 00:00:00+00:00,2000-02-24 03:00:00+00:00,3.0,stormsense_dataset/images/2000055S23227_KIM/20000224T000000Z.png,"GOES-10,GOES-8",25.700000762939453,1000.0,-23.150001525878903,-134.3000030517578,2.3500003814697266,-1.5,developing,developing,25.700000762939453,999.5,0.0,-0.5
2000055S23227,KIM,2000-02-24 03:00:00+00:00,2000-02-24 06:00:00+00:00,3.0,stormsense_dataset/images/2000055S23227_KIM/20000224T030000Z.png,"GOES-10,GOES-8",25.700000762939453,999.5,-23.16750144958496,-134.54750061035156,0.0,-0.5,developing,developing,25.700000762939453,999.0,0.0,-0.5
2000055S23227,KIM,2000-02-24 06:00:00+00:00,2000-02-24 12:00:00+00:00,6.0,stormsense_dataset/images/2000055S23227_KIM/20000224T060000Z.png,"GOES-10,GOES-8",25.700000762939453,999.0,-23.200000762939453,-134.75,0.0,-0.5,developing,developing,30.400001525878903,997.0,4.70000076293945,-2.0
2000055S23227,KIM,2000-02-24 12:00:00+00:00,2000-02-24 15:00:00+00:00,3.0,stormsense_dataset/images/2000055S23227_KIM/20000224T120000Z.png,"GOES-10,GOES-8",30.400001525878903,997.0,-23.25,-135.25,4.70000076293945,-2.0,developing,developing,33.849998474121094,995.5,3.449996948242191,-1.5
2000055S23227,KIM,2000-02-24 15:00:00+00:00,2000-02-24 18:00:00+00:00,3.0,stormsense_dataset/images/2000055S23227_KIM/20000224T150000Z.png,"GOES-10,GOES-8",33.849998474121094,995.5,-23.22875022888184,-135.46124267578125,3.449996948242191,-1.5,developing,developing,37.29999923706055,994.0,3.450000762939453,-1.5
2000055S23227,KIM,2000-02-24 18:00:00+00:00,2000-02-24 21:00:00+00:00,3.0,stormsense_dataset/images/2000055S23227_KIM/20000224T180000Z.png,"GOES-10,GOES-8",37.29999923706055,994.0,-23.200000762939453,-135.64999389648438,3.450000762939453,-1.5,developing,developing,41.05000305175781,989.5,3.7500038146972656,-4.5
2000055S23227,KIM,2000-02-24 21:00:00+00:00,2000-02-25 00:00:00+00:00,3.0,stormsense_dataset/images/2000055S23227_KIM/20000224T210000Z.png,"GOES-10,GOES-8",41.05000305175781,989.5,-23.188751220703125,-135.8249969482422,3.7500038146972656,-4.5,developing,developing,44.80000305175781,985.0,3.75,-4.5
2000055S23227,KIM,2000-02-25 00:00:00+00:00,2000-02-25 03:00:00+00:00,3.0,stormsense_dataset/images/2000055S23227_KIM/20000225T000000Z.png,"GOES-10,GOES-8",44.80000305175781,985.0,-23.200000762939453,-136.0,3.75,-4.5,developing,developing,49.5,980.0,4.6999969482421875,-5.0
2000055S23227,KIM,2000-02-25 03:00:00+00:00,2000-02-25 06:00:00+00:00,3.0,stormsense_dataset/images/2000055S23227_KIM/20000225T030000Z.png,GOES-10,49.5,980.0,-23.23500061035156,-136.18124389648438,4.699996948242188,-5.0,developing,organizing,54.19999694824219,975.0,4.6999969482421875,-5.0
2000055S23227,KIM,2000-02-25 06:00:00+00:00,2000-02-25 12:00:00+00:00,6.0,stormsense_dataset/images/2000055S23227_KIM/20000225T060000Z.png,"GOES-10,GOES-8",54.19999694824219,975.0,-23.299999237060547,-136.39999389648438,4.699996948242188,-5.0,organizing,organizing,61.400001525878906,965.0,7.200004577636719,-10.0
2000055S23227,KIM,2000-02-25 12:00:00+00:00,2000-02-25 15:00:00+00:00,3.0,stormsense_dataset/images/2000055S23227_KIM/20000225T120000Z.png,"GOES-10,GOES-8",61.400001525878906,965.0,-23.5,-137.0,7.200004577636719,-10.0,organizing,organizing,63.75,962.5,2.3499984741210938,-2.5
2000055S23227,KIM,2000-02-25 15:00:00+00:00,2000-02-25 18:00:00+00:00,3.0,stormsense_dataset/images/2000055S23227_KIM/20000225T150000Z.png,"GOES-10,GOES-8",63.75,962.5,-23.78874969482422,-137.25250244140625,2.3499984741210938,-2.5,organizing,organizing,66.0999984741211,960.0,2.3499984741210938,-2.5
2000055S23227,KIM,2000-02-25 18:00:00+00:00,2000-02-25 21:00:00+00:00,3.0,stormsense_dataset/images/2000055S23227_KIM/20000225T180000Z.png,"GOES-10,GOES-8",66.0999984741211,960.0,-24.099998474121094,-137.5500030517578,2.3499984741210938,-2.5,organizing,organizing,75.05000305175781,957.5,8.950004577636719,-2.5
2000055S23227,KIM,2000-02-25 21:00:00+00:00,2000-02-26 00:00:00+00:00,3.0,stormsense_dataset/images/2000055S23227_KIM/20000225T210000Z.png,"GOES-10,GOES-8",75.05000305175781,957.5,-24.29374885559082,-137.9812469482422,8.950004577636719,-2.5,organizing,mature,84.0,955.0,8.949996948242188,-2.5
2000055S23227,KIM,2000-02-26 00:00:00+00:00,2000-02-26 03:00:00+00:00,3.0,stormsense_dataset/images/2000055S23227_KIM/20000226T000000Z.png,"GOES-10,GOES-8",84.0,955.0,-24.450000762939453,-138.4499969482422,8.949996948242188,-2.5,mature,mature,86.5,947.5,2.5,-7.5
2000055S23227,KIM,2000-02-26 03:00:00+00:00,2000-02-26 06:00:00+00:00,3.0,stormsense_dataset/images/2000055S23227_KIM/20000226T030000Z.png,"GOES-10,GOES-8",86.5,947.5,-24.59499931335449,-138.86874389648438,2.5,-7.5,mature,mature,89.0,940.0,2.5,-7.5
2000055S23227,KIM,2000-02-26 06:00:00+00:00,2000-02-26 12:00:00+00:00,6.0,stormsense_dataset/images/2000055S23227_KIM/20000226T060000Z.png,"GOES-10,GOES-8",89.0,940.0,-24.799999237060547,-139.25,2.5,-7.5,mature,mature,86.80000305175781,935.0,-2.1999969482421875,-5.0
2000055S23227,KIM,2000-02-26 12:00:00+00:00,2000-02-26 15:00:00+00:00,3.0,stormsense_dataset/images/2000055S23227_KIM/20000226T120000Z.png,"GOES-10,GOES-8",86.80000305175781,935.0,-25.55000114440918,-139.89999389648438,-2.1999969482421875,-5.0,mature,mature,82.4000015258789,937.5,-4.400001525878906,2.5
2000055S23227,KIM,2000-02-26 15:00:00+00:00,2000-02-26 18:00:00+00:00,3.0,stormsense_dataset/images/2000055S23227_KIM/20000226T150000Z.png,"GOES-10,GOES-8",82.4000015258789,937.5,-26.021249771118164,-140.40625,-4.400001525878906,2.5,mature,organizing,78.0,940.0,-4.400001525878906,2.5
2000055S23227,KIM,2000-02-26 18:00:00+00:00,2000-02-26 21:00:00+00:00,3.0,stormsense_dataset/images/2000055S23227_KIM/20000226T180000Z.png,"GOES-10,GOES-8",78.0,940.0,-26.5,-140.9499969482422,-4.400001525878906,2.5,organizing,organizing,76.75,942.5,-1.25,2.5
2000055S23227,KIM,2000-02-26 21:00:00+00:00,2000-02-27 00:00:00+00:00,3.0,stormsense_dataset/images/2000055S23227_KIM/20000226T210000Z.png,"GOES-10,GOES-8",76.75,942.5,-26.918750762939453,-141.4145050048828,-1.25,2.5,organizing,organizing,75.5,945.0,-1.25,2.5
2000055S23227,KIM,2000-02-27 06:00:00+00:00,2000-02-27 12:00:00+00:00,6.0,stormsense_dataset/images/2000055S23227_KIM/20000227T060000Z.png,GOES-10,73.0,955.0,-28.0,-142.70668029785156,-1.25,5.0,weakening,weakening,65.80000305175781,965.0,-7.1999969482421875,10.0
2000055S23227,KIM,2000-02-27 12:00:00+00:00,2000-02-27 15:00:00+00:00,3.0,stormsense_dataset/images/2000055S23227_KIM/20000227T120000Z.png,GOES-10,65.80000305175781,965.0,-28.828569412231445,-143.82858276367188,-7.199996948242188,10.0,weakening,weakening,62.20000076293945,970.0,-3.6000022888183594,5.0
2000055S23227,KIM,2000-02-27 15:00:00+00:00,2000-02-27 18:00:00+00:00,3.0,stormsense_dataset/images/2000055S23227_KIM/20000227T150000Z.png,GOES-10,62.20000076293945,970.0,-29.08604049682617,-144.39785766601562,-3.60000228881836,5.0,weakening,weakening,58.59999847412109,975.0,-3.6000022888183665,5.0
2000055S23227,KIM,2000-02-27 18:00:00+00:00,2000-02-27 21:00:00+00:00,3.0,stormsense_dataset/images/2000055S23227_KIM/20000227T180000Z.png,GOES-10,58.59999847412109,975.0,-29.33845901489257,-145.00770568847656,-3.6000022888183665,5.0,weakening,weakening,53.133331298828125,977.5,-5.466667175292962,2.5
2000055S23227,KIM,2000-02-27 21:00:00+00:00,2000-02-28 00:00:00+00:00,3.0,stormsense_dataset/images/2000055S23227_KIM/20000227T210000Z.png,GOES-10,53.133331298828125,977.5,-29.73413848876953,-145.69728088378906,-5.466667175292962,2.5,weakening,weakening,47.66666793823242,980.0,-5.466663360595703,2.5
2000055S23227,KIM,2000-02-28 00:00:00+00:00,2000-02-28 03:00:00+00:00,3.0,stormsense_dataset/images/2000055S23227_KIM/20000228T000000Z.png,GOES-10,47.66666793823242,980.0,-30.13333320617676,-146.39999389648438,-5.466663360595703,2.5,weakening,developing,42.43333435058594,981.5,-5.233333587646484,1.5
2000055S23227,KIM,2000-02-28 03:00:00+00:00,2000-02-28 06:00:00+00:00,3.0,stormsense_dataset/images/2000055S23227_KIM/20000228T030000Z.png,GOES-10,42.43333435058594,981.5,-30.384614944458008,-147.05775451660156,-5.233333587646484,1.5,developing,developing,37.20000076293945,983.0,-5.233333587646484,1.5
2000055S23227,KIM,2000-02-28 06:00:00+00:00,2000-02-28 12:00:00+00:00,6.0,stormsense_dataset/images/2000055S23227_KIM/20000228T060000Z.png,GOES-10,37.20000076293945,983.0,-30.66666603088379,-147.6666717529297,-5.233333587646484,1.5,developing,developing,37.20000076293945,985.0,0.0,2.0
2000055S23227,KIM,2000-02-28 12:00:00+00:00,2000-02-28 15:00:00+00:00,3.0,stormsense_dataset/images/2000055S23227_KIM/20000228T120000Z.png,GOES-10,37.20000076293945,985.0,-31.66666603088379,-148.73333740234375,0.0,2.0,developing,developing,37.20000076293945,985.0,0.0,0.0
2000055S23227,KIM,2000-02-28 15:00:00+00:00,2000-02-28 18:00:00+00:00,3.0,stormsense_dataset/images/2000055S23227_KIM/20000228T150000Z.png,GOES-10,37.20000076293945,985.0,-32.10333251953125,-149.06167602539062,0.0,0.0,developing,developing,37.20000076293945,985.0,0.0,0.0
2000055S23227,KIM,2000-02-28 18:00:00+00:00,2000-02-29 00:00:00+00:00,6.0,stormsense_dataset/images/2000055S23227_KIM/20000228T180000Z.png,GOES-10,37.20000076293945,985.0,-32.5,-149.3000030517578,0.0,0.0,developing,developing,35.5333366394043,987.0,-1.6666641235351562,2.0
2000055S23227,KIM,2000-02-29 00:00:00+00:00,2000-02-29 03:00:00+00:00,3.0,stormsense_dataset/images/2000055S23227_KIM/20000229T000000Z.png,GOES-10,35.5333366394043,987.0,-33.233333587646484,-149.76666259765625,-1.6666641235351562,2.0,developing,developing,33.23333740234375,988.5,-2.299999237060547,1.5
2000055S23227,KIM,2000-02-29 03:00:00+00:00,2000-02-29 06:00:00+00:00,3.0,stormsense_dataset/images/2000055S23227_KIM/20000229T030000Z.png,GOES-10,33.23333740234375,988.5,-33.72783279418945,-150.1125030517578,-2.299999237060547,1.5,developing,developing,30.933334350585938,990.0,-2.3000030517578125,1.5
2000055S23227,KIM,2000-02-29 06:00:00+00:00,2000-02-29 12:00:00+00:00,6.0,stormsense_dataset/images/2000055S23227_KIM/20000229T060000Z.png,GOES-10,30.933334350585938,990.0,-34.233333587646484,-150.53334045410156,-2.3000030517578125,1.5,developing,developing,30.933334350585938,994.0,0.0,4.0
2000055S23227,KIM,2000-02-29 12:00:00+00:00,2000-02-29 15:00:00+00:00,3.0,stormsense_dataset/images/2000055S23227_KIM/20000229T120000Z.png,GOES-10,30.933334350585938,994.0,-35.040000915527344,-151.5,0.0,4.0,developing,developing,30.933334350585938,994.0,0.0,0.0
2000055S23227,KIM,2000-02-29 15:00:00+00:00,2000-02-29 18:00:00+00:00,3.0,stormsense_dataset/images/2000055S23227_KIM/20000229T150000Z.png,GOES-10,30.933334350585938,994.0,-35.32550048828125,-151.9375,0.0,0.0,developing,developing,30.933334350585938,994.0,0.0,0.0
2000055S23227,KIM,2000-02-29 18:00:00+00:00,2000-03-01 00:00:00+00:00,6.0,stormsense_dataset/images/2000055S23227_KIM/20000229T180000Z.png,GOES-10,30.933334350585938,994.0,-35.599998474121094,-152.3000030517578,0.0,0.0,developing,developing,28.0,996.0,-2.9333343505859375,2.0
2000055S23227,KIM,2000-03-01 00:00:00+00:00,2000-03-01 03:00:00+00:00,3.0,stormsense_dataset/images/2000055S23227_KIM/20000301T000000Z.png,GOES-10,28.0,996.0,-36.33333206176758,-152.76666259765625,-2.933334350585937,2.0,developing,developing,34.0,998.0,6.0,2.0
2000055S23227,KIM,2000-03-01 03:00:00+00:00,2000-03-01 06:00:00+00:00,3.0,stormsense_dataset/images/2000055S23227_KIM/20000301T030000Z.png,GOES-10,34.0,998.0,-36.676666259765625,-152.8958282470703,6.0,2.0,developing,developing,40.0,1000.0,6.0,2.0
2000055S23227,KIM,2000-03-01 06:00:00+00:00,2000-03-01 12:00:00+00:00,6.0,stormsense_dataset/images/2000055S23227_KIM/20000301T060000Z.png,GOES-10,40.0,1000.0,-37.0,-153.0,6.0,2.0,developing,developing,40.0,1002.0,0.0,2.0
2000055S23227,KIM,2000-03-01 12:00:00+00:00,2000-03-01 15:00:00+00:00,3.0,stormsense_dataset/images/2000055S23227_KIM/20000301T120000Z.png,GOES-10,40.0,1002.0,-37.59999847412109,-153.3000030517578,0.0,2.0,developing,developing,40.0,1003.0,0.0,1.0
2000055S23227,KIM,2000-03-01 15:00:00+00:00,2000-03-01 18:00:00+00:00,3.0,stormsense_dataset/images/2000055S23227_KIM/20000301T150000Z.png,GOES-10,40.0,1003.0,-37.817501068115234,-153.82501220703125,0.0,1.0,developing,developing,40.0,1004.0,0.0,1.0
2000055S23227,KIM,2000-03-01 18:00:00+00:00,2000-03-02 00:00:00+00:00,6.0,stormsense_dataset/images/2000055S23227_KIM/20000301T180000Z.png,GOES-10,40.0,1004.0,-38.20000076293945,-153.60000610351562,0.0,1.0,developing,developing,35.0,1008.0,-5.0,4.0
2000055S23227,KIM,2000-03-02 00:00:00+00:00,2000-03-02 03:00:00+00:00,3.0,stormsense_dataset/images/2000055S23227_KIM/20000302T000000Z.png,GOES-10,35.0,1008.0,-39.900001525878906,-148.89999389648438,-5.0,4.0,developing,developing,35.0,1008.0,0.0,0.0
2000055S23227,KIM,2000-03-02 03:00:00+00:00,2000-03-02 06:00:00+00:00,3.0,stormsense_dataset/images/2000055S23227_KIM/20000302T030000Z.png,GOES-10,35.0,1008.0,-40.4275016784668,-146.32249450683594,0.0,0.0,developing,developing,35.0,1008.0,0.0,0.0
2000055S23227,KIM,2000-03-02 06:00:00+00:00,2000-03-02 12:00:00+00:00,6.0,stormsense_dataset/images/2000055S23227_KIM/20000302T060000Z.png,GOES-10,35.0,1008.0,-41.0,-144.0,0.0,0.0,developing,developing,35.0,1010.0,0.0,2.0
2000055S23227,KIM,2000-03-02 12:00:00+00:00,2000-03-02 15:00:00+00:00,3.0,stormsense_dataset/images/2000055S23227_KIM/20000302T120000Z.png,GOES-10,35.0,1010.0,-43.0,-141.0,0.0,2.0,developing,developing,35.0,1010.0,0.0,0.0
2000055S23227,KIM,2000-03-02 15:00:00+00:00,2000-03-02 18:00:00+00:00,3.0,stormsense_dataset/images/2000055S23227_KIM/20000302T150000Z.png,GOES-10,35.0,1010.0,-44.192501068115234,-139.2274932861328,0.0,0.0,developing,developing,35.0,1010.0,0.0,0.0
2000055S23227,KIM,2000-03-02 18:00:00+00:00,2000-03-02 21:00:00+00:00,3.0,stormsense_dataset/images/2000055S23227_KIM/20000302T180000Z.png,GOES-10,35.0,1010.0,-45.400001525878906,-137.1999969482422,0.0,0.0,developing,developing,30.0,1011.5,-5.0,1.5
2000056S17153,STEVE,2000-02-25 00:00:00+00:00,2000-02-25 03:00:00+00:00,3.0,stormsense_dataset/images/2000056S17153_STEVE/20000225T000000Z.png,GMS-5,25.0,1003.0,-17.200000762939453,153.0,,,developing,developing,24.0,1002.0,-1.0,-1.0
2000056S17153,STEVE,2000-02-25 03:00:00+00:00,2000-02-25 06:00:00+00:00,3.0,stormsense_dataset/images/2000056S17153_STEVE/20000225T030000Z.png,GMS-5,24.0,1002.0,-16.830106735229492,152.07382202148438,-1.0,-1.0,developing,developing,23.0,1001.0,-1.0,-1.0
2000056S17153,STEVE,2000-02-25 06:00:00+00:00,2000-02-25 09:00:00+00:00,3.0,stormsense_dataset/images/2000056S17153_STEVE/20000225T060000Z.png,GMS-5,23.0,1001.0,-16.549999237060547,151.35000610351562,-1.0,-1.0,developing,developing,23.0,1001.0,0.0,0.0
2000056S17153,STEVE,2000-02-25 09:00:00+00:00,2000-02-25 12:00:00+00:00,3.0,stormsense_dataset/images/2000056S17153_STEVE/20000225T090000Z.png,GMS-5,23.0,1001.0,-16.42396354675293,150.95889282226562,0.0,0.0,developing,developing,23.0,1001.0,0.0,0.0
2000056S17153,STEVE,2000-02-25 12:00:00+00:00,2000-02-25 15:00:00+00:00,3.0,stormsense_dataset/images/2000056S17153_STEVE/20000225T120000Z.png,GMS-5,23.0,1001.0,-16.41428565979004,150.74285888671875,0.0,0.0,developing,developing,23.0,1001.0,0.0,0.0
2000056S17153,STEVE,2000-02-25 15:00:00+00:00,2000-02-25 18:00:00+00:00,3.0,stormsense_dataset/images/2000056S17153_STEVE/20000225T150000Z.png,GMS-5,23.0,1001.0,-16.467464447021484,150.50039672851562,0.0,0.0,developing,developing,23.0,1001.0,0.0,0.0
2000056S17153,STEVE,2000-02-25 18:00:00+00:00,2000-02-25 21:00:00+00:00,3.0,stormsense_dataset/images/2000056S17153_STEVE/20000225T180000Z.png,GMS-5,23.0,1001.0,-16.53999900817871,150.260009765625,0.0,0.0,developing,developing,23.0,1001.0,0.0,0.0
2000056S17153,STEVE,2000-02-25 21:00:00+00:00,2000-02-26 00:00:00+00:00,3.0,stormsense_dataset/images/2000056S17153_STEVE/20000225T210000Z.png,GMS-5,23.0,1001.0,-16.548593521118164,149.96713256835938,0.0,0.0,developing,developing,23.0,1001.0,0.0,0.0
2000056S17153,STEVE,2000-02-26 00:00:00+00:00,2000-02-26 03:00:00+00:00,3.0,stormsense_dataset/images/2000056S17153_STEVE/20000226T000000Z.png,GMS-5,23.0,1001.0,-16.53333282470703,149.66668701171875,0.0,0.0,developing,developing,23.0,1001.0,0.0,0.0
2000056S17153,STEVE,2000-02-26 03:00:00+00:00,2000-02-26 06:00:00+00:00,3.0,stormsense_dataset/images/2000056S17153_STEVE/20000226T030000Z.png,GMS-5,23.0,1001.0,-16.518667221069336,149.4005126953125,0.0,0.0,developing,developing,23.0,1001.0,0.0,0.0
2000056S17153,STEVE,2000-02-26 06:00:00+00:00,2000-02-26 09:00:00+00:00,3.0,stormsense_dataset/images/2000056S17153_STEVE/20000226T060000Z.png,GMS-5,23.0,1001.0,-16.5,149.13336181640625,0.0,0.0,developing,developing,24.46666717529297,1000.5,1.4666671752929688,-0.5
2000056S17153,STEVE,2000-02-26 09:00:00+00:00,2000-02-26 12:00:00+00:00,3.0,stormsense_dataset/images/2000056S17153_STEVE/20000226T090000Z.png,GMS-5,24.46666717529297,1000.5,-16.478334426879883,148.84832763671875,1.4666671752929688,-0.5,developing,developing,25.933334350585938,1000.0,1.4666671752929688,-0.5
2000056S17153,STEVE,2000-02-26 12:00:00+00:00,2000-02-26 15:00:00+00:00,3.0,stormsense_dataset/images/2000056S17153_STEVE/20000226T120000Z.png,GMS-5,25.933334350585938,1000.0,-16.46666717529297,148.5333251953125,1.4666671752929688,-0.5,developing,developing,28.233333587646484,998.0,2.299999237060547,-2.0
2000056S17153,STEVE,2000-02-26 15:00:00+00:00,2000-02-26 18:00:00+00:00,3.0,stormsense_dataset/images/2000056S17153_STEVE/20000226T150000Z.png,GMS-5,28.233333587646484,998.0,-16.480833053588867,148.17706298828125,2.299999237060547,-2.0,developing,developing,30.53333282470703,996.0,2.299999237060547,-2.0
2000056S17153,STEVE,2000-02-26 18:00:00+00:00,2000-02-26 21:00:00+00:00,3.0,stormsense_dataset/images/2000056S17153_STEVE/20000226T180000Z.png,GMS-5,30.53333282470703,996.0,-16.5,147.79998779296875,2.299999237060547,-2.0,developing,organizing,37.06666564941406,992.0,6.533332824707031,-4.0
2000056S17153,STEVE,2000-02-26 21:00:00+00:00,2000-02-27 00:00:00+00:00,3.0,stormsense_dataset/images/2000056S17153_STEVE/20000226T210000Z.png,GMS-5,37.06666564941406,992.0,-16.499284744262695,147.45431518554688,6.533332824707031,-4.0,organizing,organizing,43.59999847412109,988.0,6.533332824707024,-4.0
2000056S17153,STEVE,2000-02-27 00:00:00+00:00,2000-02-27 03:00:00+00:00,3.0,stormsense_dataset/images/2000056S17153_STEVE/20000227T000000Z.png,GMS-5,43.59999847412109,988.0,-16.5,147.0615234375,6.533332824707024,-4.0,organizing,organizing,46.97499847412109,984.0,3.375,-4.0
2000056S17153,STEVE,2000-02-27 03:00:00+00:00,2000-02-27 06:00:00+00:00,3.0,stormsense_dataset/images/2000056S17153_STEVE/20000227T030000Z.png,GMS-5,46.97499847412109,984.0,-16.50614356994629,146.57061767578125,3.375,-4.0,organizing,weakening,50.34999847412109,980.0,3.375,-4.0
2000056S17153,STEVE,2000-02-27 06:00:00+00:00,2000-02-27 09:00:00+00:00,3.0,stormsense_dataset/images/2000056S17153_STEVE/20000227T060000Z.png,GMS-5,50.34999847412109,980.0,-16.542858123779297,146.0142822265625,3.375,-4.0,weakening,weakening,44.625,985.0,-5.724998474121087,5.0
2000056S17153,STEVE,2000-02-27 09:00:00+00:00,2000-02-27 12:00:00+00:00,3.0,stormsense_dataset/images/2000056S17153_STEVE/20000227T090000Z.png,GMS-5,44.625,985.0,-16.617727279663086,145.44158935546875,-5.724998474121087,5.0,weakening,weakening,38.900001525878906,990.0,-5.724998474121094,5.0
2000056S17153,STEVE,2000-02-27 12:00:00+00:00,2000-02-27 15:00:00+00:00,3.0,stormsense_dataset/images/2000056S17153_STEVE/20000227T120000Z.png,GMS-5,38.900001525878906,990.0,-16.746665954589844,144.84002685546875,-5.724998474121094,5.0,weakening,weakening,33.92500305175781,994.5,-4.974998474121094,4.5
2000056S17153,STEVE,2000-02-27 15:00:00+00:00,2000-02-27 18:00:00+00:00,3.0,stormsense_dataset/images/2000056S17153_STEVE/20000227T150000Z.png,GMS-5,33.92500305175781,994.5,-16.944868087768555,144.20318603515625,-4.974998474121094,4.5,weakening,developing,28.950000762939453,999.0,-4.975002288818359,4.5
2000056S17153,STEVE,2000-02-27 18:00:00+00:00,2000-02-27 21:00:00+00:00,3.0,stormsense_dataset/images/2000056S17153_STEVE/20000227T180000Z.png,GMS-5,28.950000762939453,999.0,-17.149999618530273,143.60000610351562,-4.975002288818359,4.5,developing,developing,27.225000381469727,1000.5,-1.7250003814697266,1.5
2000056S17153,STEVE,2000-02-27 21:00:00+00:00,2000-02-28 00:00:00+00:00,3.0,stormsense_dataset/images/2000056S17153_STEVE/20000227T210000Z.png,GMS-5,27.225000381469727,1000.5,-17.29399871826172,143.11074829101562,-1.7250003814697266,1.5,developing,developing,25.5,1002.0,-1.7250003814697266,1.5
2000056S17153,STEVE,2000-02-28 00:00:00+00:00,2000-02-28 03:00:00+00:00,3.0,stormsense_dataset/images/2000056S17153_STEVE/20000228T000000Z.png,GMS-5,25.5,1002.0,-17.399999618530273,142.64999389648438,-1.7250003814697266,1.5,developing,developing,25.5,1002.0,0.0,0.0
2000056S17153,STEVE,2000-02-28 03:00:00+00:00,2000-02-28 06:00:00+00:00,3.0,stormsense_dataset/images/2000056S17153_STEVE/20000228T030000Z.png,GMS-5,25.5,1002.0,-17.51999855041504,142.13250732421875,0.0,0.0,developing,developing,25.5,1002.0,0.0,0.0
2000056S17153,STEVE,2000-02-28 06:00:00+00:00,2000-02-28 09:00:00+00:00,3.0,stormsense_dataset/images/2000056S17153_STEVE/20000228T060000Z.png,GMS-5,25.5,1002.0,-17.549999237060547,141.60000610351562,0.0,0.0,developing,developing,29.375,998.5,3.875,-3.5
2000056S17153,STEVE,2000-02-28 09:00:00+00:00,2000-02-28 12:00:00+00:00,3.0,stormsense_dataset/images/2000056S17153_STEVE/20000228T090000Z.png,GMS-5,29.375,998.5,-17.416250228881836,141.05624389648438,3.875,-3.5,developing,developing,33.25,995.0,3.875,-3.5
2000056S17153,STEVE,2000-02-28 12:00:00+00:00,2000-02-28 15:00:00+00:00,3.0,stormsense_dataset/images/2000056S17153_STEVE/20000228T120000Z.png,GMS-5,33.25,995.0,-17.200000762939453,140.54998779296875,3.875,-3.5,developing,developing,33.25,993.5,0.0,-1.5
2000056S17153,STEVE,2000-02-28 15:00:00+00:00,2000-02-28 18:00:00+00:00,3.0,stormsense_dataset/images/2000056S17153_STEVE/20000228T150000Z.png,GMS-5,33.25,993.5,-16.99625015258789,140.11624145507812,0.0,-1.5,developing,developing,33.25,992.0,0.0,-1.5
2000056S17153,STEVE,2000-02-28 18:00:00+00:00,2000-02-28 21:00:00+00:00,3.0,stormsense_dataset/images/2000056S17153_STEVE/20000228T180000Z.png,GMS-5,33.25,992.0,-16.799999237060547,139.75,0.0,-1.5,developing,organizing,35.724998474121094,990.0,2.4749984741210938,-2.0
2000056S17153,STEVE,2000-02-28 21:00:00+00:00,2000-02-29 00:00:00+00:00,3.0,stormsense_dataset/images/2000056S17153_STEVE/20000228T210000Z.png,GMS-5,35.724998474121094,990.0,-16.646249771118164,139.43875122070312,2.4749984741210938,-2.0,organizing,organizing,38.20000076293945,988.0,2.4750022888183594,-2.0
2000056S17153,STEVE,2000-02-29 00:00:00+00:00,2000-02-29 03:00:00+00:00,3.0,stormsense_dataset/images/2000056S17153_STEVE/20000229T000000Z.png,GMS-5,38.20000076293945,988.0,-16.5,139.14999389648438,2.47500228881836,-2.0,organizing,organizing,39.30000305175781,988.0,1.1000022888183594,0.0
2000056S17153,STEVE,2000-02-29 03:00:00+00:00,2000-02-29 06:00:00+00:00,3.0,stormsense_dataset/images/2000056S17153_STEVE/20000229T030000Z.png,GMS-5,39.30000305175781,988.0,-16.32423973083496,138.826904296875,1.1000022888183594,0.0,organizing,organizing,40.400001525878906,988.0,1.0999984741210938,0.0
2000056S17153,STEVE,2000-02-29 06:00:00+00:00,2000-02-29 09:00:00+00:00,3.0,stormsense_dataset/images/2000056S17153_STEVE/20000229T060000Z.png,GMS-5,40.400001525878906,988.0,-16.150001525878906,138.5,1.0999984741210938,0.0,organizing,organizing,43.25,988.0,2.8499984741210938,0.0
2000056S17153,STEVE,2000-02-29 09:00:00+00:00,2000-02-29 12:00:00+00:00,3.0,stormsense_dataset/images/2000056S17153_STEVE/20000229T090000Z.png,GMS-5,43.25,988.0,-15.99083423614502,138.19659423828125,2.8499984741210938,0.0,organizing,organizing,46.09999847412109,988.0,2.8499984741210866,0.0
2000056S17153,STEVE,2000-02-29 12:00:00+00:00,2000-02-29 15:00:00+00:00,3.0,stormsense_dataset/images/2000056S17153_STEVE/20000229T120000Z.png,GMS-5,46.09999847412109,988.0,-15.86014461517334,137.87451171875,2.849998474121086,0.0,organizing,organizing,48.95000076293945,986.5,2.8500022888183665,-1.5
2000056S17153,STEVE,2000-02-29 15:00:00+00:00,2000-02-29 18:00:00+00:00,3.0,stormsense_dataset/images/2000056S17153_STEVE/20000229T150000Z.png,GMS-5,48.95000076293945,986.5,-15.758333206176758,137.50033569335938,2.8500022888183665,-1.5,organizing,weakening,51.80000305175781,985.0,2.8500022888183594,-1.5
2000056S17153,STEVE,2000-02-29 18:00:00+00:00,2000-02-29 21:00:00+00:00,3.0,stormsense_dataset/images/2000056S17153_STEVE/20000229T180000Z.png,GMS-5,51.80000305175781,985.0,-15.699999809265137,137.10000610351562,2.85000228881836,-1.5,weakening,weakening,47.72500228881836,986.0,-4.075000762939453,1.0
2000056S17153,STEVE,2000-02-29 21:00:00+00:00,2000-03-01 00:00:00+00:00,3.0,stormsense_dataset/images/2000056S17153_STEVE/20000229T210000Z.png,GMS-5,47.72500228881836,986.0,-15.699238777160645,136.70941162109375,-4.075000762939453,1.0,weakening,weakening,43.650001525878906,987.0,-4.075000762939453,1.0
2000056S17153,STEVE,2000-03-01 00:00:00+00:00,2000-03-01 03:00:00+00:00,3.0,stormsense_dataset/images/2000056S17153_STEVE/20000301T000000Z.png,GMS-5,43.650001525878906,987.0,-15.699999809265137,136.29998779296875,-4.075000762939453,1.0,weakening,weakening,36.45833587646485,989.5,-7.191665649414055,2.5
2000056S17153,STEVE,2000-03-01 03:00:00+00:00,2000-03-01 06:00:00+00:00,3.0,stormsense_dataset/images/2000056S17153_STEVE/20000301T030000Z.png,GMS-5,36.45833587646485,989.5,-15.654999732971191,135.853759765625,-7.191665649414055,2.5,weakening,developing,29.26666831970215,992.0,-7.191667556762702,2.5
2000056S17153,STEVE,2000-03-01 06:00:00+00:00,2000-03-01 09:00:00+00:00,3.0,stormsense_dataset/images/2000056S17153_STEVE/20000301T060000Z.png,GMS-5,29.26666831970215,992.0,-15.550000190734863,135.39999389648438,-7.191667556762702,2.5,developing,developing,26.96666717529297,993.5,-2.3000011444091797,1.5
2000056S17153,STEVE,2000-03-01 09:00:00+00:00,2000-03-01 12:00:00+00:00,3.0,stormsense_dataset/images/2000056S17153_STEVE/20000301T090000Z.png,GMS-5,26.96666717529297,993.5,-15.361249923706056,134.9637451171875,-2.30000114440918,1.5,developing,developing,24.66666603088379,995.0,-2.3000011444091797,1.5
2000056S17153,STEVE,2000-03-01 12:00:00+00:00,2000-03-01 15:00:00+00:00,3.0,stormsense_dataset/images/2000056S17153_STEVE/20000301T120000Z.png,GMS-5,24.66666603088379,995.0,-15.149999618530272,134.54998779296875,-2.30000114440918,1.5,developing,developing,24.66666603088379,995.0,0.0,0.0
2000056S17153,STEVE,2000-03-01 15:00:00+00:00,2000-03-01 18:00:00+00:00,3.0,stormsense_dataset/images/2000056S17153_STEVE/20000301T150000Z.png,GMS-5,24.66666603088379,995.0,-14.977499008178713,134.15625,0.0,0.0,developing,developing,24.66666603088379,995.0,0.0,0.0
2000056S17153,STEVE,2000-03-01 18:00:00+00:00,2000-03-01 21:00:00+00:00,3.0,stormsense_dataset/images/2000056S17153_STEVE/20000301T180000Z.png,GMS-5,24.66666603088379,995.0,-14.84999942779541,133.79998779296875,0.0,0.0,developing,developing,24.66666603088379,995.25,0.0,0.25
2000056S17153,STEVE,2000-03-01 21:00:00+00:00,2000-03-02 00:00:00+00:00,3.0,stormsense_dataset/images/2000056S17153_STEVE/20000301T210000Z.png,GMS-5,24.66666603088379,995.25,-14.773749351501465,133.5262451171875,0.0,0.25,developing,developing,24.66666603088379,995.5,0.0,0.25
2000056S17153,STEVE,2000-03-02 00:00:00+00:00,2000-03-02 03:00:00+00:00,3.0,stormsense_dataset/images/2000056S17153_STEVE/20000302T000000Z.png,GMS-5,24.66666603088379,995.5,-14.75,133.20001220703125,0.0,0.25,developing,developing,24.66666603088379,994.25,0.0,-1.25
2000056S17153,STEVE,2000-03-02 03:00:00+00:00,2000-03-02 06:00:00+00:00,3.0,stormsense_dataset/images/2000056S17153_STEVE/20000302T030000Z.png,"GMS-5,Meteosat-5",24.66666603088379,994.25,-14.774999618530272,132.6724853515625,0.0,-1.25,developing,developing,24.66666603088379,993.0,0.0,-1.25
2000056S17153,STEVE,2000-03-02 06:00:00+00:00,2000-03-02 09:00:00+00:00,3.0,stormsense_dataset/images/2000056S17153_STEVE/20000302T060000Z.png,"GMS-5,Meteosat-5",24.66666603088379,993.0,-14.799999237060549,132.10000610351562,0.0,-1.25,developing,developing,24.66666603088379,993.5,0.0,0.5
2000056S17153,STEVE,2000-03-02 09:00:00+00:00,2000-03-02 12:00:00+00:00,3.0,stormsense_dataset/images/2000056S17153_STEVE/20000302T090000Z.png,"GMS-5,Meteosat-5",24.66666603088379,993.5,-14.75374984741211,131.6199951171875,0.0,0.5,developing,developing,24.66666603088379,994.0,0.0,0.5
2000056S17153,STEVE,2000-03-02 12:00:00+00:00,2000-03-02 15:00:00+00:00,3.0,stormsense_dataset/images/2000056S17153_STEVE/20000302T120000Z.png,"GMS-5,Meteosat-5",24.66666603088379,994.0,-14.699999809265137,131.20001220703125,0.0,0.5,developing,developing,24.66666603088379,993.0,0.0,-1.0
2000056S17153,STEVE,2000-03-02 15:00:00+00:00,2000-03-02 18:00:00+00:00,3.0,stormsense_dataset/images/2000056S17153_STEVE/20000302T150000Z.png,"GMS-5,Meteosat-5",24.66666603088379,993.0,-14.673749923706056,130.84249877929688,0.0,-1.0,developing,developing,24.66666603088379,992.0,0.0,-1.0
2000056S17153,STEVE,2000-03-02 18:00:00+00:00,2000-03-02 21:00:00+00:00,3.0,stormsense_dataset/images/2000056S17153_STEVE/20000302T180000Z.png,"GMS-5,Meteosat-5",24.66666603088379,992.0,-14.699999809265137,130.5,0.0,-1.0,developing,developing,24.66666603088379,993.0,0.0,1.0
2000056S17153,STEVE,2000-03-02 21:00:00+00:00,2000-03-03 00:00:00+00:00,3.0,stormsense_dataset/images/2000056S17153_STEVE/20000302T210000Z.png,GMS-5,24.66666603088379,993.0,-14.78749942779541,130.11126708984375,0.0,1.0,developing,developing,24.66666603088379,994.0,0.0,1.0
2000056S17153,STEVE,2000-03-03 00:00:00+00:00,2000-03-03 03:00:00+00:00,3.0,stormsense_dataset/images/2000056S17153_STEVE/20000303T000000Z.png,"GMS-5,Meteosat-5",24.66666603088379,994.0,-14.949999809265137,129.70001220703125,0.0,1.0,developing,developing,24.66666603088379,994.0,0.0,0.0
2000056S17153,STEVE,2000-03-03 03:00:00+00:00,2000-03-03 06:00:00+00:00,3.0,stormsense_dataset/images/2000056S17153_STEVE/20000303T030000Z.png,"GMS-5,Meteosat-5",24.66666603088379,994.0,-15.190999984741213,129.3067626953125,0.0,0.0,developing,developing,24.66666603088379,994.0,0.0,0.0
2000056S17153,STEVE,2000-03-03 06:00:00+00:00,2000-03-03 09:00:00+00:00,3.0,stormsense_dataset/images/2000056S17153_STEVE/20000303T060000Z.png,"GMS-5,Meteosat-5",24.66666603088379,994.0,-15.449999809265137,128.85000610351562,0.0,0.0,developing,developing,24.66666603088379,994.5,0.0,0.5
2000056S17153,STEVE,2000-03-03 09:00:00+00:00,2000-03-03 12:00:00+00:00,3.0,stormsense_dataset/images/2000056S17153_STEVE/20000303T090000Z.png,"GMS-5,Meteosat-5",24.66666603088379,994.5,-15.648284912109377,128.280517578125,0.0,0.5,developing,developing,24.66666603088379,995.0,0.0,0.5
2000056S17153,STEVE,2000-03-03 12:00:00+00:00,2000-03-03 15:00:00+00:00,3.0,stormsense_dataset/images/2000056S17153_STEVE/20000303T120000Z.png,"GMS-5,Meteosat-5",24.66666603088379,995.0,-15.819998741149902,127.62664794921876,0.0,0.5,developing,developing,26.13333320617676,995.0,1.4666671752929723,0.0
2000056S17153,STEVE,2000-03-03 15:00:00+00:00,2000-03-03 18:00:00+00:00,3.0,stormsense_dataset/images/2000056S17153_STEVE/20000303T150000Z.png,"GMS-5,Meteosat-5",26.13333320617676,995.0,-15.981815338134766,126.92440795898438,1.4666671752929723,0.0,developing,developing,27.600000381469727,995.0,1.4666671752929652,0.0
2000056S17153,STEVE,2000-03-03 18:00:00+00:00,2000-03-03 21:00:00+00:00,3.0,stormsense_dataset/images/2000056S17153_STEVE/20000303T180000Z.png,"GMS-5,Meteosat-5",27.600000381469727,995.0,-16.14285659790039,126.21429443359376,1.4666671752929652,0.0,developing,developing,27.600000381469727,995.0,0.0,0.0
2000056S17153,STEVE,2000-03-03 21:00:00+00:00,2000-03-04 00:00:00+00:00,3.0,stormsense_dataset/images/2000056S17153_STEVE/20000303T210000Z.png,GMS-5,27.600000381469727,995.0,-16.302183151245117,125.56491088867188,0.0,0.0,developing,developing,27.600000381469727,995.0,0.0,0.0
2000056S17153,STEVE,2000-03-04 00:00:00+00:00,2000-03-04 03:00:00+00:00,3.0,stormsense_dataset/images/2000056S17153_STEVE/20000304T000000Z.png,"GMS-5,Meteosat-5",27.600000381469727,995.0,-16.507692337036133,124.9384765625,0.0,0.0,developing,developing,28.433334350585938,995.0,0.8333339691162109,0.0
2000056S17153,STEVE,2000-03-04 03:00:00+00:00,2000-03-04 06:00:00+00:00,3.0,stormsense_dataset/images/2000056S17153_STEVE/20000304T030000Z.png,"GMS-5,Meteosat-5",28.433334350585938,995.0,-16.825946807861328,124.28067016601562,0.8333339691162109,0.0,developing,developing,29.26666831970215,995.0,0.8333339691162109,0.0
2000056S17153,STEVE,2000-03-04 06:00:00+00:00,2000-03-04 09:00:00+00:00,3.0,stormsense_dataset/images/2000056S17153_STEVE/20000304T060000Z.png,"GMS-5,Meteosat-5",29.26666831970215,995.0,-17.138437271118164,123.6790771484375,0.8333339691162109,0.0,developing,developing,29.26666831970215,995.0,0.0,0.0
2000056S17153,STEVE,2000-03-04 09:00:00+00:00,2000-03-04 12:00:00+00:00,3.0,stormsense_dataset/images/2000056S17153_STEVE/20000304T090000Z.png,"GMS-5,Meteosat-5",29.26666831970215,995.0,-17.325681686401367,123.198974609375,0.0,0.0,developing,developing,29.26666831970215,995.0,0.0,0.0
2000056S17153,STEVE,2000-03-04 12:00:00+00:00,2000-03-04 15:00:00+00:00,3.0,stormsense_dataset/images/2000056S17153_STEVE/20000304T120000Z.png,"GMS-5,Meteosat-5",29.26666831970215,995.0,-17.46485710144043,122.77777099609376,0.0,0.0,developing,developing,30.26666831970215,992.5,1.0,-2.5
2000056S17153,STEVE,2000-03-04 15:00:00+00:00,2000-03-04 18:00:00+00:00,3.0,stormsense_dataset/images/2000056S17153_STEVE/20000304T150000Z.png,"GMS-5,Meteosat-5",30.26666831970215,992.5,-17.61428451538086,122.34210205078124,1.0,-2.5,developing,developing,31.26666831970215,990.0,1.0,-2.5
2000056S17153,STEVE,2000-03-04 18:00:00+00:00,2000-03-04 21:00:00+00:00,3.0,stormsense_dataset/images/2000056S17153_STEVE/20000304T180000Z.png,"GMS-5,Meteosat-5",31.26666831970215,990.0,-17.775144577026367,121.91110229492188,1.0,-2.5,developing,developing,32.733333587646484,990.0,1.466665267944336,0.0
2000056S17153,STEVE,2000-03-04 21:00:00+00:00,2000-03-05 00:00:00+00:00,3.0,stormsense_dataset/images/2000056S17153_STEVE/20000304T210000Z.png,GMS-5,32.733333587646484,990.0,-17.959732055664062,121.47439575195312,1.466665267944336,0.0,developing,developing,34.20000076293945,990.0,1.4666671752929688,0.0
2000056S17153,STEVE,2000-03-05 00:00:00+00:00,2000-03-05 03:00:00+00:00,3.0,stormsense_dataset/images/2000056S17153_STEVE/20000305T000000Z.png,"GMS-5,Meteosat-5",34.20000076293945,990.0,-18.177778244018555,121.04083251953124,1.4666671752929688,0.0,developing,organizing,37.0,987.5,2.799999237060547,-2.5
2000056S17153,STEVE,2000-03-05 03:00:00+00:00,2000-03-05 06:00:00+00:00,3.0,stormsense_dataset/images/2000056S17153_STEVE/20000305T030000Z.png,"GMS-5,Meteosat-5",37.0,987.5,-18.44464111328125,120.61187744140624,2.799999237060547,-2.5,organizing,organizing,39.79999923706055,985.0,2.799999237060547,-2.5
2000056S17153,STEVE,2000-03-05 06:00:00+00:00,2000-03-05 09:00:00+00:00,3.0,stormsense_dataset/images/2000056S17153_STEVE/20000305T060000Z.png,"GMS-5,Meteosat-5",39.79999923706055,985.0,-18.711111068725582,120.195068359375,2.799999237060547,-2.5,organizing,organizing,41.26666641235352,985.0,1.4666671752929759,0.0
2000056S17153,STEVE,2000-03-05 09:00:00+00:00,2000-03-05 12:00:00+00:00,3.0,stormsense_dataset/images/2000056S17153_STEVE/20000305T090000Z.png,"GMS-5,Meteosat-5",41.26666641235352,985.0,-18.901111602783203,119.79409790039062,1.466667175292976,0.0,organizing,organizing,42.73333358764648,985.0,1.4666671752929545,0.0
2000056S17153,STEVE,2000-03-05 12:00:00+00:00,2000-03-05 15:00:00+00:00,3.0,stormsense_dataset/images/2000056S17153_STEVE/20000305T120000Z.png,"GMS-5,Meteosat-5",42.73333358764648,985.0,-19.11111259460449,119.40557861328124,1.4666671752929543,0.0,organizing,organizing,46.5,982.5,3.7666664123535227,-2.5
2000056S17153,STEVE,2000-03-05 15:00:00+00:00,2000-03-05 18:00:00+00:00,3.0,stormsense_dataset/images/2000056S17153_STEVE/20000305T150000Z.png,"GMS-5,Meteosat-5",46.5,982.5,-19.45444679260254,119.02761840820312,3.7666664123535223,-2.5,organizing,organizing,50.26666641235352,980.0,3.7666664123535227,-2.5
2000056S17153,STEVE,2000-03-05 18:00:00+00:00,2000-03-05 21:00:00+00:00,3.0,stormsense_dataset/images/2000056S17153_STEVE/20000305T180000Z.png,"GMS-5,Meteosat-5",50.26666641235352,980.0,-19.77777862548828,118.64263916015624,3.7666664123535223,-2.5,organizing,organizing,51.26666641235352,977.5,1.0,-2.5
2000056S17153,STEVE,2000-03-05 21:00:00+00:00,2000-03-06 00:00:00+00:00,3.0,stormsense_dataset/images/2000056S17153_STEVE/20000305T210000Z.png,GMS-5,51.26666641235352,977.5,-19.9409122467041,118.23785400390624,1.0,-2.5,organizing,organizing,52.26666641235352,975.0,1.0,-2.5
2000056S17153,STEVE,2000-03-06 00:00:00+00:00,2000-03-06 03:00:00+00:00,3.0,stormsense_dataset/images/2000056S17153_STEVE/20000306T000000Z.png,"GMS-5,Meteosat-5",52.26666641235352,975.0,-20.044443130493164,117.80624389648438,1.0,-2.5,organizing,mature,55.19999694824219,975.0,2.9333305358886648,0.0
2000056S17153,STEVE,2000-03-06 03:00:00+00:00,2000-03-06 06:00:00+00:00,3.0,stormsense_dataset/images/2000056S17153_STEVE/20000306T030000Z.png,"GMS-5,Meteosat-5",55.19999694824219,975.0,-20.16539764404297,117.31890869140624,2.9333305358886648,0.0,mature,mature,58.133331298828125,975.0,2.9333343505859375,0.0
2000056S17153,STEVE,2000-03-06 06:00:00+00:00,2000-03-06 09:00:00+00:00,3.0,stormsense_dataset/images/2000056S17153_STEVE/20000306T060000Z.png,"GMS-5,Meteosat-5",58.133331298828125,975.0,-20.313745498657227,116.86444091796876,2.933334350585937,0.0,mature,mature,58.133331298828125,975.0,0.0,0.0
2000056S17153,STEVE,2000-03-06 09:00:00+00:00,2000-03-06 12:00:00+00:00,3.0,stormsense_dataset/images/2000056S17153_STEVE/20000306T090000Z.png,"GMS-5,Meteosat-5",58.133331298828125,975.0,-20.50351905822754,116.53643798828124,0.0,0.0,mature,mature,58.133331298828125,975.0,0.0,0.0
2000056S17153,STEVE,2000-03-06 12:00:00+00:00,2000-03-06 15:00:00+00:00,3.0,stormsense_dataset/images/2000056S17153_STEVE/20000306T120000Z.png,"GMS-5,Meteosat-5",58.133331298828125,975.0,-20.763044357299805,116.24722290039062,0.0,0.0,mature,mature,54.19999694824219,977.5,-3.9333343505859375,2.5
2000056S17153,STEVE,2000-03-06 15:00:00+00:00,2000-03-06 18:00:00+00:00,3.0,stormsense_dataset/images/2000056S17153_STEVE/20000306T150000Z.png,"GMS-5,Meteosat-5",54.19999694824219,977.5,-21.10741424560547,115.8861083984375,-3.9333343505859375,2.5,mature,organizing,50.26666641235352,980.0,-3.9333305358886648,2.5
2000056S17153,STEVE,2000-03-06 18:00:00+00:00,2000-03-06 21:00:00+00:00,3.0,stormsense_dataset/images/2000056S17153_STEVE/20000306T180000Z.png,"GMS-5,Meteosat-5",50.26666641235352,980.0,-21.49736595153809,115.56402587890624,-3.9333305358886648,2.5,organizing,organizing,50.26666641235352,980.0,0.0,0.0
2000056S17153,STEVE,2000-03-06 21:00:00+00:00,2000-03-07 00:00:00+00:00,3.0,stormsense_dataset/images/2000056S17153_STEVE/20000306T210000Z.png,GMS-5,50.26666641235352,980.0,-21.895252227783203,115.38858032226562,0.0,0.0,organizing,organizing,50.26666641235352,980.0,0.0,0.0
2000056S17153,STEVE,2000-03-07 00:00:00+00:00,2000-03-07 03:00:00+00:00,3.0,stormsense_dataset/images/2000056S17153_STEVE/20000307T000000Z.png,"GMS-5,Meteosat-5",50.26666641235352,980.0,-22.250534057617188,115.20706176757812,0.0,0.0,organizing,organizing,50.26666641235352,980.0,0.0,0.0
2000056S17153,STEVE,2000-03-07 03:00:00+00:00,2000-03-07 06:00:00+00:00,3.0,stormsense_dataset/images/2000056S17153_STEVE/20000307T030000Z.png,"GMS-5,Meteosat-5",50.26666641235352,980.0,-22.506196975708008,114.8582763671875,0.0,0.0,organizing,organizing,50.26666641235352,980.0,0.0,0.0
2000056S17153,STEVE,2000-03-07 06:00:00+00:00,2000-03-07 09:00:00+00:00,3.0,stormsense_dataset/images/2000056S17153_STEVE/20000307T060000Z.png,"GMS-5,Meteosat-5",50.26666641235352,980.0,-22.700822830200195,114.48345947265624,0.0,0.0,organizing,organizing,50.26666641235352,980.0,0.0,0.0
2000056S17153,STEVE,2000-03-07 09:00:00+00:00,2000-03-07 12:00:00+00:00,3.0,stormsense_dataset/images/2000056S17153_STEVE/20000307T090000Z.png,"GMS-5,Meteosat-5",50.26666641235352,980.0,-22.870555877685547,114.18609619140624,0.0,0.0,organizing,organizing,50.26666641235352,980.0,0.0,0.0
2000056S17153,STEVE,2000-03-07 12:00:00+00:00,2000-03-07 15:00:00+00:00,3.0,stormsense_dataset/images/2000056S17153_STEVE/20000307T120000Z.png,"GMS-5,Meteosat-5",50.26666641235352,980.0,-23.04707908630371,113.95291137695312,0.0,0.0,organizing,organizing,50.26666641235352,980.0,0.0,0.0
2000056S17153,STEVE,2000-03-07 15:00:00+00:00,2000-03-07 18:00:00+00:00,3.0,stormsense_dataset/images/2000056S17153_STEVE/20000307T150000Z.png,"GMS-5,Meteosat-5",50.26666641235352,980.0,-23.28628158569336,113.7872314453125,0.0,0.0,organizing,organizing,50.26666641235352,980.0,0.0,0.0
2000056S17153,STEVE,2000-03-07 18:00:00+00:00,2000-03-07 21:00:00+00:00,3.0,stormsense_dataset/images/2000056S17153_STEVE/20000307T180000Z.png,"GMS-5,Meteosat-5",50.26666641235352,980.0,-23.542633056640625,113.65737915039062,0.0,0.0,organizing,organizing,50.26666641235352,980.0,0.0,0.0
2000056S17153,STEVE,2000-03-07 21:00:00+00:00,2000-03-08 00:00:00+00:00,3.0,stormsense_dataset/images/2000056S17153_STEVE/20000307T210000Z.png,GMS-5,50.26666641235352,980.0,-23.772933959960938,113.50518798828124,0.0,0.0,organizing,organizing,50.26666641235352,980.0,0.0,0.0
2000056S17153,STEVE,2000-03-08 00:00:00+00:00,2000-03-08 03:00:00+00:00,3.0,stormsense_dataset/images/2000056S17153_STEVE/20000308T000000Z.png,"GMS-5,Meteosat-5",50.26666641235352,980.0,-24.003210067749023,113.36569213867188,0.0,0.0,organizing,organizing,48.79999923706055,980.0,-1.4666671752929759,0.0
2000056S17153,STEVE,2000-03-08 03:00:00+00:00,2000-03-08 06:00:00+00:00,3.0,stormsense_dataset/images/2000056S17153_STEVE/20000308T030000Z.png,"GMS-5,Meteosat-5",48.79999923706055,980.0,-24.25675201416016,113.24102783203124,-1.466667175292976,0.0,organizing,organizing,47.33333206176758,980.0,-1.4666671752929688,0.0
2000056S17153,STEVE,2000-03-08 06:00:00+00:00,2000-03-08 09:00:00+00:00,3.0,stormsense_dataset/images/2000056S17153_STEVE/20000308T060000Z.png,"GMS-5,Meteosat-5",47.33333206176758,980.0,-24.49860191345215,113.15472412109376,-1.4666671752929688,0.0,organizing,organizing,47.33333206176758,980.0,0.0,0.0
2000056S17153,STEVE,2000-03-08 09:00:00+00:00,2000-03-08 12:00:00+00:00,3.0,stormsense_dataset/images/2000056S17153_STEVE/20000308T090000Z.png,"GMS-5,Meteosat-5",47.33333206176758,980.0,-24.70413398742676,113.10748291015624,0.0,0.0,organizing,organizing,47.33333206176758,980.0,0.0,0.0
2000056S17153,STEVE,2000-03-08 12:00:00+00:00,2000-03-08 15:00:00+00:00,3.0,stormsense_dataset/images/2000056S17153_STEVE/20000308T120000Z.png,"GMS-5,Meteosat-5",47.33333206176758,980.0,-24.881235122680664,113.11859130859376,0.0,0.0,organizing,organizing,47.33333206176758,980.0,0.0,0.0
2000056S17153,STEVE,2000-03-08 15:00:00+00:00,2000-03-08 18:00:00+00:00,3.0,stormsense_dataset/images/2000056S17153_STEVE/20000308T150000Z.png,"GMS-5,Meteosat-5",47.33333206176758,980.0,-25.047718048095703,113.18453979492188,0.0,0.0,organizing,organizing,47.33333206176758,980.0,0.0,0.0
2000056S17153,STEVE,2000-03-08 18:00:00+00:00,2000-03-08 21:00:00+00:00,3.0,stormsense_dataset/images/2000056S17153_STEVE/20000308T180000Z.png,"GMS-5,Meteosat-5",47.33333206176758,980.0,-25.18707847595215,113.29653930664062,0.0,0.0,organizing,organizing,45.86666488647461,980.0,-1.4666671752929688,0.0
2000056S17153,STEVE,2000-03-08 21:00:00+00:00,2000-03-09 00:00:00+00:00,3.0,stormsense_dataset/images/2000056S17153_STEVE/20000308T210000Z.png,GMS-5,45.86666488647461,980.0,-25.29111862182617,113.42694091796876,-1.4666671752929688,0.0,organizing,organizing,44.39999771118164,980.0,-1.4666671752929688,0.0
2000056S17153,STEVE,2000-03-09 00:00:00+00:00,2000-03-09 03:00:00+00:00,3.0,stormsense_dataset/images/2000056S17153_STEVE/20000309T000000Z.png,"GMS-5,Meteosat-5",44.39999771118164,980.0,-25.388887405395508,113.56765747070312,-1.4666671752929688,0.0,organizing,organizing,44.39999771118164,980.0,0.0,0.0
2000056S17153,STEVE,2000-03-09 03:00:00+00:00,2000-03-09 06:00:00+00:00,3.0,stormsense_dataset/images/2000056S17153_STEVE/20000309T030000Z.png,"GMS-5,Meteosat-5",44.39999771118164,980.0,-25.51840591430664,113.67803955078124,0.0,0.0,organizing,organizing,44.39999771118164,980.0,0.0,0.0
2000056S17153,STEVE,2000-03-09 06:00:00+00:00,2000-03-09 09:00:00+00:00,3.0,stormsense_dataset/images/2000056S17153_STEVE/20000309T060000Z.png,"GMS-5,Meteosat-5",44.39999771118164,980.0,-25.65292358398437,113.8143310546875,0.0,0.0,organizing,organizing,45.86666488647461,980.0,1.4666671752929688,0.0
2000056S17153,STEVE,2000-03-09 09:00:00+00:00,2000-03-09 12:00:00+00:00,3.0,stormsense_dataset/images/2000056S17153_STEVE/20000309T090000Z.png,"GMS-5,Meteosat-5",45.86666488647461,980.0,-25.75893211364746,114.00482177734376,1.4666671752929688,0.0,organizing,organizing,47.33333206176758,980.0,1.4666671752929688,0.0
2000056S17153,STEVE,2000-03-09 12:00:00+00:00,2000-03-09 15:00:00+00:00,3.0,stormsense_dataset/images/2000056S17153_STEVE/20000309T120000Z.png,"GMS-5,Meteosat-5",47.33333206176758,980.0,-25.8880672454834,114.2581787109375,1.4666671752929688,0.0,organizing,organizing,44.39999771118164,980.0,-2.9333343505859375,0.0
2000056S17153,STEVE,2000-03-09 15:00:00+00:00,2000-03-09 18:00:00+00:00,3.0,stormsense_dataset/images/2000056S17153_STEVE/20000309T150000Z.png,"GMS-5,Meteosat-5",44.39999771118164,980.0,-26.057844161987305,114.54534912109376,-2.933334350585937,0.0,organizing,organizing,41.4666633605957,980.0,-2.9333343505859375,0.0
2000056S17153,STEVE,2000-03-09 18:00:00+00:00,2000-03-09 21:00:00+00:00,3.0,stormsense_dataset/images/2000056S17153_STEVE/20000309T180000Z.png,"GMS-5,Meteosat-5",41.4666633605957,980.0,-26.306283950805664,114.92391967773438,-2.933334350585937,0.0,organizing,organizing,39.16666412353516,982.5,-2.2999992370605398,2.5
2000056S17153,STEVE,2000-03-09 21:00:00+00:00,2000-03-10 00:00:00+00:00,3.0,stormsense_dataset/images/2000056S17153_STEVE/20000309T210000Z.png,GMS-5,39.16666412353516,982.5,-26.651046752929688,115.40093994140624,-2.29999923706054,2.5,organizing,organizing,36.86666870117188,985.0,-2.2999954223632812,2.5
2000056S17153,STEVE,2000-03-10 00:00:00+00:00,2000-03-10 03:00:00+00:00,3.0,stormsense_dataset/images/2000056S17153_STEVE/20000310T000000Z.png,"GMS-5,Meteosat-5",36.86666870117188,985.0,-27.06584358215332,115.97695922851562,-2.299995422363281,2.5,organizing,organizing,36.86666870117188,985.0,0.0,0.0
2000056S17153,STEVE,2000-03-10 03:00:00+00:00,2000-03-10 06:00:00+00:00,3.0,stormsense_dataset/images/2000056S17153_STEVE/20000310T030000Z.png,"GMS-5,Meteosat-5",36.86666870117188,985.0,-27.487957000732425,116.60476684570312,0.0,0.0,organizing,organizing,36.86666870117188,985.0,0.0,0.0
2000056S17153,STEVE,2000-03-10 06:00:00+00:00,2000-03-10 09:00:00+00:00,3.0,stormsense_dataset/images/2000056S17153_STEVE/20000310T060000Z.png,"GMS-5,Meteosat-5",36.86666870117188,985.0,-27.95094490051269,117.30239868164062,0.0,0.0,organizing,developing,34.06666946411133,987.5,-2.799999237060554,2.5
2000056S17153,STEVE,2000-03-10 09:00:00+00:00,2000-03-10 12:00:00+00:00,3.0,stormsense_dataset/images/2000056S17153_STEVE/20000310T090000Z.png,"GMS-5,Meteosat-5",34.06666946411133,987.5,-28.4437255859375,118.06088256835938,-2.799999237060554,2.5,developing,developing,31.26666831970215,990.0,-2.8000011444091797,2.5
2000056S17153,STEVE,2000-03-10 12:00:00+00:00,2000-03-10 15:00:00+00:00,3.0,stormsense_dataset/images/2000056S17153_STEVE/20000310T120000Z.png,"GMS-5,Meteosat-5",31.26666831970215,990.0,-28.98301315307617,118.82098388671876,-2.80000114440918,2.5,developing,developing,29.80000114440918,990.0,-1.4666671752929688,0.0
2000056S17153,STEVE,2000-03-10 15:00:00+00:00,2000-03-10 18:00:00+00:00,3.0,stormsense_dataset/images/2000056S17153_STEVE/20000310T150000Z.png,"GMS-5,Meteosat-5",29.80000114440918,990.0,-29.5395565032959,119.49008178710938,-1.4666671752929688,0.0,developing,developing,28.33333396911621,990.0,-1.4666671752929688,0.0
2000056S17153,STEVE,2000-03-10 18:00:00+00:00,2000-03-10 21:00:00+00:00,3.0,stormsense_dataset/images/2000056S17153_STEVE/20000310T180000Z.png,"GMS-5,Meteosat-5",28.33333396911621,990.0,-30.17814826965332,120.15728759765624,-1.4666671752929688,0.0,developing,developing,26.86666679382324,990.0,-1.4666671752929723,0.0
2000056S17153,STEVE,2000-03-10 21:00:00+00:00,2000-03-11 00:00:00+00:00,3.0,stormsense_dataset/images/2000056S17153_STEVE/20000310T210000Z.png,GMS-5,26.86666679382324,990.0,-30.96637725830078,120.86041259765624,-1.4666671752929723,0.0,developing,developing,25.39999961853028,990.0,-1.466667175292958,0.0
2000056S17153,STEVE,2000-03-11 00:00:00+00:00,2000-03-11 03:00:00+00:00,3.0,stormsense_dataset/images/2000056S17153_STEVE/20000311T000000Z.png,GMS-5,25.39999961853028,990.0,-31.7572021484375,121.66339111328124,-1.466667175292958,0.0,developing,developing,33.20000076293945,990.0,7.800001144409173,0.0
2000056S17153,STEVE,2000-03-11 03:00:00+00:00,2000-03-11 06:00:00+00:00,3.0,stormsense_dataset/images/2000056S17153_STEVE/20000311T030000Z.png,"GMS-5,Meteosat-5",33.20000076293945,990.0,-32.38373565673828,122.66632080078124,7.800001144409173,0.0,developing,organizing,41.0,990.0,7.799999237060547,0.0
2000056S17153,STEVE,2000-03-11 06:00:00+00:00,2000-03-11 09:00:00+00:00,3.0,stormsense_dataset/images/2000056S17153_STEVE/20000311T060000Z.png,"GMS-5,Meteosat-5",41.0,990.0,-32.96963119506836,123.66543579101562,7.799999237060547,0.0,organizing,organizing,41.0,990.0,0.0,0.0
2000056S17153,STEVE,2000-03-11 09:00:00+00:00,2000-03-11 12:00:00+00:00,3.0,stormsense_dataset/images/2000056S17153_STEVE/20000311T090000Z.png,"GMS-5,Meteosat-5",41.0,990.0,-33.611026763916016,124.45645141601562,0.0,0.0,organizing,organizing,41.0,990.0,0.0,0.0
2000056S17153,STEVE,2000-03-11 12:00:00+00:00,2000-03-11 15:00:00+00:00,3.0,stormsense_dataset/images/2000056S17153_STEVE/20000311T120000Z.png,"GMS-5,Meteosat-5",41.0,990.0,-34.27777862548828,125.14617919921876,0.0,0.0,organizing,organizing,41.0,990.0,0.0,0.0
2000058S14063,GLORIA,2000-02-27 00:00:00+00:00,2000-02-27 03:00:00+00:00,3.0,stormsense_dataset/images/2000058S14063_GLORIA/20000227T000000Z.png,"Meteosat-5,Meteosat-7",17.600000381469727,,-13.800000190734863,62.5,,,developing,developing,19.799999237060547,,2.1999988555908203,
2000058S14063,GLORIA,2000-02-27 03:00:00+00:00,2000-02-27 06:00:00+00:00,3.0,stormsense_dataset/images/2000058S14063_GLORIA/20000227T030000Z.png,"Meteosat-5,Meteosat-7",19.799999237060547,,-13.818071365356444,62.33135986328125,2.1999988555908203,,developing,developing,22.0,,2.200000762939453,
2000058S14063,GLORIA,2000-02-27 06:00:00+00:00,2000-02-27 09:00:00+00:00,3.0,stormsense_dataset/images/2000058S14063_GLORIA/20000227T060000Z.png,"Meteosat-5,Meteosat-7",22.0,,-13.800000190734863,62.100006103515625,2.200000762939453,,developing,developing,21.03333282470703,,-0.9666671752929688,
2000058S14063,GLORIA,2000-02-27 09:00:00+00:00,2000-02-27 12:00:00+00:00,3.0,stormsense_dataset/images/2000058S14063_GLORIA/20000227T090000Z.png,"Meteosat-5,Meteosat-7",21.03333282470703,,-13.72614288330078,61.77021789550781,-0.9666671752929688,,developing,developing,20.066665649414062,1000.0,-0.9666671752929688,
2000058S14063,GLORIA,2000-02-27 12:00:00+00:00,2000-02-27 15:00:00+00:00,3.0,stormsense_dataset/images/2000058S14063_GLORIA/20000227T120000Z.png,"Meteosat-5,Meteosat-7",20.066665649414062,1000.0,-13.642857551574709,61.41429138183594,-0.9666671752929688,,developing,developing,21.53333282470703,1000.0,1.4666671752929688,0.0
2000058S14063,GLORIA,2000-02-27 15:00:00+00:00,2000-02-27 18:00:00+00:00,3.0,stormsense_dataset/images/2000058S14063_GLORIA/20000227T150000Z.png,"Meteosat-5,Meteosat-7",21.53333282470703,1000.0,-13.603597640991213,61.13667297363281,1.4666671752929688,0.0,developing,developing,23.0,1000.0,1.4666671752929688,0.0
2000058S14063,GLORIA,2000-02-27 18:00:00+00:00,2000-02-27 21:00:00+00:00,3.0,stormsense_dataset/images/2000058S14063_GLORIA/20000227T180000Z.png,"Meteosat-5,Meteosat-7",23.0,1000.0,-13.579999923706056,60.83999633789063,1.4666671752929688,0.0,developing,developing,23.0,1000.0,0.0,0.0
2000058S14063,GLORIA,2000-02-27 21:00:00+00:00,2000-02-28 00:00:00+00:00,3.0,stormsense_dataset/images/2000058S14063_GLORIA/20000227T210000Z.png,Meteosat-7,23.0,1000.0,-13.560967445373535,60.467620849609375,0.0,0.0,developing,developing,23.0,1000.0,0.0,0.0
2000058S14063,GLORIA,2000-02-28 00:00:00+00:00,2000-02-28 03:00:00+00:00,3.0,stormsense_dataset/images/2000058S14063_GLORIA/20000228T000000Z.png,"Meteosat-5,Meteosat-7",23.0,1000.0,-13.527273178100586,60.02726745605469,0.0,0.0,developing,developing,24.46666717529297,1000.0,1.4666671752929688,0.0
2000058S14063,GLORIA,2000-02-28 03:00:00+00:00,2000-02-28 06:00:00+00:00,3.0,stormsense_dataset/images/2000058S14063_GLORIA/20000228T030000Z.png,"Meteosat-5,Meteosat-7",24.46666717529297,1000.0,-13.453015327453612,59.51017761230469,1.4666671752929688,0.0,developing,developing,25.933334350585938,1000.0,1.4666671752929688,0.0
2000058S14063,GLORIA,2000-02-28 06:00:00+00:00,2000-02-28 09:00:00+00:00,3.0,stormsense_dataset/images/2000058S14063_GLORIA/20000228T060000Z.png,"Meteosat-5,Meteosat-7",25.933334350585938,1000.0,-13.366665840148926,59.0,1.4666671752929688,0.0,developing,developing,25.933334350585938,999.5,0.0,-0.5
2000058S14063,GLORIA,2000-02-28 09:00:00+00:00,2000-02-28 12:00:00+00:00,3.0,stormsense_dataset/images/2000058S14063_GLORIA/20000228T090000Z.png,"Meteosat-5,Meteosat-7",25.933334350585938,999.5,-13.30295467376709,58.59712219238281,0.0,-0.5,developing,developing,25.933334350585938,999.0,0.0,-0.5
2000058S14063,GLORIA,2000-02-28 12:00:00+00:00,2000-02-28 15:00:00+00:00,3.0,stormsense_dataset/images/2000058S14063_GLORIA/20000228T120000Z.png,"Meteosat-5,Meteosat-7",25.933334350585938,999.0,-13.233333587646484,58.23333740234375,0.0,-0.5,developing,developing,25.933334350585938,999.0,0.0,0.0
2000058S14063,GLORIA,2000-02-28 15:00:00+00:00,2000-02-28 18:00:00+00:00,3.0,stormsense_dataset/images/2000058S14063_GLORIA/20000228T150000Z.png,"Meteosat-5,Meteosat-7",25.933334350585938,999.0,-13.135833740234377,57.86250305175781,0.0,0.0,developing,developing,25.933334350585938,999.0,0.0,0.0
2000058S14063,GLORIA,2000-02-28 18:00:00+00:00,2000-02-28 21:00:00+00:00,3.0,stormsense_dataset/images/2000058S14063_GLORIA/20000228T180000Z.png,"Meteosat-5,Meteosat-7",25.933334350585938,999.0,-13.033332824707031,57.46665954589844,0.0,0.0,developing,organizing,28.233333587646484,998.0,2.299999237060547,-1.0
2000058S14063,GLORIA,2000-02-28 21:00:00+00:00,2000-02-29 00:00:00+00:00,3.0,stormsense_dataset/images/2000058S14063_GLORIA/20000228T210000Z.png,Meteosat-7,28.233333587646484,998.0,-12.957499504089355,57.024993896484375,2.299999237060547,-1.0,organizing,organizing,30.53333282470703,997.0,2.299999237060547,-1.0
2000058S14063,GLORIA,2000-02-29 00:00:00+00:00,2000-02-29 03:00:00+00:00,3.0,stormsense_dataset/images/2000058S14063_GLORIA/20000229T000000Z.png,"Meteosat-5,Meteosat-7",30.53333282470703,997.0,-12.866665840148926,56.53334045410156,2.299999237060547,-1.0,organizing,organizing,30.53333282470703,997.0,0.0,0.0
2000058S14063,GLORIA,2000-02-29 03:00:00+00:00,2000-02-29 06:00:00+00:00,3.0,stormsense_dataset/images/2000058S14063_GLORIA/20000229T030000Z.png,"Meteosat-5,Meteosat-7",30.53333282470703,997.0,-12.729166030883787,56.008331298828125,0.0,0.0,organizing,organizing,30.53333282470703,997.0,0.0,0.0
2000058S14063,GLORIA,2000-02-29 06:00:00+00:00,2000-02-29 09:00:00+00:00,3.0,stormsense_dataset/images/2000058S14063_GLORIA/20000229T060000Z.png,"Meteosat-5,Meteosat-7",30.53333282470703,997.0,-12.56666660308838,55.43333435058594,0.0,0.0,organizing,organizing,31.999998092651367,997.0,1.466665267944336,0.0
2000058S14063,GLORIA,2000-02-29 09:00:00+00:00,2000-02-29 12:00:00+00:00,3.0,stormsense_dataset/images/2000058S14063_GLORIA/20000229T090000Z.png,"Meteosat-5,Meteosat-7",31.999998092651367,997.0,-12.3725004196167,54.822509765625,1.466665267944336,0.0,organizing,organizing,33.4666633605957,997.0,1.466665267944336,0.0
2000058S14063,GLORIA,2000-02-29 12:00:00+00:00,2000-02-29 15:00:00+00:00,3.0,stormsense_dataset/images/2000058S14063_GLORIA/20000229T120000Z.png,"Meteosat-5,Meteosat-7",33.4666633605957,997.0,-12.233333587646484,54.16667175292969,1.466665267944336,0.0,organizing,organizing,34.93333053588867,997.0,1.4666671752929688,0.0
2000058S14063,GLORIA,2000-02-29 15:00:00+00:00,2000-02-29 18:00:00+00:00,3.0,stormsense_dataset/images/2000058S14063_GLORIA/20000229T150000Z.png,"Meteosat-5,Meteosat-7",34.93333053588867,997.0,-12.221667289733888,53.44166564941406,1.4666671752929688,0.0,organizing,organizing,36.39999771118164,997.0,1.4666671752929688,0.0
2000058S14063,GLORIA,2000-02-29 18:00:00+00:00,2000-02-29 21:00:00+00:00,3.0,stormsense_dataset/images/2000058S14063_GLORIA/20000229T180000Z.png,"Meteosat-5,Meteosat-7",36.39999771118164,997.0,-12.300000190734863,52.76666259765625,1.4666671752929688,0.0,organizing,organizing,37.23332977294922,995.5,0.8333320617675781,-1.5
2000058S14063,GLORIA,2000-02-29 21:00:00+00:00,2000-03-01 00:00:00+00:00,3.0,stormsense_dataset/images/2000058S14063_GLORIA/20000229T210000Z.png,Meteosat-7,37.23332977294922,995.5,-12.413333892822266,52.239990234375,0.8333320617675781,-1.5,organizing,organizing,38.06666564941406,994.0,0.8333358764648438,-1.5
2000058S14063,GLORIA,2000-03-01 00:00:00+00:00,2000-03-01 03:00:00+00:00,3.0,stormsense_dataset/images/2000058S14063_GLORIA/20000301T000000Z.png,"Meteosat-5,Meteosat-7",38.06666564941406,994.0,-12.56666660308838,51.83332824707031,0.8333358764648438,-1.5,organizing,organizing,40.36666870117188,992.0,2.3000030517578196,-2.0
2000058S14063,GLORIA,2000-03-01 03:00:00+00:00,2000-03-01 06:00:00+00:00,3.0,stormsense_dataset/images/2000058S14063_GLORIA/20000301T030000Z.png,"Meteosat-5,Meteosat-7",40.36666870117188,992.0,-12.715832710266112,51.503326416015625,2.30000305175782,-2.0,organizing,mature,42.66666793823242,990.0,2.2999992370605398,-2.0
2000058S14063,GLORIA,2000-03-01 06:00:00+00:00,2000-03-01 09:00:00+00:00,3.0,stormsense_dataset/images/2000058S14063_GLORIA/20000301T060000Z.png,"Meteosat-5,Meteosat-7",42.66666793823242,990.0,-12.899998664855955,51.23333740234375,2.29999923706054,-2.0,mature,mature,43.5,988.5,0.8333320617675781,-1.5
2000058S14063,GLORIA,2000-03-01 09:00:00+00:00,2000-03-01 12:00:00+00:00,3.0,stormsense_dataset/images/2000058S14063_GLORIA/20000301T090000Z.png,"Meteosat-5,Meteosat-7",43.5,988.5,-13.139999389648438,50.9666748046875,0.8333320617675781,-1.5,mature,mature,44.33333206176758,987.0,0.8333320617675781,-1.5
2000058S14063,GLORIA,2000-03-01 12:00:00+00:00,2000-03-01 15:00:00+00:00,3.0,stormsense_dataset/images/2000058S14063_GLORIA/20000301T120000Z.png,"Meteosat-5,Meteosat-7",44.33333206176758,987.0,-13.40000057220459,50.69999694824219,0.8333320617675781,-1.5,mature,mature,45.16666412353516,986.0,0.8333320617675852,-1.0
2000058S14063,GLORIA,2000-03-01 21:00:00+00:00,2000-03-02 00:00:00+00:00,3.0,stormsense_dataset/images/2000058S14063_GLORIA/20000301T210000Z.png,Meteosat-7,42.79999923706055,,-14.21583366394043,49.81832885742188,-3.200000762939453,,mature,weakening,39.59999847412109,,-3.2000007629394602,
2000058S14063,GLORIA,2000-03-02 00:00:00+00:00,2000-03-02 03:00:00+00:00,3.0,stormsense_dataset/images/2000058S14063_GLORIA/20000302T000000Z.png,"Meteosat-5,Meteosat-7",39.59999847412109,,-14.600001335144045,49.56666564941406,-3.20000076293946,,weakening,weakening,33.0,,-6.599998474121087,
2000058S14063,GLORIA,2000-03-02 03:00:00+00:00,2000-03-02 06:00:00+00:00,3.0,stormsense_dataset/images/2000058S14063_GLORIA/20000302T030000Z.png,"Meteosat-5,Meteosat-7",33.0,,-14.950000762939451,49.36666870117188,-6.599998474121087,,weakening,developing,26.39999961853028,,-6.6000003814697195,
2000058S14063,GLORIA,2000-03-02 06:00:00+00:00,2000-03-02 09:00:00+00:00,3.0,stormsense_dataset/images/2000058S14063_GLORIA/20000302T060000Z.png,"Meteosat-5,Meteosat-7",26.39999961853028,,-15.300000190734863,49.16667175292969,-6.60000038146972,,developing,developing,26.39999961853028,,0.0,
2000058S14063,GLORIA,2000-03-02 09:00:00+00:00,2000-03-02 12:00:00+00:00,3.0,stormsense_dataset/images/2000058S14063_GLORIA/20000302T090000Z.png,"Meteosat-5,Meteosat-7",26.39999961853028,,-15.676666259765623,48.94000244140625,0.0,,developing,developing,26.39999961853028,,0.0,
2000058S14063,GLORIA,2000-03-02 12:00:00+00:00,2000-03-02 15:00:00+00:00,3.0,stormsense_dataset/images/2000058S14063_GLORIA/20000302T120000Z.png,"Meteosat-5,Meteosat-7",26.39999961853028,,-16.03333282470703,48.633331298828125,0.0,,developing,developing,24.200000762939453,,-2.1999988555908274,
2000058S14063,GLORIA,2000-03-02 15:00:00+00:00,2000-03-02 18:00:00+00:00,3.0,stormsense_dataset/images/2000058S14063_GLORIA/20000302T150000Z.png,"Meteosat-5,Meteosat-7",24.200000762939453,,-16.324167251586914,48.18916320800781,-2.1999988555908274,,developing,developing,22.0,,-2.200000762939453,
2000058S14063,GLORIA,2000-03-02 18:00:00+00:00,2000-03-02 21:00:00+00:00,3.0,stormsense_dataset/images/2000058S14063_GLORIA/20000302T180000Z.png,"Meteosat-5,Meteosat-7",22.0,,-16.600000381469727,47.69999694824219,-2.200000762939453,,developing,developing,22.0,,0.0,
2000058S14063,GLORIA,2000-03-02 21:00:00+00:00,2000-03-03 00:00:00+00:00,3.0,stormsense_dataset/images/2000058S14063_GLORIA/20000302T210000Z.png,Meteosat-7,22.0,,-16.929166793823242,47.24082946777344,0.0,,developing,developing,22.0,,0.0,
2000058S14063,GLORIA,2000-03-03 00:00:00+00:00,2000-03-03 03:00:00+00:00,3.0,stormsense_dataset/images/2000058S14063_GLORIA/20000303T000000Z.png,"Meteosat-5,Meteosat-7",22.0,,-17.233333587646484,46.86666870117188,0.0,,developing,developing,22.0,,0.0,
2000058S14063,GLORIA,2000-03-03 03:00:00+00:00,2000-03-03 06:00:00+00:00,3.0,stormsense_dataset/images/2000058S14063_GLORIA/20000303T030000Z.png,"Meteosat-5,Meteosat-7",22.0,,-17.455833435058594,46.65333557128906,0.0,,developing,developing,22.0,,0.0,
2000058S14063,GLORIA,2000-03-03 06:00:00+00:00,2000-03-03 09:00:00+00:00,3.0,stormsense_dataset/images/2000058S14063_GLORIA/20000303T060000Z.png,"Meteosat-5,Meteosat-7",22.0,,-17.633333206176758,46.5,0.0,,developing,developing,22.0,,0.0,
2000058S14063,GLORIA,2000-03-03 09:00:00+00:00,2000-03-03 12:00:00+00:00,3.0,stormsense_dataset/images/2000058S14063_GLORIA/20000303T090000Z.png,"Meteosat-5,Meteosat-7",22.0,,-17.809999465942383,46.2933349609375,0.0,,developing,developing,22.0,,0.0,
2000058S14063,GLORIA,2000-03-03 12:00:00+00:00,2000-03-03 15:00:00+00:00,3.0,stormsense_dataset/images/2000058S14063_GLORIA/20000303T120000Z.png,"Meteosat-5,Meteosat-7",22.0,,-17.96666717529297,46.06666564941406,0.0,,developing,developing,22.0,,0.0,
2000058S14063,GLORIA,2000-03-03 15:00:00+00:00,2000-03-03 18:00:00+00:00,3.0,stormsense_dataset/images/2000058S14063_GLORIA/20000303T150000Z.png,"Meteosat-5,Meteosat-7",22.0,,-18.104999542236328,45.82666015625,0.0,,developing,developing,22.0,,0.0,
2000058S14063,GLORIA,2000-03-03 18:00:00+00:00,2000-03-03 21:00:00+00:00,3.0,stormsense_dataset/images/2000058S14063_GLORIA/20000303T180000Z.png,"Meteosat-5,Meteosat-7",22.0,,-18.233333587646484,45.56666564941406,0.0,,developing,developing,22.0,,0.0,
2000058S14063,GLORIA,2000-03-03 21:00:00+00:00,2000-03-04 00:00:00+00:00,3.0,stormsense_dataset/images/2000058S14063_GLORIA/20000303T210000Z.png,Meteosat-7,22.0,,-18.359167098999023,45.28083801269531,0.0,,developing,developing,22.0,1005.0,0.0,
2000058S14063,GLORIA,2000-03-04 00:00:00+00:00,2000-03-04 03:00:00+00:00,3.0,stormsense_dataset/images/2000058S14063_GLORIA/20000304T000000Z.png,"Meteosat-5,Meteosat-7",22.0,1005.0,-18.5,45.0,0.0,,developing,developing,22.0,1005.5,0.0,0.5
2000058S14063,GLORIA,2000-03-04 03:00:00+00:00,2000-03-04 06:00:00+00:00,3.0,stormsense_dataset/images/2000058S14063_GLORIA/20000304T030000Z.png,"Meteosat-5,Meteosat-7",22.0,1005.5,-18.6733341217041,44.744171142578125,0.0,0.5,developing,developing,22.0,1006.0,0.0,0.5
2000058S14063,GLORIA,2000-03-04 06:00:00+00:00,2000-03-04 09:00:00+00:00,3.0,stormsense_dataset/images/2000058S14063_GLORIA/20000304T060000Z.png,"Meteosat-5,Meteosat-7",22.0,1006.0,-18.86666679382324,44.53334045410156,0.0,0.5,developing,developing,22.0,1006.0,0.0,0.0
2000058S14063,GLORIA,2000-03-04 09:00:00+00:00,2000-03-04 12:00:00+00:00,3.0,stormsense_dataset/images/2000058S14063_GLORIA/20000304T090000Z.png,"Meteosat-5,Meteosat-7",22.0,1006.0,-19.06416702270508,44.38499450683594,0.0,0.0,developing,developing,22.0,1006.0,0.0,0.0
2000058S14063,GLORIA,2000-03-04 12:00:00+00:00,2000-03-04 15:00:00+00:00,3.0,stormsense_dataset/images/2000058S14063_GLORIA/20000304T120000Z.png,"Meteosat-5,Meteosat-7",22.0,1006.0,-19.26666641235352,44.26666259765625,0.0,0.0,developing,developing,22.0,1006.5,0.0,0.5
2000058S14063,GLORIA,2000-03-04 15:00:00+00:00,2000-03-04 18:00:00+00:00,3.0,stormsense_dataset/images/2000058S14063_GLORIA/20000304T150000Z.png,"Meteosat-5,Meteosat-7",22.0,1006.5,-19.47166633605957,44.1373291015625,0.0,0.5,developing,developing,22.0,1007.0,0.0,0.5
2000058S14063,GLORIA,2000-03-04 18:00:00+00:00,2000-03-04 21:00:00+00:00,3.0,stormsense_dataset/images/2000058S14063_GLORIA/20000304T180000Z.png,"Meteosat-5,Meteosat-7",22.0,1007.0,-19.66666603088379,44.0,0.0,0.5,developing,developing,22.0,1007.0,0.0,0.0
2000058S14063,GLORIA,2000-03-04 21:00:00+00:00,2000-03-05 00:00:00+00:00,3.0,stormsense_dataset/images/2000058S14063_GLORIA/20000304T210000Z.png,Meteosat-7,22.0,1007.0,-19.84458351135254,43.844757080078125,0.0,0.0,developing,developing,22.0,1007.0,0.0,0.0
2000058S14063,GLORIA,2000-03-05 00:00:00+00:00,2000-03-05 03:00:00+00:00,3.0,stormsense_dataset/images/2000058S14063_GLORIA/20000305T000000Z.png,"Meteosat-5,Meteosat-7",22.0,1007.0,-20.0,43.67999267578125,0.0,0.0,developing,developing,22.0,1007.0,0.0,0.0
2000058S14063,GLORIA,2000-03-05 03:00:00+00:00,2000-03-05 06:00:00+00:00,3.0,stormsense_dataset/images/2000058S14063_GLORIA/20000305T030000Z.png,"Meteosat-5,Meteosat-7",22.0,1007.0,-20.136249542236328,43.514739990234375,0.0,0.0,developing,developing,22.0,1007.0,0.0,0.0
2000058S14063,GLORIA,2000-03-05 06:00:00+00:00,2000-03-05 09:00:00+00:00,3.0,stormsense_dataset/images/2000058S14063_GLORIA/20000305T060000Z.png,"Meteosat-5,Meteosat-7",22.0,1007.0,-20.25,43.350006103515625,0.0,0.0,developing,developing,22.0,1006.5,0.0,-0.5
2000058S14063,GLORIA,2000-03-05 09:00:00+00:00,2000-03-05 12:00:00+00:00,3.0,stormsense_dataset/images/2000058S14063_GLORIA/20000305T090000Z.png,"Meteosat-5,Meteosat-7",22.0,1006.5,-20.347915649414062,43.19941711425781,0.0,-0.5,developing,developing,22.0,1006.0,0.0,-0.5
2000058S14063,GLORIA,2000-03-05 12:00:00+00:00,2000-03-05 15:00:00+00:00,3.0,stormsense_dataset/images/2000058S14063_GLORIA/20000305T120000Z.png,"Meteosat-5,Meteosat-7",22.0,1006.0,-20.433332443237305,43.03334045410156,0.0,-0.5,developing,developing,10.5,1006.0,-11.5,0.0
2000058S14063,GLORIA,2000-03-05 15:00:00+00:00,2000-03-05 18:00:00+00:00,3.0,stormsense_dataset/images/2000058S14063_GLORIA/20000305T150000Z.png,"Meteosat-5,Meteosat-7",10.5,1006.0,-20.52291679382324,42.81541442871094,-11.5,0.0,developing,developing,-1.0,1006.0,-11.5,0.0
2000058S14063,GLORIA,2000-03-05 18:00:00+00:00,2000-03-05 21:00:00+00:00,3.0,stormsense_dataset/images/2000058S14063_GLORIA/20000305T180000Z.png,"Meteosat-5,Meteosat-7",-1.0,1006.0,-20.600000381469727,42.600006103515625,-11.5,0.0,developing,developing,-1.0,1006.0,0.0,0.0
2000058S14063,GLORIA,2000-03-05 21:00:00+00:00,2000-03-06 00:00:00+00:00,3.0,stormsense_dataset/images/2000058S14063_GLORIA/20000305T210000Z.png,Meteosat-7,-1.0,1006.0,-20.64750099182129,42.4324951171875,0.0,0.0,developing,developing,-1.0,1006.0,0.0,0.0
2000058S14063,GLORIA,2000-03-06 00:00:00+00:00,2000-03-06 03:00:00+00:00,3.0,stormsense_dataset/images/2000058S14063_GLORIA/20000306T000000Z.png,"Meteosat-5,Meteosat-7",-1.0,1006.0,-20.700000762939453,42.30000305175781,0.0,0.0,developing,developing,-1.0,1006.0,0.0,0.0
2000058S14063,GLORIA,2000-03-06 03:00:00+00:00,2000-03-06 06:00:00+00:00,3.0,stormsense_dataset/images/2000058S14063_GLORIA/20000306T030000Z.png,"Meteosat-5,Meteosat-7",-1.0,1006.0,-20.799999237060547,42.1925048828125,0.0,0.0,developing,developing,-1.0,1006.0,0.0,0.0
2000058S14063,GLORIA,2000-03-06 06:00:00+00:00,2000-03-06 09:00:00+00:00,3.0,stormsense_dataset/images/2000058S14063_GLORIA/20000306T060000Z.png,"Meteosat-5,Meteosat-7",-1.0,1006.0,-20.89999961853028,42.100006103515625,0.0,0.0,developing,developing,-1.0,1006.0,0.0,0.0
2000058S14063,GLORIA,2000-03-06 09:00:00+00:00,2000-03-06 12:00:00+00:00,3.0,stormsense_dataset/images/2000058S14063_GLORIA/20000306T090000Z.png,"Meteosat-5,Meteosat-7",-1.0,1006.0,-20.94999885559082,42.00750732421875,0.0,0.0,developing,developing,-1.0,1006.0,0.0,0.0
2000058S14063,GLORIA,2000-03-06 12:00:00+00:00,2000-03-06 15:00:00+00:00,3.0,stormsense_dataset/images/2000058S14063_GLORIA/20000306T120000Z.png,"Meteosat-5,Meteosat-7",-1.0,1006.0,-21.0,41.899993896484375,0.0,0.0,developing,developing,-1.0,1006.0,0.0,0.0
2000058S14063,GLORIA,2000-03-06 15:00:00+00:00,2000-03-06 18:00:00+00:00,3.0,stormsense_dataset/images/2000058S14063_GLORIA/20000306T150000Z.png,"Meteosat-5,Meteosat-7",-1.0,1006.0,-21.107500076293945,41.772491455078125,0.0,0.0,developing,developing,-1.0,1006.0,0.0,0.0
2000058S14063,GLORIA,2000-03-06 18:00:00+00:00,2000-03-06 21:00:00+00:00,3.0,stormsense_dataset/images/2000058S14063_GLORIA/20000306T180000Z.png,"Meteosat-5,Meteosat-7",-1.0,1006.0,-21.200000762939453,41.600006103515625,0.0,0.0,developing,developing,-1.0,1006.0,0.0,0.0
2000058S14063,GLORIA,2000-03-06 21:00:00+00:00,2000-03-07 00:00:00+00:00,3.0,stormsense_dataset/images/2000058S14063_GLORIA/20000306T210000Z.png,Meteosat-7,-1.0,1006.0,-21.192501068115234,41.364990234375,0.0,0.0,developing,developing,-1.0,1006.0,0.0,0.0
2000058S14063,GLORIA,2000-03-07 00:00:00+00:00,2000-03-07 03:00:00+00:00,3.0,stormsense_dataset/images/2000058S14063_GLORIA/20000307T000000Z.png,"Meteosat-5,Meteosat-7",-1.0,1006.0,-21.200000762939453,41.100006103515625,0.0,0.0,developing,developing,-1.0,1006.5,0.0,0.5
2000058S14063,GLORIA,2000-03-07 03:00:00+00:00,2000-03-07 06:00:00+00:00,3.0,stormsense_dataset/images/2000058S14063_GLORIA/20000307T030000Z.png,"Meteosat-5,Meteosat-7",-1.0,1006.5,-21.3125,40.85749816894531,0.0,0.5,developing,developing,-1.0,1007.0,0.0,0.5
2000058S14063,GLORIA,2000-03-07 06:00:00+00:00,2000-03-07 09:00:00+00:00,3.0,stormsense_dataset/images/2000058S14063_GLORIA/20000307T060000Z.png,"Meteosat-5,Meteosat-7",-1.0,1007.0,-21.5,40.600006103515625,0.0,0.5,developing,developing,-1.0,1007.0,0.0,0.0
2000058S14063,GLORIA,2000-03-07 09:00:00+00:00,2000-03-07 12:00:00+00:00,3.0,stormsense_dataset/images/2000058S14063_GLORIA/20000307T090000Z.png,"Meteosat-5,Meteosat-7",-1.0,1007.0,-21.75,40.32249450683594,0.0,0.0,developing,developing,-1.0,1007.0,0.0,0.0
2000058S14063,GLORIA,2000-03-07 12:00:00+00:00,2000-03-07 15:00:00+00:00,3.0,stormsense_dataset/images/2000058S14063_GLORIA/20000307T120000Z.png,"Meteosat-5,Meteosat-7",-1.0,1007.0,-22.0,40.0,0.0,0.0,developing,developing,-1.0,1006.5,0.0,-0.5
2000058S14063,GLORIA,2000-03-07 15:00:00+00:00,2000-03-07 18:00:00+00:00,3.0,stormsense_dataset/images/2000058S14063_GLORIA/20000307T150000Z.png,"Meteosat-5,Meteosat-7",-1.0,1006.5,-22.18000030517578,39.6300048828125,0.0,-0.5,developing,developing,-1.0,1006.0,0.0,-0.5
2000058S14063,GLORIA,2000-03-07 18:00:00+00:00,2000-03-07 21:00:00+00:00,3.0,stormsense_dataset/images/2000058S14063_GLORIA/20000307T180000Z.png,"Meteosat-5,Meteosat-7",-1.0,1006.0,-22.299999237060547,39.19999694824219,0.0,-0.5,developing,developing,9.5,1005.5,10.5,-0.5
2000058S14063,GLORIA,2000-03-07 21:00:00+00:00,2000-03-08 00:00:00+00:00,3.0,stormsense_dataset/images/2000058S14063_GLORIA/20000307T210000Z.png,Meteosat-7,9.5,1005.5,-22.334999084472656,38.6925048828125,10.5,-0.5,developing,developing,20.0,1005.0,10.5,-0.5
2000058S14063,GLORIA,2000-03-08 00:00:00+00:00,2000-03-08 03:00:00+00:00,3.0,stormsense_dataset/images/2000058S14063_GLORIA/20000308T000000Z.png,"Meteosat-5,Meteosat-7",20.0,1005.0,-22.39999961853028,38.19999694824219,10.5,-0.5,developing,developing,20.0,1004.5,0.0,-0.5
2000058S14063,GLORIA,2000-03-08 03:00:00+00:00,2000-03-08 06:00:00+00:00,3.0,stormsense_dataset/images/2000058S14063_GLORIA/20000308T030000Z.png,"Meteosat-5,Meteosat-7",20.0,1004.5,-22.59000015258789,37.82000732421875,0.0,-0.5,developing,developing,20.0,1004.0,0.0,-0.5
2000058S14063,GLORIA,2000-03-08 06:00:00+00:00,2000-03-08 09:00:00+00:00,3.0,stormsense_dataset/images/2000058S14063_GLORIA/20000308T060000Z.png,"Meteosat-5,Meteosat-7",20.0,1004.0,-22.89999961853028,37.5,0.0,-0.5,developing,developing,22.5,1003.0,2.5,-1.0
2000058S14063,GLORIA,2000-03-08 09:00:00+00:00,2000-03-08 12:00:00+00:00,3.0,stormsense_dataset/images/2000058S14063_GLORIA/20000308T090000Z.png,"Meteosat-5,Meteosat-7",22.5,1003.0,-23.357500076293945,37.19999694824219,2.5,-1.0,developing,developing,25.0,1002.0,2.5,-1.0
2000058S14063,GLORIA,2000-03-08 12:00:00+00:00,2000-03-08 15:00:00+00:00,3.0,stormsense_dataset/images/2000058S14063_GLORIA/20000308T120000Z.png,"Meteosat-5,Meteosat-7",25.0,1002.0,-23.799999237060547,36.899993896484375,2.5,-1.0,developing,developing,25.0,1001.0,0.0,-1.0
2000058S14063,GLORIA,2000-03-08 15:00:00+00:00,2000-03-08 18:00:00+00:00,3.0,stormsense_dataset/images/2000058S14063_GLORIA/20000308T150000Z.png,"Meteosat-5,Meteosat-7",25.0,1001.0,-24.082500457763672,36.5574951171875,0.0,-1.0,developing,developing,25.0,1000.0,0.0,-1.0
2000058S14063,GLORIA,2000-03-08 18:00:00+00:00,2000-03-08 21:00:00+00:00,3.0,stormsense_dataset/images/2000058S14063_GLORIA/20000308T180000Z.png,"Meteosat-5,Meteosat-7",25.0,1000.0,-24.200000762939453,36.19999694824219,0.0,-1.0,developing,developing,25.0,1000.0,0.0,0.0
2000058S14063,GLORIA,2000-03-08 21:00:00+00:00,2000-03-09 00:00:00+00:00,3.0,stormsense_dataset/images/2000058S14063_GLORIA/20000308T210000Z.png,Meteosat-7,25.0,1000.0,-24.137500762939453,35.86500549316406,0.0,0.0,developing,weakening,25.0,1000.0,0.0,0.0
2000058S14063,GLORIA,2000-03-09 00:00:00+00:00,2000-03-09 03:00:00+00:00,3.0,stormsense_dataset/images/2000058S14063_GLORIA/20000309T000000Z.png,"Meteosat-5,Meteosat-7",25.0,1000.0,-24.0,35.5,0.0,0.0,weakening,developing,12.0,,-13.0,
2000058S14063,GLORIA,2000-03-09 03:00:00+00:00,2000-03-09 06:00:00+00:00,3.0,stormsense_dataset/images/2000058S14063_GLORIA/20000309T030000Z.png,"Meteosat-5,Meteosat-7",12.0,,-23.9424991607666,35.06500244140625,-13.0,,developing,developing,-1.0,,-13.0,
2000058S14063,GLORIA,2000-03-09 06:00:00+00:00,2000-03-09 09:00:00+00:00,3.0,stormsense_dataset/images/2000058S14063_GLORIA/20000309T060000Z.png,"Meteosat-5,Meteosat-7",-1.0,,-23.89999961853028,34.600006103515625,-13.0,,developing,developing,-1.0,,0.0,
2000058S14063,GLORIA,2000-03-09 09:00:00+00:00,2000-03-09 12:00:00+00:00,3.0,stormsense_dataset/images/2000058S14063_GLORIA/20000309T090000Z.png,"Meteosat-5,Meteosat-7",-1.0,,-23.834999084472656,34.097503662109375,0.0,,developing,developing,-1.0,,0.0,
2000058S14063,GLORIA,2000-03-09 12:00:00+00:00,2000-03-09 15:00:00+00:00,3.0,stormsense_dataset/images/2000058S14063_GLORIA/20000309T120000Z.png,"Meteosat-5,Meteosat-7",-1.0,,-23.799999237060547,33.69999694824219,0.0,,developing,developing,-1.0,,0.0,
2000058S14063,GLORIA,2000-03-09 15:00:00+00:00,2000-03-09 18:00:00+00:00,3.0,stormsense_dataset/images/2000058S14063_GLORIA/20000309T150000Z.png,"Meteosat-5,Meteosat-7",-1.0,,-23.834999084472656,33.532501220703125,0.0,,developing,developing,-1.0,,0.0,
2000058S14063,GLORIA,2000-03-09 18:00:00+00:00,2000-03-09 21:00:00+00:00,3.0,stormsense_dataset/images/2000058S14063_GLORIA/20000309T180000Z.png,"Meteosat-5,Meteosat-7",-1.0,,-23.89999961853028,33.5,0.0,,developing,developing,-1.0,,0.0,
2000058S14063,GLORIA,2000-03-09 21:00:00+00:00,2000-03-10 00:00:00+00:00,3.0,stormsense_dataset/images/2000058S14063_GLORIA/20000309T210000Z.png,Meteosat-7,-1.0,,-23.934999465942383,33.48500061035156,0.0,,developing,developing,-1.0,,0.0,
2000058S14063,GLORIA,2000-03-10 00:00:00+00:00,2000-03-10 03:00:00+00:00,3.0,stormsense_dataset/images/2000058S14063_GLORIA/20000310T000000Z.png,"Meteosat-5,Meteosat-7",-1.0,,-24.0,33.5,0.0,,developing,developing,-1.0,,0.0,
2000058S14063,GLORIA,2000-03-10 03:00:00+00:00,2000-03-10 06:00:00+00:00,3.0,stormsense_dataset/images/2000058S14063_GLORIA/20000310T030000Z.png,"Meteosat-5,Meteosat-7",-1.0,,-24.14999961853028,33.49249267578125,0.0,,developing,developing,-1.0,,0.0,
2000058S14063,GLORIA,2000-03-10 06:00:00+00:00,2000-03-10 09:00:00+00:00,3.0,stormsense_dataset/images/2000058S14063_GLORIA/20000310T060000Z.png,"Meteosat-5,Meteosat-7",-1.0,,-24.299999237060547,33.5,0.0,,developing,developing,-1.0,,0.0,
2000060S12086,0919992000,2000-02-29 06:00:00+00:00,2000-02-29 09:00:00+00:00,3.0,stormsense_dataset/images/2000060S12086_0919992000/20000229T060000Z.png,"GMS-5,Meteosat-5",17.600000381469727,,-12.199999809265137,85.79998779296875,,,developing,organizing,19.625,,2.0249996185302734,
2000060S12086,0919992000,2000-02-29 09:00:00+00:00,2000-02-29 12:00:00+00:00,3.0,stormsense_dataset/images/2000060S12086_0919992000/20000229T090000Z.png,"GMS-5,Meteosat-5",19.625,,-12.1475248336792,85.91253662109375,2.024999618530273,,organizing,organizing,21.64999961853028,1000.0,2.0249996185302805,
2000060S12086,0919992000,2000-02-29 12:00:00+00:00,2000-02-29 15:00:00+00:00,3.0,stormsense_dataset/images/2000060S12086_0919992000/20000229T120000Z.png,"GMS-5,Meteosat-5",21.64999961853028,1000.0,-12.133334159851074,86.16665649414062,2.0249996185302805,,organizing,organizing,21.64999961853028,1000.0,0.0,0.0
2000060S12086,0919992000,2000-02-29 15:00:00+00:00,2000-02-29 18:00:00+00:00,3.0,stormsense_dataset/images/2000060S12086_0919992000/20000229T150000Z.png,"GMS-5,Meteosat-5",21.64999961853028,1000.0,-12.18409538269043,86.64068603515625,0.0,0.0,organizing,organizing,21.64999961853028,1000.0,0.0,0.0
2000060S12086,0919992000,2000-02-29 18:00:00+00:00,2000-02-29 21:00:00+00:00,3.0,stormsense_dataset/images/2000060S12086_0919992000/20000229T180000Z.png,"GMS-5,Meteosat-5",21.64999961853028,1000.0,-12.279998779296877,87.16000366210938,0.0,0.0,organizing,organizing,22.75,1000.0,1.1000003814697195,0.0
2000060S12086,0919992000,2000-02-29 21:00:00+00:00,2000-03-01 00:00:00+00:00,3.0,stormsense_dataset/images/2000060S12086_0919992000/20000229T210000Z.png,GMS-5,22.75,1000.0,-12.382963180541992,87.55218505859375,1.1000003814697197,0.0,organizing,organizing,23.850000381469727,1000.0,1.1000003814697266,0.0
2000060S12086,0919992000,2000-03-01 00:00:00+00:00,2000-03-01 03:00:00+00:00,3.0,stormsense_dataset/images/2000060S12086_0919992000/20000301T000000Z.png,"GMS-5,Meteosat-5",23.850000381469727,1000.0,-12.51428508758545,87.82858276367188,1.1000003814697266,0.0,organizing,organizing,24.950000762939453,1000.0,1.1000003814697266,0.0
2000060S12086,0919992000,2000-03-01 03:00:00+00:00,2000-03-01 06:00:00+00:00,3.0,stormsense_dataset/images/2000060S12086_0919992000/20000301T030000Z.png,"GMS-5,Meteosat-5",24.950000762939453,1000.0,-12.680964469909668,88.0081787109375,1.1000003814697266,0.0,organizing,organizing,26.05000114440918,1000.0,1.1000003814697266,0.0
2000060S12086,0919992000,2000-03-01 06:00:00+00:00,2000-03-01 09:00:00+00:00,3.0,stormsense_dataset/images/2000060S12086_0919992000/20000301T060000Z.png,"GMS-5,Meteosat-5",26.05000114440918,1000.0,-12.850000381469728,88.04998779296875,1.1000003814697266,0.0,organizing,organizing,26.05000114440918,999.5,0.0,-0.5
2000060S12086,0919992000,2000-03-01 09:00:00+00:00,2000-03-01 12:00:00+00:00,3.0,stormsense_dataset/images/2000060S12086_0919992000/20000301T090000Z.png,"GMS-5,Meteosat-5",26.05000114440918,999.5,-12.996429443359377,87.964111328125,0.0,-0.5,organizing,organizing,26.05000114440918,999.0,0.0,-0.5
2000060S12086,0919992000,2000-03-01 12:00:00+00:00,2000-03-01 15:00:00+00:00,3.0,stormsense_dataset/images/2000060S12086_0919992000/20000301T120000Z.png,"GMS-5,Meteosat-5",26.05000114440918,999.0,-13.100000381469728,87.79998779296875,0.0,-0.5,organizing,organizing,26.05000114440918,999.0,0.0,0.0
2000060S12086,0919992000,2000-03-01 15:00:00+00:00,2000-03-01 18:00:00+00:00,3.0,stormsense_dataset/images/2000060S12086_0919992000/20000301T150000Z.png,"GMS-5,Meteosat-5",26.05000114440918,999.0,-13.143750190734863,87.65750122070312,0.0,0.0,organizing,organizing,26.05000114440918,999.0,0.0,0.0
2000060S12086,0919992000,2000-03-01 18:00:00+00:00,2000-03-01 21:00:00+00:00,3.0,stormsense_dataset/images/2000060S12086_0919992000/20000301T180000Z.png,"GMS-5,Meteosat-5",26.05000114440918,999.0,-13.149999618530272,87.5,0.0,0.0,organizing,organizing,27.22500228881836,998.5,1.1750011444091797,-0.5
2000060S12086,0919992000,2000-03-01 21:00:00+00:00,2000-03-02 00:00:00+00:00,3.0,stormsense_dataset/images/2000060S12086_0919992000/20000301T210000Z.png,GMS-5,27.22500228881836,998.5,-13.123749732971191,87.32501220703125,1.1750011444091797,-0.5,organizing,mature,28.400001525878903,998.0,1.1749992370605433,-0.5
2000060S12086,0919992000,2000-03-02 00:00:00+00:00,2000-03-02 03:00:00+00:00,3.0,stormsense_dataset/images/2000060S12086_0919992000/20000302T000000Z.png,"GMS-5,Meteosat-5",28.400001525878903,998.0,-13.149999618530272,87.14999389648438,1.174999237060543,-0.5,mature,mature,29.5,998.0,1.0999984741210973,0.0
2000060S12086,0919992000,2000-03-02 03:00:00+00:00,2000-03-02 06:00:00+00:00,3.0,stormsense_dataset/images/2000060S12086_0919992000/20000302T030000Z.png,"GMS-5,Meteosat-5",29.5,998.0,-13.31999969482422,87.01873779296875,1.0999984741210973,0.0,mature,mature,30.599998474121094,998.0,1.0999984741210938,0.0
2000060S12086,0919992000,2000-03-02 06:00:00+00:00,2000-03-02 09:00:00+00:00,3.0,stormsense_dataset/images/2000060S12086_0919992000/20000302T060000Z.png,"GMS-5,Meteosat-5",30.599998474121094,998.0,-13.550000190734863,86.85000610351562,1.0999984741210938,0.0,mature,mature,30.599998474121094,998.0,0.0,0.0
2000060S12086,0919992000,2000-03-02 09:00:00+00:00,2000-03-02 12:00:00+00:00,3.0,stormsense_dataset/images/2000060S12086_0919992000/20000302T090000Z.png,"GMS-5,Meteosat-5",30.599998474121094,998.0,-13.75749969482422,86.56500244140625,0.0,0.0,mature,mature,30.599998474121094,998.0,0.0,0.0
2000060S12086,0919992000,2000-03-02 12:00:00+00:00,2000-03-02 15:00:00+00:00,3.0,stormsense_dataset/images/2000060S12086_0919992000/20000302T120000Z.png,"GMS-5,Meteosat-5",30.599998474121094,998.0,-13.949999809265137,86.25,0.0,0.0,mature,mature,30.599998474121094,998.0,0.0,0.0
2000060S12086,0919992000,2000-03-02 15:00:00+00:00,2000-03-02 18:00:00+00:00,3.0,stormsense_dataset/images/2000060S12086_0919992000/20000302T150000Z.png,"GMS-5,Meteosat-5",30.599998474121094,998.0,-14.088749885559082,85.99249267578125,0.0,0.0,mature,mature,30.599998474121094,998.0,0.0,0.0
2000060S12086,0919992000,2000-03-02 18:00:00+00:00,2000-03-02 21:00:00+00:00,3.0,stormsense_dataset/images/2000060S12086_0919992000/20000302T180000Z.png,"GMS-5,Meteosat-5",30.599998474121094,998.0,-14.25,85.75,0.0,0.0,mature,mature,29.5,998.0,-1.0999984741210938,0.0
2000060S12086,0919992000,2000-03-02 21:00:00+00:00,2000-03-03 00:00:00+00:00,3.0,stormsense_dataset/images/2000060S12086_0919992000/20000302T210000Z.png,GMS-5,29.5,998.0,-14.498749732971191,85.4849853515625,-1.0999984741210938,0.0,mature,mature,28.400001525878903,998.0,-1.0999984741210973,0.0
2000060S12086,0919992000,2000-03-03 00:00:00+00:00,2000-03-03 03:00:00+00:00,3.0,stormsense_dataset/images/2000060S12086_0919992000/20000303T000000Z.png,"GMS-5,Meteosat-5",28.400001525878903,998.0,-14.800000190734863,85.25,-1.0999984741210973,0.0,mature,mature,28.400001525878903,998.0,0.0,0.0
2000060S12086,0919992000,2000-03-03 03:00:00+00:00,2000-03-03 06:00:00+00:00,3.0,stormsense_dataset/images/2000060S12086_0919992000/20000303T030000Z.png,"GMS-5,Meteosat-5",28.400001525878903,998.0,-15.128750801086426,85.10748291015625,0.0,0.0,mature,mature,28.400001525878903,998.0,0.0,0.0
2000060S12086,0919992000,2000-03-03 06:00:00+00:00,2000-03-03 09:00:00+00:00,3.0,stormsense_dataset/images/2000060S12086_0919992000/20000303T060000Z.png,"GMS-5,Meteosat-5",28.400001525878903,998.0,-15.450000762939451,84.95001220703125,0.0,0.0,mature,mature,28.400001525878903,998.0,0.0,0.0
2000060S12086,0919992000,2000-03-03 09:00:00+00:00,2000-03-03 12:00:00+00:00,3.0,stormsense_dataset/images/2000060S12086_0919992000/20000303T090000Z.png,"GMS-5,Meteosat-5",28.400001525878903,998.0,-15.741250038146973,84.66500854492188,0.0,0.0,mature,mature,28.400001525878903,998.0,0.0,0.0
2000060S12086,0919992000,2000-03-03 12:00:00+00:00,2000-03-03 15:00:00+00:00,3.0,stormsense_dataset/images/2000060S12086_0919992000/20000303T120000Z.png,"GMS-5,Meteosat-5",28.400001525878903,998.0,-15.949999809265137,84.35000610351562,0.0,0.0,mature,organizing,27.30000114440918,998.0,-1.100000381469723,0.0
2000060S12086,0919992000,2000-03-03 15:00:00+00:00,2000-03-03 18:00:00+00:00,3.0,stormsense_dataset/images/2000060S12086_0919992000/20000303T150000Z.png,"GMS-5,Meteosat-5",27.30000114440918,998.0,-16.045000076293945,84.09625244140625,-1.100000381469723,0.0,organizing,organizing,26.200000762939453,998.0,-1.1000003814697266,0.0
2000060S12086,0919992000,2000-03-03 18:00:00+00:00,2000-03-03 21:00:00+00:00,3.0,stormsense_dataset/images/2000060S12086_0919992000/20000303T180000Z.png,"GMS-5,Meteosat-5",26.200000762939453,998.0,-16.049999237060547,83.85000610351562,-1.1000003814697266,0.0,organizing,organizing,26.200000762939453,998.0,0.0,0.0
2000060S12086,0919992000,2000-03-03 21:00:00+00:00,2000-03-04 00:00:00+00:00,3.0,stormsense_dataset/images/2000060S12086_0919992000/20000303T210000Z.png,GMS-5,26.200000762939453,998.0,-16.018749237060547,83.58251953125,0.0,0.0,organizing,organizing,26.200000762939453,998.0,0.0,0.0
2000060S12086,0919992000,2000-03-04 00:00:00+00:00,2000-03-04 03:00:00+00:00,3.0,stormsense_dataset/images/2000060S12086_0919992000/20000304T000000Z.png,"GMS-5,Meteosat-5",26.200000762939453,998.0,-15.950000762939451,83.29998779296875,0.0,0.0,organizing,organizing,26.200000762939453,998.0,0.0,0.0
2000060S12086,0919992000,2000-03-04 03:00:00+00:00,2000-03-04 06:00:00+00:00,3.0,stormsense_dataset/images/2000060S12086_0919992000/20000304T030000Z.png,"GMS-5,Meteosat-5",26.200000762939453,998.0,-15.856250762939451,83.00750732421875,0.0,0.0,organizing,organizing,26.200000762939453,998.0,0.0,0.0
2000060S12086,0919992000,2000-03-04 06:00:00+00:00,2000-03-04 09:00:00+00:00,3.0,stormsense_dataset/images/2000060S12086_0919992000/20000304T060000Z.png,"GMS-5,Meteosat-5",26.200000762939453,998.0,-15.800000190734863,82.70001220703125,0.0,0.0,organizing,organizing,26.200000762939453,998.0,0.0,0.0
2000060S12086,0919992000,2000-03-04 09:00:00+00:00,2000-03-04 12:00:00+00:00,3.0,stormsense_dataset/images/2000060S12086_0919992000/20000304T090000Z.png,"GMS-5,Meteosat-5",26.200000762939453,998.0,-15.871249198913574,82.36373901367188,0.0,0.0,organizing,organizing,26.200000762939453,998.0,0.0,0.0
2000060S12086,0919992000,2000-03-04 12:00:00+00:00,2000-03-04 15:00:00+00:00,3.0,stormsense_dataset/images/2000060S12086_0919992000/20000304T120000Z.png,"GMS-5,Meteosat-5",26.200000762939453,998.0,-15.94999885559082,82.04998779296875,0.0,0.0,organizing,organizing,26.200000762939453,998.0,0.0,0.0
2000060S12086,0919992000,2000-03-04 15:00:00+00:00,2000-03-04 18:00:00+00:00,3.0,stormsense_dataset/images/2000060S12086_0919992000/20000304T150000Z.png,"GMS-5,Meteosat-5",26.200000762939453,998.0,-15.926249504089355,81.79876708984375,0.0,0.0,organizing,organizing,26.200000762939453,998.0,0.0,0.0
2000060S12086,0919992000,2000-03-04 18:00:00+00:00,2000-03-04 21:00:00+00:00,3.0,stormsense_dataset/images/2000060S12086_0919992000/20000304T180000Z.png,"GMS-5,Meteosat-5",26.200000762939453,998.0,-15.850000381469728,81.60000610351562,0.0,0.0,organizing,organizing,25.025001525878903,999.0,-1.1749992370605504,1.0
2000060S12086,0919992000,2000-03-04 21:00:00+00:00,2000-03-05 00:00:00+00:00,3.0,stormsense_dataset/images/2000060S12086_0919992000/20000304T210000Z.png,GMS-5,25.025001525878903,999.0,-15.772500038146973,81.45001220703125,-1.1749992370605504,1.0,organizing,organizing,23.850000381469727,1000.0,-1.1750011444091761,1.0
2000060S12086,0919992000,2000-03-05 00:00:00+00:00,2000-03-05 03:00:00+00:00,3.0,stormsense_dataset/images/2000060S12086_0919992000/20000305T000000Z.png,"GMS-5,Meteosat-5",23.850000381469727,1000.0,-15.649999618530272,81.29998779296875,-1.175001144409176,1.0,organizing,organizing,23.850000381469727,1000.0,0.0,0.0
2000060S12086,0919992000,2000-03-05 03:00:00+00:00,2000-03-05 06:00:00+00:00,3.0,stormsense_dataset/images/2000060S12086_0919992000/20000305T030000Z.png,"GMS-5,Meteosat-5",23.850000381469727,1000.0,-15.461249351501465,81.07501220703125,0.0,0.0,organizing,organizing,23.850000381469727,1000.0,0.0,0.0
2000060S12086,0919992000,2000-03-05 06:00:00+00:00,2000-03-05 09:00:00+00:00,3.0,stormsense_dataset/images/2000060S12086_0919992000/20000305T060000Z.png,"GMS-5,Meteosat-5",23.850000381469727,1000.0,-15.25,80.85000610351562,0.0,0.0,organizing,organizing,23.850000381469727,1000.0,0.0,0.0
2000060S12086,0919992000,2000-03-05 09:00:00+00:00,2000-03-05 12:00:00+00:00,3.0,stormsense_dataset/images/2000060S12086_0919992000/20000305T090000Z.png,"GMS-5,Meteosat-5",23.850000381469727,1000.0,-15.067500114440918,80.677490234375,0.0,0.0,organizing,organizing,23.850000381469727,1000.0,0.0,0.0
2000060S12086,0919992000,2000-03-05 12:00:00+00:00,2000-03-05 15:00:00+00:00,3.0,stormsense_dataset/images/2000060S12086_0919992000/20000305T120000Z.png,"GMS-5,Meteosat-5",23.850000381469727,1000.0,-14.899999618530272,80.54998779296875,0.0,0.0,organizing,organizing,23.850000381469727,1000.0,0.0,0.0
2000060S12086,0919992000,2000-03-05 15:00:00+00:00,2000-03-05 18:00:00+00:00,3.0,stormsense_dataset/images/2000060S12086_0919992000/20000305T150000Z.png,"GMS-5,Meteosat-5",23.850000381469727,1000.0,-14.74196434020996,80.46429443359375,0.0,0.0,organizing,organizing,23.850000381469727,1000.0,0.0,0.0
2000060S12086,0919992000,2000-03-05 18:00:00+00:00,2000-03-05 21:00:00+00:00,3.0,stormsense_dataset/images/2000060S12086_0919992000/20000305T180000Z.png,"GMS-5,Meteosat-5",23.850000381469727,1000.0,-14.600000381469728,80.39999389648438,0.0,0.0,organizing,organizing,25.025001525878903,999.0,1.1750011444091761,-1.0
2000060S12086,0919992000,2000-03-05 21:00:00+00:00,2000-03-06 00:00:00+00:00,3.0,stormsense_dataset/images/2000060S12086_0919992000/20000305T210000Z.png,GMS-5,25.025001525878903,999.0,-14.460356712341309,80.3009033203125,1.175001144409176,-1.0,organizing,organizing,26.200000762939453,998.0,1.1749992370605504,-1.0
2000060S12086,0919992000,2000-03-06 00:00:00+00:00,2000-03-06 03:00:00+00:00,3.0,stormsense_dataset/images/2000060S12086_0919992000/20000306T000000Z.png,"GMS-5,Meteosat-5",26.200000762939453,998.0,-14.357142448425291,80.24285888671875,1.1749992370605504,-1.0,organizing,organizing,26.200000762939453,998.0,0.0,0.0
2000060S12086,0919992000,2000-03-06 03:00:00+00:00,2000-03-06 06:00:00+00:00,3.0,stormsense_dataset/images/2000060S12086_0919992000/20000306T030000Z.png,"GMS-5,Meteosat-5",26.200000762939453,998.0,-14.310357093811035,80.25448608398438,0.0,0.0,organizing,organizing,26.200000762939453,998.0,0.0,0.0
2000060S12086,0919992000,2000-03-06 06:00:00+00:00,2000-03-06 09:00:00+00:00,3.0,stormsense_dataset/images/2000060S12086_0919992000/20000306T060000Z.png,"GMS-5,Meteosat-5",26.200000762939453,998.0,-14.300000190734863,80.36666870117188,0.0,0.0,organizing,organizing,25.100000381469727,998.0,-1.1000003814697266,0.0
2000060S12086,0919992000,2000-03-06 09:00:00+00:00,2000-03-06 12:00:00+00:00,3.0,stormsense_dataset/images/2000060S12086_0919992000/20000306T090000Z.png,"GMS-5,Meteosat-5",25.100000381469727,998.0,-14.265714645385742,80.57861328125,-1.1000003814697266,0.0,organizing,organizing,24.0,998.0,-1.1000003814697266,0.0
2000060S12086,0919992000,2000-03-06 12:00:00+00:00,2000-03-06 15:00:00+00:00,3.0,stormsense_dataset/images/2000060S12086_0919992000/20000306T120000Z.png,"GMS-5,Meteosat-5",24.0,998.0,-14.300000190734863,80.8800048828125,-1.1000003814697266,0.0,organizing,organizing,27.200000762939453,998.0,3.200000762939453,0.0
2000060S12086,0919992000,2000-03-06 15:00:00+00:00,2000-03-06 18:00:00+00:00,3.0,stormsense_dataset/images/2000060S12086_0919992000/20000306T150000Z.png,"GMS-5,Meteosat-5",27.200000762939453,998.0,-14.49250030517578,81.21099853515625,3.200000762939453,0.0,organizing,mature,30.39999961853028,998.0,3.1999988555908274,0.0
2000060S12086,0919992000,2000-03-06 18:00:00+00:00,2000-03-06 21:00:00+00:00,3.0,stormsense_dataset/images/2000060S12086_0919992000/20000306T180000Z.png,"GMS-5,Meteosat-5",30.39999961853028,998.0,-14.699999809265137,81.60000610351562,3.1999988555908274,0.0,mature,mature,28.049999237060547,999.0,-2.3500003814697337,1.0
2000060S12086,0919992000,2000-03-06 21:00:00+00:00,2000-03-07 00:00:00+00:00,3.0,stormsense_dataset/images/2000060S12086_0919992000/20000306T210000Z.png,GMS-5,28.049999237060547,999.0,-14.779999732971191,82.021484375,-2.3500003814697337,1.0,mature,organizing,25.700000762939453,1000.0,-2.3499984741210938,1.0
2000060S12086,0919992000,2000-03-07 00:00:00+00:00,2000-03-07 03:00:00+00:00,3.0,stormsense_dataset/images/2000060S12086_0919992000/20000307T000000Z.png,"GMS-5,Meteosat-5",25.700000762939453,1000.0,-14.800000190734863,82.5,-2.3499984741210938,1.0,organizing,organizing,25.700000762939453,1000.0,0.0,0.0
2000060S12086,0919992000,2000-03-07 03:00:00+00:00,2000-03-07 06:00:00+00:00,3.0,stormsense_dataset/images/2000060S12086_0919992000/20000307T030000Z.png,"GMS-5,Meteosat-5",25.700000762939453,1000.0,-14.792500495910645,83.02749633789062,0.0,0.0,organizing,organizing,25.700000762939453,1000.0,0.0,0.0
2000060S12086,0919992000,2000-03-07 06:00:00+00:00,2000-03-07 09:00:00+00:00,3.0,stormsense_dataset/images/2000060S12086_0919992000/20000307T060000Z.png,"GMS-5,Meteosat-5",25.700000762939453,1000.0,-14.800000190734863,83.60000610351562,0.0,0.0,organizing,organizing,25.700000762939453,1000.0,0.0,0.0
2000060S12086,0919992000,2000-03-07 09:00:00+00:00,2000-03-07 12:00:00+00:00,3.0,stormsense_dataset/images/2000060S12086_0919992000/20000307T090000Z.png,"GMS-5,Meteosat-5",25.700000762939453,1000.0,-14.899999618530272,84.21499633789062,0.0,0.0,organizing,organizing,25.700000762939453,1000.0,0.0,0.0
2000060S12086,0919992000,2000-03-07 12:00:00+00:00,2000-03-07 15:00:00+00:00,3.0,stormsense_dataset/images/2000060S12086_0919992000/20000307T120000Z.png,"GMS-5,Meteosat-5",25.700000762939453,1000.0,-15.0,84.79998779296875,0.0,0.0,organizing,organizing,25.700000762939453,1000.0,0.0,0.0
2000060S12086,0919992000,2000-03-07 15:00:00+00:00,2000-03-07 18:00:00+00:00,3.0,stormsense_dataset/images/2000060S12086_0919992000/20000307T150000Z.png,"GMS-5,Meteosat-5",25.700000762939453,1000.0,-15.022500038146973,85.28750610351562,0.0,0.0,organizing,organizing,25.700000762939453,1000.0,0.0,0.0
2000060S12086,0919992000,2000-03-07 18:00:00+00:00,2000-03-07 21:00:00+00:00,3.0,stormsense_dataset/images/2000060S12086_0919992000/20000307T180000Z.png,"GMS-5,Meteosat-5",25.700000762939453,1000.0,-15.0,85.70001220703125,0.0,0.0,organizing,organizing,25.700000762939453,1000.0,0.0,0.0
2000060S12086,0919992000,2000-03-07 21:00:00+00:00,2000-03-08 00:00:00+00:00,3.0,stormsense_dataset/images/2000060S12086_0919992000/20000307T210000Z.png,GMS-5,25.700000762939453,1000.0,-14.957499504089355,86.09500122070312,0.0,0.0,organizing,organizing,25.700000762939453,1000.0,0.0,0.0
2000060S12086,0919992000,2000-03-08 00:00:00+00:00,2000-03-08 03:00:00+00:00,3.0,stormsense_dataset/images/2000060S12086_0919992000/20000308T000000Z.png,"GMS-5,Meteosat-5",25.700000762939453,1000.0,-14.899999618530272,86.39999389648438,0.0,0.0,organizing,organizing,23.350000381469727,1001.0,-2.3500003814697266,1.0
2000060S12086,0919992000,2000-03-08 03:00:00+00:00,2000-03-08 06:00:00+00:00,3.0,stormsense_dataset/images/2000060S12086_0919992000/20000308T030000Z.png,"GMS-5,Meteosat-5",23.350000381469727,1001.0,-14.857500076293944,86.59500122070312,-2.3500003814697266,1.0,organizing,organizing,21.0,1002.0,-2.3500003814697266,1.0
2000060S12086,0919992000,2000-03-08 06:00:00+00:00,2000-03-08 09:00:00+00:00,3.0,stormsense_dataset/images/2000060S12086_0919992000/20000308T060000Z.png,"GMS-5,Meteosat-5",21.0,1002.0,-14.800000190734863,86.70001220703125,-2.3500003814697266,1.0,organizing,organizing,21.0,1002.0,0.0,0.0
2000060S12086,0919992000,2000-03-08 09:00:00+00:00,2000-03-08 12:00:00+00:00,3.0,stormsense_dataset/images/2000060S12086_0919992000/20000308T090000Z.png,"GMS-5,Meteosat-5",21.0,1002.0,-14.707500457763672,86.7650146484375,0.0,0.0,organizing,organizing,21.0,1002.0,0.0,0.0
2000060S12086,0919992000,2000-03-08 12:00:00+00:00,2000-03-08 15:00:00+00:00,3.0,stormsense_dataset/images/2000060S12086_0919992000/20000308T120000Z.png,"GMS-5,Meteosat-5",21.0,1002.0,-14.600000381469728,86.79998779296875,0.0,0.0,organizing,organizing,21.0,1002.0,0.0,0.0
2000060S12086,0919992000,2000-03-08 15:00:00+00:00,2000-03-08 18:00:00+00:00,3.0,stormsense_dataset/images/2000060S12086_0919992000/20000308T150000Z.png,"GMS-5,Meteosat-5",21.0,1002.0,-14.49250030517578,86.85000610351562,0.0,0.0,organizing,organizing,21.0,1002.0,0.0,0.0
2000060S12086,0919992000,2000-03-08 18:00:00+00:00,2000-03-08 21:00:00+00:00,3.0,stormsense_dataset/images/2000060S12086_0919992000/20000308T180000Z.png,"GMS-5,Meteosat-5",21.0,1002.0,-14.399999618530272,86.89999389648438,0.0,0.0,organizing,organizing,21.0,1002.5,0.0,0.5
2000060S12086,0919992000,2000-03-08 21:00:00+00:00,2000-03-09 00:00:00+00:00,3.0,stormsense_dataset/images/2000060S12086_0919992000/20000308T210000Z.png,GMS-5,21.0,1002.5,-14.357500076293944,86.93499755859375,0.0,0.5,organizing,organizing,21.0,1003.0,0.0,0.5
2000060S12086,0919992000,2000-03-09 00:00:00+00:00,2000-03-09 03:00:00+00:00,3.0,stormsense_dataset/images/2000060S12086_0919992000/20000309T000000Z.png,"GMS-5,Meteosat-5",21.0,1003.0,-14.300000190734863,87.0,0.0,0.5,organizing,organizing,21.0,1003.0,0.0,0.0
2000060S12086,0919992000,2000-03-09 03:00:00+00:00,2000-03-09 06:00:00+00:00,3.0,stormsense_dataset/images/2000060S12086_0919992000/20000309T030000Z.png,"GMS-5,Meteosat-5",21.0,1003.0,-14.127500534057615,87.1199951171875,0.0,0.0,organizing,organizing,21.0,1003.0,0.0,0.0
2000060S12086,0919992000,2000-03-09 06:00:00+00:00,2000-03-09 09:00:00+00:00,3.0,stormsense_dataset/images/2000060S12086_0919992000/20000309T060000Z.png,"GMS-5,Meteosat-5",21.0,1003.0,-14.0,87.29998779296875,0.0,0.0,organizing,organizing,21.0,1003.0,0.0,0.0
2000060S12086,0919992000,2000-03-09 09:00:00+00:00,2000-03-09 12:00:00+00:00,3.0,stormsense_dataset/images/2000060S12086_0919992000/20000309T090000Z.png,"GMS-5,Meteosat-5",21.0,1003.0,-14.05500030517578,87.53500366210938,0.0,0.0,organizing,organizing,21.0,1003.0,0.0,0.0
2000060S12086,0919992000,2000-03-09 12:00:00+00:00,2000-03-09 15:00:00+00:00,3.0,stormsense_dataset/images/2000060S12086_0919992000/20000309T120000Z.png,"GMS-5,Meteosat-5",21.0,1003.0,-14.199999809265137,87.79998779296875,0.0,0.0,organizing,organizing,19.89999961853028,1003.5,-1.1000003814697195,0.5
2000060S12086,0919992000,2000-03-09 15:00:00+00:00,2000-03-09 18:00:00+00:00,3.0,stormsense_dataset/images/2000060S12086_0919992000/20000309T150000Z.png,"GMS-5,Meteosat-5",19.89999961853028,1003.5,-14.342499732971191,88.03500366210938,-1.1000003814697197,0.5,organizing,organizing,18.799999237060547,1004.0,-1.1000003814697337,0.5
2000060S12086,0919992000,2000-03-09 18:00:00+00:00,2000-03-09 21:00:00+00:00,3.0,stormsense_dataset/images/2000060S12086_0919992000/20000309T180000Z.png,"GMS-5,Meteosat-5",18.799999237060547,1004.0,-14.5,88.29998779296875,-1.1000003814697337,0.5,organizing,developing,18.200000762939453,1004.5,-0.5999984741210938,0.5
2000060S12086,0919992000,2000-03-09 21:00:00+00:00,2000-03-10 00:00:00+00:00,3.0,stormsense_dataset/images/2000060S12086_0919992000/20000309T210000Z.png,GMS-5,18.200000762939453,1004.5,-14.649999618530272,88.635009765625,-0.5999984741210938,0.5,developing,developing,17.600000381469727,1005.0,-0.6000003814697266,0.5
2000060S12086,0919992000,2000-03-10 00:00:00+00:00,2000-03-10 03:00:00+00:00,3.0,stormsense_dataset/images/2000060S12086_0919992000/20000310T000000Z.png,"GMS-5,Meteosat-5",17.600000381469727,1005.0,-14.800000190734863,89.0,-0.6000003814697266,0.5,developing,developing,17.600000381469727,1005.0,0.0,0.0
2000060S12086,0919992000,2000-03-10 03:00:00+00:00,2000-03-10 06:00:00+00:00,3.0,stormsense_dataset/images/2000060S12086_0919992000/20000310T030000Z.png,"GMS-5,Meteosat-5",17.600000381469727,1005.0,-14.957500457763672,89.35748291015625,0.0,0.0,developing,developing,17.600000381469727,1005.0,0.0,0.0
2000060S12086,0919992000,2000-03-10 06:00:00+00:00,2000-03-10 09:00:00+00:00,3.0,stormsense_dataset/images/2000060S12086_0919992000/20000310T060000Z.png,"GMS-5,Meteosat-5",17.600000381469727,1005.0,-15.100000381469728,89.70001220703125,0.0,0.0,developing,developing,17.600000381469727,1005.0,0.0,0.0
2000060S12086,0919992000,2000-03-10 09:00:00+00:00,2000-03-10 12:00:00+00:00,3.0,stormsense_dataset/images/2000060S12086_0919992000/20000310T090000Z.png,"GMS-5,Meteosat-5",17.600000381469727,1005.0,-15.207500457763672,90.0150146484375,0.0,0.0,developing,developing,17.600000381469727,1005.0,0.0,0.0
2000060S12086,0919992000,2000-03-10 12:00:00+00:00,2000-03-10 15:00:00+00:00,3.0,stormsense_dataset/images/2000060S12086_0919992000/20000310T120000Z.png,"GMS-5,Meteosat-5",17.600000381469727,1005.0,-15.300000190734863,90.30001831054688,0.0,0.0,developing,developing,15.399999618530272,1005.5,-2.200000762939455,0.5
2000060S12086,0919992000,2000-03-10 15:00:00+00:00,2000-03-10 18:00:00+00:00,3.0,stormsense_dataset/images/2000060S12086_0919992000/20000310T150000Z.png,"GMS-5,Meteosat-5",15.399999618530272,1005.5,-15.407500267028809,90.5574951171875,-2.200000762939455,0.5,developing,developing,13.199999809265137,1006.0,-2.199999809265135,0.5
2000060S17123,NORMAN,2000-02-29 00:00:00+00:00,2000-02-29 03:00:00+00:00,3.0,stormsense_dataset/images/2000060S17123_NORMAN/20000229T000000Z.png,"GMS-5,Meteosat-5",27.0,1000.0,-17.360740661621094,122.79653930664062,,,developing,developing,27.0,1000.0,0.0,0.0
2000060S17123,NORMAN,2000-02-29 03:00:00+00:00,2000-02-29 06:00:00+00:00,3.0,stormsense_dataset/images/2000060S17123_NORMAN/20000229T030000Z.png,"GMS-5,Meteosat-5",27.0,1000.0,-17.429779052734375,122.35720825195312,0.0,0.0,developing,developing,27.0,1000.0,0.0,0.0
2000060S17123,NORMAN,2000-02-29 06:00:00+00:00,2000-02-29 09:00:00+00:00,3.0,stormsense_dataset/images/2000060S17123_NORMAN/20000229T060000Z.png,"GMS-5,Meteosat-5",27.0,1000.0,-17.586666107177734,121.7298583984375,0.0,0.0,developing,developing,26.666667938232425,997.5,-0.3333320617675746,-2.5
2000060S17123,NORMAN,2000-02-29 09:00:00+00:00,2000-02-29 12:00:00+00:00,3.0,stormsense_dataset/images/2000060S17123_NORMAN/20000229T090000Z.png,"GMS-5,Meteosat-5",26.666667938232425,997.5,-17.879236221313477,120.81503295898438,-0.3333320617675746,-2.5,developing,developing,26.33333396911621,995.0,-0.3333339691162145,-2.5
2000060S17123,NORMAN,2000-02-29 12:00:00+00:00,2000-02-29 15:00:00+00:00,3.0,stormsense_dataset/images/2000060S17123_NORMAN/20000229T120000Z.png,"GMS-5,Meteosat-5",26.33333396911621,995.0,-18.19525909423828,119.86697387695312,-0.3333339691162145,-2.5,developing,developing,27.33333396911621,992.5,1.0,-2.5
2000060S17123,NORMAN,2000-02-29 15:00:00+00:00,2000-02-29 18:00:00+00:00,3.0,stormsense_dataset/images/2000060S17123_NORMAN/20000229T150000Z.png,"GMS-5,Meteosat-5",27.33333396911621,992.5,-18.43406867980957,119.17901611328124,1.0,-2.5,developing,developing,28.33333396911621,990.0,1.0,-2.5
2000060S17123,NORMAN,2000-02-29 18:00:00+00:00,2000-02-29 21:00:00+00:00,3.0,stormsense_dataset/images/2000060S17123_NORMAN/20000229T180000Z.png,"GMS-5,Meteosat-5",28.33333396911621,990.0,-18.57752990722656,118.57876586914062,1.0,-2.5,developing,developing,29.666667938232425,987.5,1.3333339691162145,-2.5
2000060S17123,NORMAN,2000-02-29 21:00:00+00:00,2000-03-01 00:00:00+00:00,3.0,stormsense_dataset/images/2000060S17123_NORMAN/20000229T210000Z.png,GMS-5,29.666667938232425,987.5,-18.59804916381836,117.9139404296875,1.3333339691162145,-2.5,developing,developing,31.0,985.0,1.3333320617675746,-2.5
2000060S17123,NORMAN,2000-03-01 00:00:00+00:00,2000-03-01 03:00:00+00:00,3.0,stormsense_dataset/images/2000060S17123_NORMAN/20000301T000000Z.png,"GMS-5,Meteosat-5",31.0,985.0,-18.55047035217285,117.30035400390624,1.3333320617675746,-2.5,developing,developing,34.76667022705078,982.5,3.7666702270507812,-2.5
2000060S17123,NORMAN,2000-03-01 03:00:00+00:00,2000-03-01 06:00:00+00:00,3.0,stormsense_dataset/images/2000060S17123_NORMAN/20000301T030000Z.png,"GMS-5,Meteosat-5",34.76667022705078,982.5,-18.516706466674805,116.79510498046876,3.766670227050781,-2.5,developing,developing,38.5333366394043,980.0,3.7666664123535156,-2.5
2000060S17123,NORMAN,2000-03-01 06:00:00+00:00,2000-03-01 09:00:00+00:00,3.0,stormsense_dataset/images/2000060S17123_NORMAN/20000301T060000Z.png,"GMS-5,Meteosat-5",38.5333366394043,980.0,-18.4787654876709,116.35372924804688,3.766666412353516,-2.5,developing,developing,42.46666717529297,977.5,3.933330535888672,-2.5
2000060S17123,NORMAN,2000-03-01 09:00:00+00:00,2000-03-01 12:00:00+00:00,3.0,stormsense_dataset/images/2000060S17123_NORMAN/20000301T090000Z.png,"GMS-5,Meteosat-5",42.46666717529297,977.5,-18.442426681518555,115.92034912109376,3.933330535888672,-2.5,developing,developing,46.39999771118164,975.0,3.933330535888672,-2.5
2000060S17123,NORMAN,2000-03-01 12:00:00+00:00,2000-03-01 15:00:00+00:00,3.0,stormsense_dataset/images/2000060S17123_NORMAN/20000301T120000Z.png,"GMS-5,Meteosat-5",46.39999771118164,975.0,-18.42386817932129,115.5009765625,3.933330535888672,-2.5,developing,developing,51.0,970.0,4.600002288818359,-5.0
2000060S17123,NORMAN,2000-03-01 15:00:00+00:00,2000-03-01 18:00:00+00:00,3.0,stormsense_dataset/images/2000060S17123_NORMAN/20000301T150000Z.png,"GMS-5,Meteosat-5",51.0,970.0,-18.424636840820312,115.09222412109376,4.600002288818359,-5.0,developing,developing,55.60000228881836,965.0,4.600002288818359,-5.0
2000060S17123,NORMAN,2000-03-01 18:00:00+00:00,2000-03-01 21:00:00+00:00,3.0,stormsense_dataset/images/2000060S17123_NORMAN/20000301T180000Z.png,"GMS-5,Meteosat-5",55.60000228881836,965.0,-18.470701217651367,114.64791870117188,4.600002288818359,-5.0,developing,organizing,59.53333282470703,962.5,3.933330535888672,-2.5
2000060S17123,NORMAN,2000-03-01 21:00:00+00:00,2000-03-02 00:00:00+00:00,3.0,stormsense_dataset/images/2000060S17123_NORMAN/20000301T210000Z.png,GMS-5,59.53333282470703,962.5,-18.576784133911133,114.130859375,3.933330535888672,-2.5,organizing,organizing,63.4666633605957,960.0,3.933330535888672,-2.5
2000060S17123,NORMAN,2000-03-02 00:00:00+00:00,2000-03-02 03:00:00+00:00,3.0,stormsense_dataset/images/2000060S17123_NORMAN/20000302T000000Z.png,"GMS-5,Meteosat-5",63.4666633605957,960.0,-18.7177791595459,113.558349609375,3.933330535888672,-2.5,organizing,organizing,64.13333129882812,957.5,0.6666679382324219,-2.5
2000060S17123,NORMAN,2000-03-02 03:00:00+00:00,2000-03-02 06:00:00+00:00,3.0,stormsense_dataset/images/2000060S17123_NORMAN/20000302T030000Z.png,"GMS-5,Meteosat-5",64.13333129882812,957.5,-18.853269577026367,112.97552490234376,0.6666679382324219,-2.5,organizing,organizing,64.79999542236328,955.0,0.6666641235351562,-2.5
2000060S17123,NORMAN,2000-03-02 06:00:00+00:00,2000-03-02 09:00:00+00:00,3.0,stormsense_dataset/images/2000060S17123_NORMAN/20000302T060000Z.png,"GMS-5,Meteosat-5",64.79999542236328,955.0,-18.99736595153809,112.33554077148438,0.6666641235351562,-2.5,organizing,organizing,66.93333435058594,952.5,2.1333389282226562,-2.5
2000060S17123,NORMAN,2000-03-02 09:00:00+00:00,2000-03-02 12:00:00+00:00,3.0,stormsense_dataset/images/2000060S17123_NORMAN/20000302T090000Z.png,"GMS-5,Meteosat-5",66.93333435058594,952.5,-19.15355682373047,111.62060546875,2.133338928222656,-2.5,organizing,organizing,69.0666732788086,950.0,2.1333389282226562,-2.5
2000060S17123,NORMAN,2000-03-02 12:00:00+00:00,2000-03-02 15:00:00+00:00,3.0,stormsense_dataset/images/2000060S17123_NORMAN/20000302T120000Z.png,"GMS-5,Meteosat-5",69.0666732788086,950.0,-19.30180931091309,110.86526489257812,2.133338928222656,-2.5,organizing,organizing,77.90000915527344,945.0,8.833335876464844,-5.0
2000060S17123,NORMAN,2000-03-02 15:00:00+00:00,2000-03-02 18:00:00+00:00,3.0,stormsense_dataset/images/2000060S17123_NORMAN/20000302T150000Z.png,"GMS-5,Meteosat-5",77.90000915527344,945.0,-19.430126190185547,110.12774658203124,8.833335876464844,-5.0,organizing,organizing,86.73333740234375,940.0,8.833328247070312,-5.0
2000060S17123,NORMAN,2000-03-02 18:00:00+00:00,2000-03-02 21:00:00+00:00,3.0,stormsense_dataset/images/2000060S17123_NORMAN/20000302T180000Z.png,"GMS-5,Meteosat-5",86.73333740234375,940.0,-19.528478622436523,109.3731689453125,8.833328247070312,-5.0,organizing,organizing,92.4666748046875,935.0,5.73333740234375,-5.0
2000060S17123,NORMAN,2000-03-02 21:00:00+00:00,2000-03-03 00:00:00+00:00,3.0,stormsense_dataset/images/2000060S17123_NORMAN/20000302T210000Z.png,GMS-5,92.4666748046875,935.0,-19.590496063232425,108.58551025390624,5.73333740234375,-5.0,organizing,mature,98.20000457763672,930.0,5.733329772949219,-5.0
2000060S17123,NORMAN,2000-03-03 00:00:00+00:00,2000-03-03 03:00:00+00:00,3.0,stormsense_dataset/images/2000060S17123_NORMAN/20000303T000000Z.png,"GMS-5,Meteosat-5",98.20000457763672,930.0,-19.633169174194336,107.78921508789062,5.733329772949219,-5.0,mature,mature,98.3000030517578,940.0,0.09999847412107954,10.0
2000060S17123,NORMAN,2000-03-03 03:00:00+00:00,2000-03-03 06:00:00+00:00,3.0,stormsense_dataset/images/2000060S17123_NORMAN/20000303T030000Z.png,"GMS-5,Meteosat-5",98.3000030517578,940.0,-19.66949844360352,107.04046630859376,0.0999984741210795,10.0,mature,mature,98.4000015258789,950.0,0.09999847412110796,10.0
2000060S17123,NORMAN,2000-03-03 06:00:00+00:00,2000-03-03 09:00:00+00:00,3.0,stormsense_dataset/images/2000060S17123_NORMAN/20000303T060000Z.png,"GMS-5,Meteosat-5",98.4000015258789,950.0,-19.730863571166992,106.23983764648438,0.0999984741211079,10.0,mature,mature,94.5999984741211,957.5,-3.8000030517578125,7.5
2000060S17123,NORMAN,2000-03-03 09:00:00+00:00,2000-03-03 12:00:00+00:00,3.0,stormsense_dataset/images/2000060S17123_NORMAN/20000303T090000Z.png,"GMS-5,Meteosat-5",94.5999984741211,957.5,-19.86199951171875,105.30230712890624,-3.800003051757813,7.5,mature,mature,90.79999542236328,965.0,-3.8000030517578125,7.5
2000060S17123,NORMAN,2000-03-03 12:00:00+00:00,2000-03-03 15:00:00+00:00,3.0,stormsense_dataset/images/2000060S17123_NORMAN/20000303T120000Z.png,"GMS-5,Meteosat-5",90.79999542236328,965.0,-20.00247001647949,104.31011962890624,-3.800003051757813,7.5,mature,mature,90.79999542236328,965.0,0.0,0.0
2000060S17123,NORMAN,2000-03-03 21:00:00+00:00,2000-03-04 00:00:00+00:00,3.0,stormsense_dataset/images/2000060S17123_NORMAN/20000303T210000Z.png,GMS-5,87.86666107177734,965.0,-20.250947952270508,101.5335693359375,-2.933334350585937,0.0,organizing,organizing,84.9333267211914,965.0,-2.9333343505859375,0.0
2000060S17123,NORMAN,2000-03-04 00:00:00+00:00,2000-03-04 03:00:00+00:00,3.0,stormsense_dataset/images/2000060S17123_NORMAN/20000304T000000Z.png,"GMS-5,Meteosat-5",84.9333267211914,965.0,-20.318187713623047,100.71762084960938,-2.933334350585937,0.0,organizing,organizing,83.26666259765625,970.0,-1.6666641235351562,5.0
2000060S17123,NORMAN,2000-03-04 03:00:00+00:00,2000-03-04 06:00:00+00:00,3.0,stormsense_dataset/images/2000060S17123_NORMAN/20000304T030000Z.png,"GMS-5,Meteosat-5",83.26666259765625,970.0,-20.32882308959961,99.89596557617188,-1.6666641235351562,5.0,organizing,organizing,81.5999984741211,975.0,-1.6666641235351562,5.0
2000060S17123,NORMAN,2000-03-04 06:00:00+00:00,2000-03-04 09:00:00+00:00,3.0,stormsense_dataset/images/2000060S17123_NORMAN/20000304T060000Z.png,"GMS-5,Meteosat-5",81.5999984741211,975.0,-20.33596611022949,99.11737060546876,-1.6666641235351562,5.0,organizing,organizing,80.5999984741211,977.5,-1.0,2.5
2000060S17123,NORMAN,2000-03-04 09:00:00+00:00,2000-03-04 12:00:00+00:00,3.0,stormsense_dataset/images/2000060S17123_NORMAN/20000304T090000Z.png,"GMS-5,Meteosat-5",80.5999984741211,977.5,-20.404598236083984,98.39132690429688,-1.0,2.5,organizing,organizing,79.5999984741211,980.0,-1.0,2.5
2000060S17123,NORMAN,2000-03-04 12:00:00+00:00,2000-03-04 15:00:00+00:00,3.0,stormsense_dataset/images/2000060S17123_NORMAN/20000304T120000Z.png,"GMS-5,Meteosat-5",79.5999984741211,980.0,-20.468477249145508,97.72543334960938,-1.0,2.5,organizing,organizing,75.19999694824219,980.0,-4.400001525878906,0.0
2000060S17123,NORMAN,2000-03-04 21:00:00+00:00,2000-03-05 00:00:00+00:00,3.0,stormsense_dataset/images/2000060S17123_NORMAN/20000304T210000Z.png,GMS-5,66.39999389648438,980.0,-20.44598388671875,95.94772338867188,-4.400001525878906,0.0,organizing,organizing,62.0,980.0,-4.399993896484375,0.0
2000060S17123,NORMAN,2000-03-05 00:00:00+00:00,2000-03-05 03:00:00+00:00,3.0,stormsense_dataset/images/2000060S17123_NORMAN/20000305T000000Z.png,"GMS-5,Meteosat-5",62.0,980.0,-20.43736457824707,95.43209838867188,-4.399993896484375,0.0,organizing,organizing,59.06666564941406,980.0,-2.9333343505859375,0.0
2000060S17123,NORMAN,2000-03-05 03:00:00+00:00,2000-03-05 06:00:00+00:00,3.0,stormsense_dataset/images/2000060S17123_NORMAN/20000305T030000Z.png,"GMS-5,Meteosat-5",59.06666564941406,980.0,-20.425477981567383,95.0162353515625,-2.933334350585937,0.0,organizing,developing,56.133331298828125,980.0,-2.9333343505859375,0.0
2000060S17123,NORMAN,2000-03-05 06:00:00+00:00,2000-03-05 09:00:00+00:00,3.0,stormsense_dataset/images/2000060S17123_NORMAN/20000305T060000Z.png,"GMS-5,Meteosat-5",56.133331298828125,980.0,-20.42321014404297,94.651123046875,-2.933334350585937,0.0,developing,developing,56.133331298828125,980.0,0.0,0.0
2000060S17123,NORMAN,2000-03-05 09:00:00+00:00,2000-03-05 12:00:00+00:00,3.0,stormsense_dataset/images/2000060S17123_NORMAN/20000305T090000Z.png,"GMS-5,Meteosat-5",56.133331298828125,980.0,-20.44522857666016,94.2686767578125,0.0,0.0,developing,developing,56.133331298828125,980.0,0.0,0.0
2000060S17123,NORMAN,2000-03-05 12:00:00+00:00,2000-03-05 15:00:00+00:00,3.0,stormsense_dataset/images/2000060S17123_NORMAN/20000305T120000Z.png,"GMS-5,Meteosat-5",56.133331298828125,980.0,-20.470123291015625,93.89556884765624,0.0,0.0,developing,developing,56.133331298828125,980.0,0.0,0.0
2000060S17123,NORMAN,2000-03-05 15:00:00+00:00,2000-03-05 18:00:00+00:00,3.0,stormsense_dataset/images/2000060S17123_NORMAN/20000305T150000Z.png,"GMS-5,Meteosat-5",56.133331298828125,980.0,-20.468997955322266,93.51321411132812,0.0,0.0,developing,developing,56.133331298828125,980.0,0.0,0.0
2000060S17123,NORMAN,2000-03-05 18:00:00+00:00,2000-03-05 21:00:00+00:00,3.0,stormsense_dataset/images/2000060S17123_NORMAN/20000305T180000Z.png,"GMS-5,Meteosat-5",56.133331298828125,980.0,-20.475143432617188,93.17697143554688,0.0,0.0,developing,developing,56.133331298828125,980.0,0.0,0.0
2000060S17123,NORMAN,2000-03-05 21:00:00+00:00,2000-03-06 00:00:00+00:00,3.0,stormsense_dataset/images/2000060S17123_NORMAN/20000305T210000Z.png,GMS-5,56.133331298828125,980.0,-20.50762939453125,92.93121337890624,0.0,0.0,developing,developing,56.133331298828125,980.0,0.0,0.0
2000060S17123,NORMAN,2000-03-06 00:00:00+00:00,2000-03-06 03:00:00+00:00,3.0,stormsense_dataset/images/2000060S17123_NORMAN/20000306T000000Z.png,"GMS-5,Meteosat-5",56.133331298828125,980.0,-20.57053565979004,92.72872924804688,0.0,0.0,developing,developing,56.133331298828125,980.0,0.0,0.0
2000060S17123,NORMAN,2000-03-06 03:00:00+00:00,2000-03-06 06:00:00+00:00,3.0,stormsense_dataset/images/2000060S17123_NORMAN/20000306T030000Z.png,"GMS-5,Meteosat-5",56.133331298828125,980.0,-20.65358161926269,92.503173828125,0.0,0.0,developing,developing,56.133331298828125,980.0,0.0,0.0
2000060S17123,NORMAN,2000-03-06 06:00:00+00:00,2000-03-06 09:00:00+00:00,3.0,stormsense_dataset/images/2000060S17123_NORMAN/20000306T060000Z.png,"GMS-5,Meteosat-5",56.133331298828125,980.0,-20.77835464477539,92.29876708984376,0.0,0.0,developing,developing,56.133331298828125,980.0,0.0,0.0
2000060S17123,NORMAN,2000-03-06 09:00:00+00:00,2000-03-06 12:00:00+00:00,3.0,stormsense_dataset/images/2000060S17123_NORMAN/20000306T090000Z.png,"GMS-5,Meteosat-5",56.133331298828125,980.0,-20.91655158996582,92.1282958984375,0.0,0.0,developing,developing,56.133331298828125,980.0,0.0,0.0
2000060S17123,NORMAN,2000-03-06 12:00:00+00:00,2000-03-06 15:00:00+00:00,3.0,stormsense_dataset/images/2000060S17123_NORMAN/20000306T120000Z.png,"GMS-5,Meteosat-5",56.133331298828125,980.0,-21.151933670043945,91.99169921875,0.0,0.0,developing,developing,56.133331298828125,980.0,0.0,0.0
2000060S17123,NORMAN,2000-03-06 15:00:00+00:00,2000-03-06 18:00:00+00:00,3.0,stormsense_dataset/images/2000060S17123_NORMAN/20000306T150000Z.png,"GMS-5,Meteosat-5",56.133331298828125,980.0,-21.565689086914062,91.8785400390625,0.0,0.0,developing,developing,56.133331298828125,980.0,0.0,0.0
2000060S17123,NORMAN,2000-03-06 18:00:00+00:00,2000-03-06 21:00:00+00:00,3.0,stormsense_dataset/images/2000060S17123_NORMAN/20000306T180000Z.png,"GMS-5,Meteosat-5",56.133331298828125,980.0,-22.00765419006348,91.78775024414062,0.0,0.0,developing,developing,55.29999542236328,982.5,-0.8333358764648438,2.5
2000060S17123,NORMAN,2000-03-06 21:00:00+00:00,2000-03-07 00:00:00+00:00,3.0,stormsense_dataset/images/2000060S17123_NORMAN/20000306T210000Z.png,GMS-5,55.29999542236328,982.5,-22.307174682617188,91.69403076171876,-0.8333358764648438,2.5,developing,developing,54.4666633605957,985.0,-0.8333320617675781,2.5
2000060S17123,NORMAN,2000-03-07 00:00:00+00:00,2000-03-07 03:00:00+00:00,3.0,stormsense_dataset/images/2000060S17123_NORMAN/20000307T000000Z.png,"GMS-5,Meteosat-5",54.4666633605957,985.0,-22.569299697875977,91.62945556640624,-0.8333320617675781,2.5,developing,developing,53.0,985.0,-1.4666633605957031,0.0
2000060S17123,NORMAN,2000-03-07 03:00:00+00:00,2000-03-07 06:00:00+00:00,3.0,stormsense_dataset/images/2000060S17123_NORMAN/20000307T030000Z.png,"GMS-5,Meteosat-5",53.0,985.0,-22.873491287231445,91.58245849609376,-1.4666633605957031,0.0,developing,developing,51.5333366394043,985.0,-1.4666633605957031,0.0
2000060S17123,NORMAN,2000-03-07 06:00:00+00:00,2000-03-07 09:00:00+00:00,3.0,stormsense_dataset/images/2000060S17123_NORMAN/20000307T060000Z.png,"GMS-5,Meteosat-5",51.5333366394043,985.0,-23.17572021484375,91.61959838867188,-1.4666633605957031,0.0,developing,developing,53.0,985.0,1.4666633605957031,0.0
2000060S17123,NORMAN,2000-03-07 09:00:00+00:00,2000-03-07 12:00:00+00:00,3.0,stormsense_dataset/images/2000060S17123_NORMAN/20000307T090000Z.png,"GMS-5,Meteosat-5",53.0,985.0,-23.48396873474121,91.78530883789062,1.4666633605957031,0.0,developing,developing,54.4666633605957,985.0,1.4666633605957031,0.0
2000060S17123,NORMAN,2000-03-07 12:00:00+00:00,2000-03-07 15:00:00+00:00,3.0,stormsense_dataset/images/2000060S17123_NORMAN/20000307T120000Z.png,"GMS-5,Meteosat-5",54.4666633605957,985.0,-23.724279403686523,92.022216796875,1.4666633605957031,0.0,developing,developing,51.66666412353516,987.5,-2.7999992370605398,2.5
2000060S17123,NORMAN,2000-03-07 15:00:00+00:00,2000-03-07 18:00:00+00:00,3.0,stormsense_dataset/images/2000060S17123_NORMAN/20000307T150000Z.png,"GMS-5,Meteosat-5",51.66666412353516,987.5,-23.82939910888672,92.27908325195312,-2.79999923706054,2.5,developing,developing,48.86666870117188,990.0,-2.7999954223632812,2.5
2000060S17123,NORMAN,2000-03-07 18:00:00+00:00,2000-03-07 21:00:00+00:00,3.0,stormsense_dataset/images/2000060S17123_NORMAN/20000307T180000Z.png,"GMS-5,Meteosat-5",48.86666870117188,990.0,-23.87777709960937,92.48709106445312,-2.799995422363281,2.5,developing,developing,46.400001525878906,992.5,-2.466667175292976,2.5
2000060S17123,NORMAN,2000-03-07 21:00:00+00:00,2000-03-08 00:00:00+00:00,3.0,stormsense_dataset/images/2000060S17123_NORMAN/20000307T210000Z.png,GMS-5,46.400001525878906,992.5,-23.98306465148925,92.5614013671875,-2.466667175292976,2.5,developing,developing,43.93333435058594,995.0,-2.4666671752929688,2.5
2000060S17123,NORMAN,2000-03-08 00:00:00+00:00,2000-03-08 03:00:00+00:00,3.0,stormsense_dataset/images/2000060S17123_NORMAN/20000308T000000Z.png,"GMS-5,Meteosat-5",43.93333435058594,995.0,-24.048065185546875,92.56402587890624,-2.4666671752929688,2.5,developing,developing,41.0,995.0,-2.9333343505859375,0.0
2000060S17123,NORMAN,2000-03-08 03:00:00+00:00,2000-03-08 06:00:00+00:00,3.0,stormsense_dataset/images/2000060S17123_NORMAN/20000308T030000Z.png,"GMS-5,Meteosat-5",41.0,995.0,-24.010772705078125,92.537841796875,-2.933334350585937,0.0,developing,developing,38.06666564941406,995.0,-2.9333343505859375,0.0
2000060S17123,NORMAN,2000-03-08 06:00:00+00:00,2000-03-08 09:00:00+00:00,3.0,stormsense_dataset/images/2000060S17123_NORMAN/20000308T060000Z.png,"GMS-5,Meteosat-5",38.06666564941406,995.0,-23.93298721313477,92.55087280273438,-2.933334350585937,0.0,developing,developing,33.66666793823242,995.0,-4.399997711181641,0.0
2000060S17123,NORMAN,2000-03-08 09:00:00+00:00,2000-03-08 12:00:00+00:00,3.0,stormsense_dataset/images/2000060S17123_NORMAN/20000308T090000Z.png,"GMS-5,Meteosat-5",33.66666793823242,995.0,-23.87646675109864,92.7125244140625,-4.399997711181641,0.0,developing,developing,29.26666831970215,995.0,-4.399999618530273,0.0
2000060S17123,NORMAN,2000-03-08 12:00:00+00:00,2000-03-08 15:00:00+00:00,3.0,stormsense_dataset/images/2000060S17123_NORMAN/20000308T120000Z.png,"GMS-5,Meteosat-5",29.26666831970215,995.0,-23.83333206176757,92.88912963867188,-4.399999618530273,0.0,developing,developing,26.46666717529297,997.5,-2.8000011444091797,2.5
2000060S17123,NORMAN,2000-03-08 15:00:00+00:00,2000-03-08 18:00:00+00:00,3.0,stormsense_dataset/images/2000060S17123_NORMAN/20000308T150000Z.png,"GMS-5,Meteosat-5",26.46666717529297,997.5,-23.820775985717773,93.01373291015624,-2.80000114440918,2.5,developing,developing,23.66666603088379,1000.0,-2.8000011444091797,2.5
2000060S17123,NORMAN,2000-03-08 18:00:00+00:00,2000-03-08 21:00:00+00:00,3.0,stormsense_dataset/images/2000060S17123_NORMAN/20000308T180000Z.png,"GMS-5,Meteosat-5",23.66666603088379,1000.0,-23.8074893951416,92.97555541992188,-2.80000114440918,2.5,developing,developing,25.33333206176757,1000.0,1.666666030883782,0.0
2000060S17123,NORMAN,2000-03-08 21:00:00+00:00,2000-03-09 00:00:00+00:00,3.0,stormsense_dataset/images/2000060S17123_NORMAN/20000308T210000Z.png,GMS-5,25.33333206176757,1000.0,-23.75691795349121,92.665283203125,1.666666030883782,0.0,developing,developing,27.0,1000.0,1.666667938232429,0.0
2000060S17123,NORMAN,2000-03-09 00:00:00+00:00,2000-03-09 03:00:00+00:00,3.0,stormsense_dataset/images/2000060S17123_NORMAN/20000309T000000Z.png,"GMS-5,Meteosat-5",27.0,1000.0,-23.702964782714844,92.2288818359375,1.666667938232429,0.0,developing,developing,27.0,1000.0,0.0,0.0
2000060S17123,NORMAN,2000-03-09 03:00:00+00:00,2000-03-09 06:00:00+00:00,3.0,stormsense_dataset/images/2000060S17123_NORMAN/20000309T030000Z.png,"GMS-5,Meteosat-5",27.0,1000.0,-23.68983459472656,91.88665771484376,0.0,0.0,developing,developing,27.0,1000.0,0.0,0.0
2000060S17123,NORMAN,2000-03-09 06:00:00+00:00,2000-03-09 09:00:00+00:00,3.0,stormsense_dataset/images/2000060S17123_NORMAN/20000309T060000Z.png,"GMS-5,Meteosat-5",27.0,1000.0,-23.65456771850586,91.47430419921876,0.0,0.0,developing,developing,27.0,1000.0,0.0,0.0
2000060S17123,NORMAN,2000-03-09 09:00:00+00:00,2000-03-09 12:00:00+00:00,3.0,stormsense_dataset/images/2000060S17123_NORMAN/20000309T090000Z.png,"GMS-5,Meteosat-5",27.0,1000.0,-23.5456657409668,90.884765625,0.0,0.0,developing,developing,27.0,1000.0,0.0,0.0
2000060S17123,NORMAN,2000-03-09 12:00:00+00:00,2000-03-09 15:00:00+00:00,3.0,stormsense_dataset/images/2000060S17123_NORMAN/20000309T120000Z.png,"GMS-5,Meteosat-5",27.0,1000.0,-23.40246963500977,90.26025390625,0.0,0.0,developing,developing,27.0,1000.0,0.0,0.0
2000060S17123,NORMAN,2000-03-09 15:00:00+00:00,2000-03-09 18:00:00+00:00,3.0,stormsense_dataset/images/2000060S17123_NORMAN/20000309T150000Z.png,"GMS-5,Meteosat-5",27.0,1000.0,-23.259265899658203,89.7763671875,0.0,0.0,developing,developing,27.0,1000.0,0.0,0.0
2000060S17123,NORMAN,2000-03-09 18:00:00+00:00,2000-03-09 21:00:00+00:00,3.0,stormsense_dataset/images/2000060S17123_NORMAN/20000309T180000Z.png,"GMS-5,Meteosat-5",27.0,1000.0,-23.12543296813965,89.2725830078125,0.0,0.0,developing,developing,23.0,1002.5,-4.0,2.5
2000060S17123,NORMAN,2000-03-09 21:00:00+00:00,2000-03-10 00:00:00+00:00,3.0,stormsense_dataset/images/2000060S17123_NORMAN/20000309T210000Z.png,GMS-5,23.0,1002.5,-23.02517318725586,88.53619384765625,-4.0,2.5,developing,developing,19.0,1005.0,-4.0,2.5
2000060S17123,NORMAN,2000-03-10 00:00:00+00:00,2000-03-10 03:00:00+00:00,3.0,stormsense_dataset/images/2000060S17123_NORMAN/20000310T000000Z.png,"GMS-5,Meteosat-5",19.0,1005.0,-22.9358024597168,87.92593383789062,-4.0,2.5,developing,developing,19.0,1005.0,0.0,0.0
2000064S19209,LEO,2000-03-04 00:00:00+00:00,2000-03-04 03:00:00+00:00,3.0,stormsense_dataset/images/2000064S19209_LEO/20000304T000000Z.png,"GMS-5,GOES-10",16.299999237060547,1009.0,-18.799999237060547,-150.75,,,developing,developing,16.924999237060547,1009.0,0.625,0.0
2000064S19209,LEO,2000-03-04 03:00:00+00:00,2000-03-04 06:00:00+00:00,3.0,stormsense_dataset/images/2000064S19209_LEO/20000304T030000Z.png,"GMS-5,GOES-10",16.924999237060547,1009.0,-18.94750022888184,-151.09500122070312,0.625,0.0,developing,developing,17.549999237060547,1009.0,0.625,0.0
2000064S19209,LEO,2000-03-04 06:00:00+00:00,2000-03-04 09:00:00+00:00,3.0,stormsense_dataset/images/2000064S19209_LEO/20000304T060000Z.png,"GMS-5,GOES-10",17.549999237060547,1009.0,-19.100000381469727,-151.4499969482422,0.625,0.0,developing,developing,17.549999237060547,1009.0,0.0,0.0
2000064S19209,LEO,2000-03-04 09:00:00+00:00,2000-03-04 12:00:00+00:00,3.0,stormsense_dataset/images/2000064S19209_LEO/20000304T090000Z.png,GMS-5,17.549999237060547,1009.0,-19.263750076293945,-151.8212432861328,0.0,0.0,developing,developing,17.549999237060547,1009.0,0.0,0.0
2000064S19209,LEO,2000-03-04 12:00:00+00:00,2000-03-04 15:00:00+00:00,3.0,stormsense_dataset/images/2000064S19209_LEO/20000304T120000Z.png,"GMS-5,GOES-10",17.549999237060547,1009.0,-19.44999885559082,-152.1999969482422,0.0,0.0,developing,developing,19.27499961853028,1007.5,1.7250003814697337,-1.5
2000064S19209,LEO,2000-03-04 15:00:00+00:00,2000-03-04 18:00:00+00:00,3.0,stormsense_dataset/images/2000064S19209_LEO/20000304T150000Z.png,"GMS-5,GOES-10",19.27499961853028,1007.5,-19.674999237060547,-152.55624389648438,1.7250003814697337,-1.5,developing,developing,21.0,1006.0,1.7250003814697195,-1.5
2000064S19209,LEO,2000-03-04 18:00:00+00:00,2000-03-04 21:00:00+00:00,3.0,stormsense_dataset/images/2000064S19209_LEO/20000304T180000Z.png,"GMS-5,GOES-10",21.0,1006.0,-19.89999961853028,-152.9499969482422,1.7250003814697197,-1.5,developing,developing,21.0,1004.0,0.0,-2.0
2000064S19209,LEO,2000-03-04 21:00:00+00:00,2000-03-05 00:00:00+00:00,3.0,stormsense_dataset/images/2000064S19209_LEO/20000304T210000Z.png,GMS-5,21.0,1004.0,-20.06374931335449,-153.37124633789062,0.0,-2.0,developing,developing,21.0,1002.0,0.0,-2.0
2000064S19209,LEO,2000-03-05 00:00:00+00:00,2000-03-05 03:00:00+00:00,3.0,stormsense_dataset/images/2000064S19209_LEO/20000305T000000Z.png,"GMS-5,GOES-10",21.0,1002.0,-20.25,-153.9499969482422,0.0,-2.0,developing,developing,22.25,1001.0,1.25,-1.0
2000064S19209,LEO,2000-03-05 03:00:00+00:00,2000-03-05 06:00:00+00:00,3.0,stormsense_dataset/images/2000064S19209_LEO/20000305T030000Z.png,"GMS-5,GOES-10",22.25,1001.0,-20.53874969482422,-154.80499267578125,1.25,-1.0,developing,developing,23.5,1000.0,1.25,-1.0
2000064S19209,LEO,2000-03-05 06:00:00+00:00,2000-03-05 09:00:00+00:00,3.0,stormsense_dataset/images/2000064S19209_LEO/20000305T060000Z.png,"GMS-5,GOES-10",23.5,1000.0,-20.850000381469727,-155.75,1.25,-1.0,developing,developing,23.5,1000.0,0.0,0.0
2000064S19209,LEO,2000-03-05 09:00:00+00:00,2000-03-05 12:00:00+00:00,3.0,stormsense_dataset/images/2000064S19209_LEO/20000305T090000Z.png,GMS-5,23.5,1000.0,-21.08125114440918,-156.54624938964844,0.0,0.0,developing,developing,23.5,1000.0,0.0,0.0
2000064S19209,LEO,2000-03-05 12:00:00+00:00,2000-03-05 15:00:00+00:00,3.0,stormsense_dataset/images/2000064S19209_LEO/20000305T120000Z.png,"GMS-5,GOES-10",23.5,1000.0,-21.350000381469727,-157.35000610351562,0.0,0.0,developing,developing,23.5,1000.0,0.0,0.0
2000064S19209,LEO,2000-03-05 15:00:00+00:00,2000-03-05 18:00:00+00:00,3.0,stormsense_dataset/images/2000064S19209_LEO/20000305T150000Z.png,"GMS-5,GOES-10",23.5,1000.0,-21.748750686645508,-158.27125549316406,0.0,0.0,developing,developing,23.5,1000.0,0.0,0.0
2000064S19209,LEO,2000-03-05 18:00:00+00:00,2000-03-05 21:00:00+00:00,3.0,stormsense_dataset/images/2000064S19209_LEO/20000305T180000Z.png,"GMS-5,GOES-10",23.5,1000.0,-22.200000762939453,-159.1999969482422,0.0,0.0,developing,developing,23.5,999.5,0.0,-0.5
2000064S19209,LEO,2000-03-05 21:00:00+00:00,2000-03-06 00:00:00+00:00,3.0,stormsense_dataset/images/2000064S19209_LEO/20000305T210000Z.png,GMS-5,23.5,999.5,-22.61750030517578,-160.05874633789062,0.0,-0.5,developing,developing,23.5,999.0,0.0,-0.5
2000064S19209,LEO,2000-03-06 00:00:00+00:00,2000-03-06 03:00:00+00:00,3.0,stormsense_dataset/images/2000064S19209_LEO/20000306T000000Z.png,"GMS-5,GOES-10",23.5,999.0,-23.049999237060547,-160.85000610351562,0.0,-0.5,developing,developing,24.75,998.0,1.25,-1.0
2000064S19209,LEO,2000-03-06 03:00:00+00:00,2000-03-06 06:00:00+00:00,3.0,stormsense_dataset/images/2000064S19209_LEO/20000306T030000Z.png,"GMS-5,GOES-10",24.75,998.0,-23.54749870300293,-161.58750915527344,1.25,-1.0,developing,developing,26.0,997.0,1.25,-1.0
2000064S19209,LEO,2000-03-06 06:00:00+00:00,2000-03-06 09:00:00+00:00,3.0,stormsense_dataset/images/2000064S19209_LEO/20000306T060000Z.png,"GMS-5,GOES-10",26.0,997.0,-24.0,-162.25,1.25,-1.0,developing,developing,27.25,996.0,1.25,-1.0
2000064S19209,LEO,2000-03-06 09:00:00+00:00,2000-03-06 12:00:00+00:00,3.0,stormsense_dataset/images/2000064S19209_LEO/20000306T090000Z.png,GMS-5,27.25,996.0,-24.26749992370605,-162.8159942626953,1.25,-1.0,developing,developing,28.5,995.0,1.25,-1.0
2000064S19209,LEO,2000-03-06 12:00:00+00:00,2000-03-06 15:00:00+00:00,3.0,stormsense_dataset/images/2000064S19209_LEO/20000306T120000Z.png,"GMS-5,GOES-10",28.5,995.0,-24.55000114440918,-163.39999389648438,1.25,-1.0,developing,organizing,36.34999847412109,992.5,7.849998474121087,-2.5
2000064S19209,LEO,2000-03-06 15:00:00+00:00,2000-03-06 18:00:00+00:00,3.0,stormsense_dataset/images/2000064S19209_LEO/20000306T150000Z.png,"GMS-5,GOES-10",36.34999847412109,992.5,-24.99839401245117,-164.1845245361328,7.849998474121087,-2.5,organizing,organizing,44.19999694824219,990.0,7.849998474121101,-2.5
2000064S19209,LEO,2000-03-06 18:00:00+00:00,2000-03-06 21:00:00+00:00,3.0,stormsense_dataset/images/2000064S19209_LEO/20000306T180000Z.png,"GMS-5,GOES-10",44.19999694824219,990.0,-25.600000381469727,-164.9199981689453,7.849998474121101,-2.5,organizing,mature,46.69999694824219,987.5,2.5,-2.5
2000064S19209,LEO,2000-03-06 21:00:00+00:00,2000-03-07 00:00:00+00:00,3.0,stormsense_dataset/images/2000064S19209_LEO/20000306T210000Z.png,GMS-5,46.69999694824219,987.5,-26.28982162475586,-165.43077087402344,2.5,-2.5,mature,weakening,49.19999694824219,985.0,2.5,-2.5
2000064S19209,LEO,2000-03-07 00:00:00+00:00,2000-03-07 03:00:00+00:00,3.0,stormsense_dataset/images/2000064S19209_LEO/20000307T000000Z.png,"GMS-5,GOES-10",49.19999694824219,985.0,-27.17142868041992,-165.7428741455078,2.5,-2.5,weakening,weakening,43.69999694824219,985.0,-5.5,0.0
2000064S19209,LEO,2000-03-07 03:00:00+00:00,2000-03-07 06:00:00+00:00,3.0,stormsense_dataset/images/2000064S19209_LEO/20000307T030000Z.png,"GMS-5,GOES-10",43.69999694824219,985.0,-28.308570861816406,-165.87026977539062,-5.5,0.0,weakening,organizing,38.20000076293945,985.0,-5.499996185302734,0.0
2000064S19209,LEO,2000-03-07 06:00:00+00:00,2000-03-07 09:00:00+00:00,3.0,stormsense_dataset/images/2000064S19209_LEO/20000307T060000Z.png,"GMS-5,GOES-10",38.20000076293945,985.0,-29.5,-165.93846130371094,-5.499996185302734,0.0,organizing,organizing,37.70000076293945,985.0,-0.5,0.0
2000064S19209,LEO,2000-03-07 09:00:00+00:00,2000-03-07 12:00:00+00:00,3.0,stormsense_dataset/images/2000064S19209_LEO/20000307T090000Z.png,GMS-5,37.70000076293945,985.0,-30.48781013488769,-166.146728515625,-0.5,0.0,organizing,organizing,37.20000076293945,985.0,-0.5,0.0
2000064S19209,LEO,2000-03-07 12:00:00+00:00,2000-03-07 15:00:00+00:00,3.0,stormsense_dataset/images/2000064S19209_LEO/20000307T120000Z.png,"GMS-5,GOES-10",37.20000076293945,985.0,-31.433334350585938,-166.3666534423828,-0.5,0.0,organizing,organizing,37.20000076293945,985.0,0.0,0.0
2000064S19209,LEO,2000-03-07 15:00:00+00:00,2000-03-07 18:00:00+00:00,3.0,stormsense_dataset/images/2000064S19209_LEO/20000307T150000Z.png,"GMS-5,GOES-10",37.20000076293945,985.0,-32.386417388916016,-166.5684356689453,0.0,0.0,organizing,organizing,37.20000076293945,985.0,0.0,0.0
2000064S19209,LEO,2000-03-07 18:00:00+00:00,2000-03-07 21:00:00+00:00,3.0,stormsense_dataset/images/2000064S19209_LEO/20000307T180000Z.png,"GMS-5,GOES-10",37.20000076293945,985.0,-33.47999954223633,-166.63999938964844,0.0,0.0,organizing,organizing,34.900001525878906,988.5,-2.299999237060547,3.5
2000064S19209,LEO,2000-03-07 21:00:00+00:00,2000-03-08 00:00:00+00:00,3.0,stormsense_dataset/images/2000064S19209_LEO/20000307T210000Z.png,GMS-5,34.900001525878906,988.5,-34.82225036621094,-166.5605010986328,-2.299999237060547,3.5,organizing,organizing,32.60000228881836,992.0,-2.299999237060547,3.5
2000064S19209,LEO,2000-03-08 00:00:00+00:00,2000-03-08 03:00:00+00:00,3.0,stormsense_dataset/images/2000064S19209_LEO/20000308T000000Z.png,"GMS-5,GOES-10",32.60000228881836,992.0,-36.34999847412109,-166.1999969482422,-2.299999237060547,3.5,organizing,organizing,31.76666831970215,992.0,-0.8333339691162109,0.0
2000064S19209,LEO,2000-03-08 03:00:00+00:00,2000-03-08 06:00:00+00:00,3.0,stormsense_dataset/images/2000064S19209_LEO/20000308T030000Z.png,"GMS-5,GOES-10",31.76666831970215,992.0,-38.029415130615234,-165.5695037841797,-0.8333339691162109,0.0,organizing,organizing,30.933334350585938,992.0,-0.8333339691162109,0.0
2000064S19209,LEO,2000-03-08 06:00:00+00:00,2000-03-08 09:00:00+00:00,3.0,stormsense_dataset/images/2000064S19209_LEO/20000308T060000Z.png,"GMS-5,GOES-10",30.933334350585938,992.0,-39.633331298828125,-164.60000610351562,-0.8333339691162109,0.0,organizing,organizing,35.46666717529297,994.0,4.533332824707031,2.0
2000064S19209,LEO,2000-03-08 09:00:00+00:00,2000-03-08 12:00:00+00:00,3.0,stormsense_dataset/images/2000064S19209_LEO/20000308T090000Z.png,GMS-5,35.46666717529297,994.0,-40.89041519165039,-163.3625030517578,4.533332824707031,2.0,organizing,organizing,40.0,996.0,4.533332824707031,2.0
2000064S19209,LEO,2000-03-08 12:00:00+00:00,2000-03-08 15:00:00+00:00,3.0,stormsense_dataset/images/2000064S19209_LEO/20000308T120000Z.png,"GMS-5,GOES-10",40.0,996.0,-42.0,-161.89999389648438,4.533332824707031,2.0,organizing,organizing,40.0,996.5,0.0,0.5
2000064S19209,LEO,2000-03-08 15:00:00+00:00,2000-03-08 18:00:00+00:00,3.0,stormsense_dataset/images/2000064S19209_LEO/20000308T150000Z.png,"GMS-5,GOES-10",40.0,996.5,-43.16249847412109,-160.3199920654297,0.0,0.5,organizing,organizing,40.0,997.0,0.0,0.5
2000064S19209,LEO,2000-03-08 18:00:00+00:00,2000-03-09 00:00:00+00:00,6.0,stormsense_dataset/images/2000064S19209_LEO/20000308T180000Z.png,"GMS-5,GOES-10",40.0,997.0,-44.29999923706055,-158.8000030517578,0.0,0.5,organizing,organizing,40.0,984.0,0.0,-13.0
2000064S19209,LEO,2000-03-09 00:00:00+00:00,2000-03-09 03:00:00+00:00,3.0,stormsense_dataset/images/2000064S19209_LEO/20000309T000000Z.png,GOES-10,40.0,984.0,-46.5,-156.5,0.0,-13.0,organizing,organizing,40.0,982.5,0.0,-1.5
2000064S19209,LEO,2000-03-09 03:00:00+00:00,2000-03-09 06:00:00+00:00,3.0,stormsense_dataset/images/2000064S19209_LEO/20000309T030000Z.png,GOES-10,40.0,982.5,-47.76499938964844,-154.74000549316406,0.0,-1.5,organizing,organizing,40.0,981.0,0.0,-1.5
2000064S19209,LEO,2000-03-09 06:00:00+00:00,2000-03-09 12:00:00+00:00,6.0,stormsense_dataset/images/2000064S19209_LEO/20000309T060000Z.png,GOES-10,40.0,981.0,-49.0,-152.5,0.0,-1.5,organizing,organizing,40.0,979.0,0.0,-2.0
2000064S19209,LEO,2000-03-09 12:00:00+00:00,2000-03-09 15:00:00+00:00,3.0,stormsense_dataset/images/2000064S19209_LEO/20000309T120000Z.png,GOES-10,40.0,979.0,-51.0,-147.0,0.0,-2.0,organizing,organizing,40.0,978.5,0.0,-0.5
2000067S15189,HR19SMONA,2000-03-06 12:00:00+00:00,2000-03-06 15:00:00+00:00,3.0,stormsense_dataset/images/2000067S15189_HR19SMONA/20000306T120000Z.png,"GMS-5,GOES-10",20.0,1005.0,-15.100000381469728,-171.3000030517578,,,developing,developing,20.0,1004.5,0.0,-0.5
2000067S15189,HR19SMONA,2000-03-06 15:00:00+00:00,2000-03-06 18:00:00+00:00,3.0,stormsense_dataset/images/2000067S15189_HR19SMONA/20000306T150000Z.png,"GMS-5,GOES-10",20.0,1004.5,-15.33750057220459,-171.375,0.0,-0.5,developing,developing,20.0,1004.0,0.0,-0.5
2000067S15189,HR19SMONA,2000-03-06 18:00:00+00:00,2000-03-06 21:00:00+00:00,3.0,stormsense_dataset/images/2000067S15189_HR19SMONA/20000306T180000Z.png,"GMS-5,GOES-10",20.0,1004.0,-15.600001335144045,-171.5,0.0,-0.5,developing,developing,20.0,1003.0,0.0,-1.0
2000067S15189,HR19SMONA,2000-03-06 21:00:00+00:00,2000-03-07 00:00:00+00:00,3.0,stormsense_dataset/images/2000067S15189_HR19SMONA/20000306T210000Z.png,"GMS-5,GOES-10",20.0,1003.0,-15.900001525878906,-171.71249389648438,0.0,-1.0,developing,developing,20.0,1002.0,0.0,-1.0
2000067S15189,HR19SMONA,2000-03-07 00:00:00+00:00,2000-03-07 03:00:00+00:00,3.0,stormsense_dataset/images/2000067S15189_HR19SMONA/20000307T000000Z.png,"GMS-5,GOES-10",20.0,1002.0,-16.200000762939453,-172.0,0.0,-1.0,developing,developing,20.0,1002.0,0.0,0.0
2000067S15189,HR19SMONA,2000-03-07 03:00:00+00:00,2000-03-07 06:00:00+00:00,3.0,stormsense_dataset/images/2000067S15189_HR19SMONA/20000307T030000Z.png,"GMS-5,GOES-10",20.0,1002.0,-16.42300033569336,-172.343994140625,0.0,0.0,developing,developing,20.0,1002.0,0.0,0.0
2000067S15189,HR19SMONA,2000-03-07 06:00:00+00:00,2000-03-07 09:00:00+00:00,3.0,stormsense_dataset/images/2000067S15189_HR19SMONA/20000307T060000Z.png,"GMS-5,GOES-10",20.0,1002.0,-16.700000762939453,-172.69998168945312,0.0,0.0,developing,developing,20.5,1002.0,0.5,0.0
2000067S15189,HR19SMONA,2000-03-07 09:00:00+00:00,2000-03-07 12:00:00+00:00,3.0,stormsense_dataset/images/2000067S15189_HR19SMONA/20000307T090000Z.png,GMS-5,20.5,1002.0,-17.16699981689453,-172.98599243164062,0.5,0.0,developing,developing,21.0,1002.0,0.5,0.0
2000067S15189,HR19SMONA,2000-03-07 12:00:00+00:00,2000-03-07 15:00:00+00:00,3.0,stormsense_dataset/images/2000067S15189_HR19SMONA/20000307T120000Z.png,"GMS-5,GOES-10",21.0,1002.0,-17.65999984741211,-173.27999877929688,0.5,0.0,developing,developing,22.25,1001.0,1.25,-1.0
2000067S15189,HR19SMONA,2000-03-07 15:00:00+00:00,2000-03-07 18:00:00+00:00,3.0,stormsense_dataset/images/2000067S15189_HR19SMONA/20000307T150000Z.png,"GMS-5,GOES-10",22.25,1001.0,-18.020809173583984,-173.6587371826172,1.25,-1.0,developing,developing,23.5,1000.0,1.25,-1.0
2000067S15189,HR19SMONA,2000-03-07 18:00:00+00:00,2000-03-07 21:00:00+00:00,3.0,stormsense_dataset/images/2000067S15189_HR19SMONA/20000307T180000Z.png,"GMS-5,GOES-10",23.5,1000.0,-18.33333396911621,-174.0333251953125,1.25,-1.0,developing,developing,25.850000381469727,998.75,2.3500003814697266,-1.25
2000067S15189,HR19SMONA,2000-03-07 21:00:00+00:00,2000-03-08 00:00:00+00:00,3.0,stormsense_dataset/images/2000067S15189_HR19SMONA/20000307T210000Z.png,GMS-5,25.850000381469727,998.75,-18.663238525390625,-174.33119201660156,2.3500003814697266,-1.25,developing,developing,28.200000762939453,997.5,2.3500003814697266,-1.25
2000067S15189,HR19SMONA,2000-03-08 00:00:00+00:00,2000-03-08 03:00:00+00:00,3.0,stormsense_dataset/images/2000067S15189_HR19SMONA/20000308T000000Z.png,"GMS-5,GOES-10",28.200000762939453,997.5,-18.9714298248291,-174.58570861816406,2.3500003814697266,-1.25,developing,developing,28.200000762939453,997.25,0.0,-0.25
2000067S15189,HR19SMONA,2000-03-08 03:00:00+00:00,2000-03-08 06:00:00+00:00,3.0,stormsense_dataset/images/2000067S15189_HR19SMONA/20000308T030000Z.png,"GMS-5,GOES-10",28.200000762939453,997.25,-19.238571166992188,-174.82928466796875,0.0,-0.25,developing,developing,28.200000762939453,997.0,0.0,-0.25
2000067S15189,HR19SMONA,2000-03-08 06:00:00+00:00,2000-03-08 09:00:00+00:00,3.0,stormsense_dataset/images/2000067S15189_HR19SMONA/20000308T060000Z.png,"GMS-5,GOES-10",28.200000762939453,997.0,-19.5,-175.0500030517578,0.0,-0.25,developing,developing,28.350000381469727,995.25,0.14999961853027344,-1.75
2000067S15189,HR19SMONA,2000-03-08 09:00:00+00:00,2000-03-08 12:00:00+00:00,3.0,stormsense_dataset/images/2000067S15189_HR19SMONA/20000308T090000Z.png,GMS-5,28.350000381469727,995.25,-19.802143096923828,-175.25857543945312,0.1499996185302734,-1.75,developing,developing,28.5,993.5,0.14999961853027344,-1.75
2000067S15189,HR19SMONA,2000-03-08 12:00:00+00:00,2000-03-08 15:00:00+00:00,3.0,stormsense_dataset/images/2000067S15189_HR19SMONA/20000308T120000Z.png,"GMS-5,GOES-10",28.5,993.5,-20.100000381469727,-175.45001220703125,0.1499996185302734,-1.75,developing,developing,38.22499847412109,989.75,9.724998474121087,-3.75
2000067S15189,HR19SMONA,2000-03-08 15:00:00+00:00,2000-03-08 18:00:00+00:00,3.0,stormsense_dataset/images/2000067S15189_HR19SMONA/20000308T150000Z.png,"GMS-5,GOES-10",38.22499847412109,989.75,-20.364999771118164,-175.6437530517578,9.724998474121088,-3.75,developing,organizing,47.94999694824219,986.0,9.7249984741211,-3.75
2000067S15189,HR19SMONA,2000-03-08 18:00:00+00:00,2000-03-08 21:00:00+00:00,3.0,stormsense_dataset/images/2000067S15189_HR19SMONA/20000308T180000Z.png,"GMS-5,GOES-10",47.94999694824219,986.0,-20.599998474121094,-175.8000030517578,9.7249984741211,-3.75,organizing,organizing,50.92499923706055,983.0,2.9750022888183594,-3.0
2000067S15189,HR19SMONA,2000-03-08 21:00:00+00:00,2000-03-09 00:00:00+00:00,3.0,stormsense_dataset/images/2000067S15189_HR19SMONA/20000308T210000Z.png,GMS-5,50.92499923706055,983.0,-20.799999237060547,-175.8975067138672,2.97500228881836,-3.0,organizing,organizing,53.900001525878906,980.0,2.9750022888183594,-3.0
2000067S15189,HR19SMONA,2000-03-09 00:00:00+00:00,2000-03-09 03:00:00+00:00,3.0,stormsense_dataset/images/2000067S15189_HR19SMONA/20000309T000000Z.png,"GMS-5,GOES-10",53.900001525878906,980.0,-21.0,-175.95001220703125,2.97500228881836,-3.0,organizing,organizing,58.45000076293945,977.5,4.549999237060547,-2.5
2000067S15189,HR19SMONA,2000-03-09 03:00:00+00:00,2000-03-09 06:00:00+00:00,3.0,stormsense_dataset/images/2000067S15189_HR19SMONA/20000309T030000Z.png,"GMS-5,GOES-10",58.45000076293945,977.5,-21.238750457763672,-176.0050048828125,4.549999237060547,-2.5,organizing,organizing,63.0,975.0,4.549999237060547,-2.5
2000067S15189,HR19SMONA,2000-03-09 06:00:00+00:00,2000-03-09 09:00:00+00:00,3.0,stormsense_dataset/images/2000067S15189_HR19SMONA/20000309T060000Z.png,"GMS-5,GOES-10",63.0,975.0,-21.5,-176.0,4.549999237060547,-2.5,organizing,organizing,63.150001525878906,972.5,0.15000152587890625,-2.5
2000067S15189,HR19SMONA,2000-03-09 09:00:00+00:00,2000-03-09 12:00:00+00:00,3.0,stormsense_dataset/images/2000067S15189_HR19SMONA/20000309T090000Z.png,GMS-5,63.150001525878906,972.5,-21.771249771118164,-175.90499877929688,0.1500015258789062,-2.5,organizing,organizing,63.30000305175781,970.0,0.15000152587890625,-2.5
2000067S15189,HR19SMONA,2000-03-09 12:00:00+00:00,2000-03-09 15:00:00+00:00,3.0,stormsense_dataset/images/2000067S15189_HR19SMONA/20000309T120000Z.png,"GMS-5,GOES-10",63.30000305175781,970.0,-22.049999237060547,-175.75,0.1500015258789062,-2.5,organizing,mature,65.6500015258789,967.5,2.3499984741210938,-2.5
2000067S15189,HR19SMONA,2000-03-09 15:00:00+00:00,2000-03-09 18:00:00+00:00,3.0,stormsense_dataset/images/2000067S15189_HR19SMONA/20000309T150000Z.png,"GMS-5,GOES-10",65.6500015258789,967.5,-22.309999465942383,-175.60311889648438,2.3499984741210938,-2.5,mature,mature,68.0,965.0,2.3499984741210938,-2.5
2000067S15189,HR19SMONA,2000-03-09 18:00:00+00:00,2000-03-09 21:00:00+00:00,3.0,stormsense_dataset/images/2000067S15189_HR19SMONA/20000309T180000Z.png,"GMS-5,GOES-10",68.0,965.0,-22.600000381469727,-175.39999389648438,2.3499984741210938,-2.5,mature,mature,68.0,965.0,0.0,0.0
2000067S15189,HR19SMONA,2000-03-09 21:00:00+00:00,2000-03-10 00:00:00+00:00,3.0,stormsense_dataset/images/2000067S15189_HR19SMONA/20000309T210000Z.png,"GMS-5,GOES-10",68.0,965.0,-22.94499969482422,-175.171875,0.0,0.0,mature,mature,68.0,965.0,0.0,0.0
2000067S15189,HR19SMONA,2000-03-10 00:00:00+00:00,2000-03-10 03:00:00+00:00,3.0,stormsense_dataset/images/2000067S15189_HR19SMONA/20000310T000000Z.png,"GMS-5,GOES-10",68.0,965.0,-23.349998474121094,-174.77499389648438,0.0,0.0,mature,mature,70.3499984741211,962.5,2.3499984741210938,-2.5
2000067S15189,HR19SMONA,2000-03-10 03:00:00+00:00,2000-03-10 06:00:00+00:00,3.0,stormsense_dataset/images/2000067S15189_HR19SMONA/20000310T030000Z.png,"GMS-5,GOES-10",70.3499984741211,962.5,-23.78562355041504,-174.08438110351562,2.3499984741210938,-2.5,mature,mature,72.69999694824219,960.0,2.3499984741210938,-2.5
2000067S15189,HR19SMONA,2000-03-10 06:00:00+00:00,2000-03-10 09:00:00+00:00,3.0,stormsense_dataset/images/2000067S15189_HR19SMONA/20000310T060000Z.png,"GMS-5,GOES-10",72.69999694824219,960.0,-24.299999237060547,-173.3000030517578,2.3499984741210938,-2.5,mature,mature,72.69999694824219,960.0,0.0,0.0
2000067S15189,HR19SMONA,2000-03-10 09:00:00+00:00,2000-03-10 12:00:00+00:00,3.0,stormsense_dataset/images/2000067S15189_HR19SMONA/20000310T090000Z.png,GMS-5,72.69999694824219,960.0,-24.937231063842773,-172.56704711914062,0.0,0.0,mature,weakening,72.69999694824219,960.0,0.0,0.0
2000067S15189,HR19SMONA,2000-03-10 12:00:00+00:00,2000-03-10 15:00:00+00:00,3.0,stormsense_dataset/images/2000067S15189_HR19SMONA/20000310T120000Z.png,"GMS-5,GOES-10",72.69999694824219,960.0,-25.57499885559082,-172.04998779296875,0.0,0.0,weakening,weakening,64.375,962.5,-8.324996948242188,2.5
2000067S15189,HR19SMONA,2000-03-10 15:00:00+00:00,2000-03-10 18:00:00+00:00,3.0,stormsense_dataset/images/2000067S15189_HR19SMONA/20000310T150000Z.png,"GMS-5,GOES-10",64.375,962.5,-26.083415985107425,-171.92514038085938,-8.324996948242188,2.5,weakening,organizing,56.05000305175781,965.0,-8.324996948242188,2.5
2000067S15189,HR19SMONA,2000-03-10 18:00:00+00:00,2000-03-10 21:00:00+00:00,3.0,stormsense_dataset/images/2000067S15189_HR19SMONA/20000310T180000Z.png,"GMS-5,GOES-10",56.05000305175781,965.0,-26.5285701751709,-172.0142822265625,-8.324996948242188,2.5,organizing,organizing,55.125,970.0,-0.9250030517578125,5.0
2000067S15189,HR19SMONA,2000-03-10 21:00:00+00:00,2000-03-11 00:00:00+00:00,3.0,stormsense_dataset/images/2000067S15189_HR19SMONA/20000310T210000Z.png,"GMS-5,GOES-10",55.125,970.0,-26.942848205566406,-172.11048889160156,-0.9250030517578124,5.0,organizing,weakening,54.19999694824219,975.0,-0.9250030517578125,5.0
2000067S15189,HR19SMONA,2000-03-11 00:00:00+00:00,2000-03-11 03:00:00+00:00,3.0,stormsense_dataset/images/2000067S15189_HR19SMONA/20000311T000000Z.png,"GMS-5,GOES-10",54.19999694824219,975.0,-27.381818771362305,-172.19091796875,-0.9250030517578124,5.0,weakening,weakening,46.82499694824219,978.75,-7.375,3.75
2000067S15189,HR19SMONA,2000-03-11 03:00:00+00:00,2000-03-11 06:00:00+00:00,3.0,stormsense_dataset/images/2000067S15189_HR19SMONA/20000311T030000Z.png,"GMS-5,GOES-10",46.82499694824219,978.75,-27.929903030395508,-172.1524658203125,-7.375,3.75,weakening,developing,39.44999694824219,982.5,-7.375,3.75
2000067S15189,HR19SMONA,2000-03-11 06:00:00+00:00,2000-03-11 09:00:00+00:00,3.0,stormsense_dataset/images/2000067S15189_HR19SMONA/20000311T060000Z.png,"GMS-5,GOES-10",39.44999694824219,982.5,-28.5,-172.0500030517578,-7.375,3.75,developing,developing,40.97499847412109,986.25,1.5250015258788991,3.75
2000067S15189,HR19SMONA,2000-03-11 09:00:00+00:00,2000-03-11 12:00:00+00:00,3.0,stormsense_dataset/images/2000067S15189_HR19SMONA/20000311T090000Z.png,GMS-5,40.97499847412109,986.25,-28.96386337280273,-171.9144287109375,1.5250015258788991,3.75,developing,developing,42.5,990.0,1.5250015258789134,3.75
2000067S15189,HR19SMONA,2000-03-11 12:00:00+00:00,2000-03-11 15:00:00+00:00,3.0,stormsense_dataset/images/2000067S15189_HR19SMONA/20000311T120000Z.png,"GMS-5,GOES-10",42.5,990.0,-29.5,-171.8000030517578,1.5250015258789134,3.75,developing,developing,41.25,990.0,-1.25,0.0
2000067S15189,HR19SMONA,2000-03-11 15:00:00+00:00,2000-03-11 18:00:00+00:00,3.0,stormsense_dataset/images/2000067S15189_HR19SMONA/20000311T150000Z.png,"GMS-5,GOES-10",41.25,990.0,-30.225000381469727,-171.81124877929688,-1.25,0.0,developing,developing,40.0,990.0,-1.25,0.0
2000067S15189,HR19SMONA,2000-03-11 18:00:00+00:00,2000-03-11 21:00:00+00:00,3.0,stormsense_dataset/images/2000067S15189_HR19SMONA/20000311T180000Z.png,"GMS-5,GOES-10",40.0,990.0,-31.100000381469727,-171.8000030517578,-1.25,0.0,developing,developing,40.0,990.0,0.0,0.0
2000067S15189,HR19SMONA,2000-03-11 21:00:00+00:00,2000-03-12 00:00:00+00:00,3.0,stormsense_dataset/images/2000067S15189_HR19SMONA/20000311T210000Z.png,"GMS-5,GOES-10",40.0,990.0,-32.099998474121094,-171.61500549316406,0.0,0.0,developing,developing,40.0,990.0,0.0,0.0
2000067S15189,HR19SMONA,2000-03-12 00:00:00+00:00,2000-03-12 03:00:00+00:00,3.0,stormsense_dataset/images/2000067S15189_HR19SMONA/20000312T000000Z.png,"GMS-5,GOES-10",40.0,990.0,-33.099998474121094,-171.39999389648438,0.0,0.0,developing,developing,40.0,990.0,0.0,0.0
2000067S15189,HR19SMONA,2000-03-12 03:00:00+00:00,2000-03-12 06:00:00+00:00,3.0,stormsense_dataset/images/2000067S15189_HR19SMONA/20000312T030000Z.png,"GMS-5,GOES-10",40.0,990.0,-33.877498626708984,-171.2849884033203,0.0,0.0,developing,developing,40.0,990.0,0.0,0.0
2000067S15189,HR19SMONA,2000-03-12 06:00:00+00:00,2000-03-12 09:00:00+00:00,3.0,stormsense_dataset/images/2000067S15189_HR19SMONA/20000312T060000Z.png,"GMS-5,GOES-10",40.0,990.0,-34.70000076293945,-171.1999969482422,0.0,0.0,developing,developing,40.0,990.0,0.0,0.0
2000067S15189,HR19SMONA,2000-03-12 09:00:00+00:00,2000-03-12 12:00:00+00:00,3.0,stormsense_dataset/images/2000067S15189_HR19SMONA/20000312T090000Z.png,GMS-5,40.0,990.0,-35.76000213623047,-171.19749450683594,0.0,0.0,developing,developing,40.0,990.0,0.0,0.0
2000067S15189,HR19SMONA,2000-03-12 12:00:00+00:00,2000-03-12 15:00:00+00:00,3.0,stormsense_dataset/images/2000067S15189_HR19SMONA/20000312T120000Z.png,"GMS-5,GOES-10",40.0,990.0,-37.0,-171.0,0.0,0.0,developing,developing,40.0,990.0,0.0,0.0
2000067S15189,HR19SMONA,2000-03-12 15:00:00+00:00,2000-03-12 18:00:00+00:00,3.0,stormsense_dataset/images/2000067S15189_HR19SMONA/20000312T150000Z.png,"GMS-5,GOES-10",40.0,990.0,-38.45249938964844,-170.46749877929688,0.0,0.0,developing,developing,40.0,990.0,0.0,0.0
2000067S15189,HR19SMONA,2000-03-12 18:00:00+00:00,2000-03-12 21:00:00+00:00,3.0,stormsense_dataset/images/2000067S15189_HR19SMONA/20000312T180000Z.png,"GMS-5,GOES-10",40.0,990.0,-39.79999923706055,-169.5,0.0,0.0,developing,developing,40.0,990.0,0.0,0.0
2000067S15189,HR19SMONA,2000-03-12 21:00:00+00:00,2000-03-13 00:00:00+00:00,3.0,stormsense_dataset/images/2000067S15189_HR19SMONA/20000312T210000Z.png,"GMS-5,GOES-10",40.0,990.0,-40.682498931884766,-168.30999755859375,0.0,0.0,developing,weakening,40.0,990.0,0.0,0.0
2000067S15189,HR19SMONA,2000-03-13 00:00:00+00:00,2000-03-13 03:00:00+00:00,3.0,stormsense_dataset/images/2000067S15189_HR19SMONA/20000313T000000Z.png,"GMS-5,GOES-10",40.0,990.0,-41.400001525878906,-166.39999389648438,0.0,0.0,weakening,developing,35.0,992.5,-5.0,2.5
2000067S15189,HR19SMONA,2000-03-13 03:00:00+00:00,2000-03-13 06:00:00+00:00,3.0,stormsense_dataset/images/2000067S15189_HR19SMONA/20000313T030000Z.png,"GMS-5,GOES-10",35.0,992.5,-42.182498931884766,-163.53500366210938,-5.0,2.5,developing,developing,30.0,995.0,-5.0,2.5
2000067S15189,HR19SMONA,2000-03-13 06:00:00+00:00,2000-03-13 12:00:00+00:00,6.0,stormsense_dataset/images/2000067S15189_HR19SMONA/20000313T060000Z.png,"GMS-5,GOES-10",30.0,995.0,-43.09999847412109,-160.10000610351562,-5.0,2.5,developing,developing,30.0,988.0,0.0,-7.0
2000067S15189,HR19SMONA,2000-03-13 12:00:00+00:00,2000-03-13 15:00:00+00:00,3.0,stormsense_dataset/images/2000067S15189_HR19SMONA/20000313T120000Z.png,GOES-10,30.0,988.0,-45.59999465942383,-153.1999969482422,0.0,-7.0,developing,developing,30.0,987.5,0.0,-0.5
2000067S15189,HR19SMONA,2000-03-13 15:00:00+00:00,2000-03-13 18:00:00+00:00,3.0,stormsense_dataset/images/2000067S15189_HR19SMONA/20000313T150000Z.png,GOES-10,30.0,987.5,-46.76249694824219,-150.14999389648438,0.0,-0.5,developing,developing,30.0,987.0,0.0,-0.5
2000075S17119,OLGA,2000-03-14 18:00:00+00:00,2000-03-14 21:00:00+00:00,3.0,stormsense_dataset/images/2000075S17119_OLGA/20000314T180000Z.png,"GMS-5,Meteosat-5",22.0,,-17.100000381469727,118.60000610351562,,,developing,developing,22.0,,0.0,
2000075S17119,OLGA,2000-03-14 21:00:00+00:00,2000-03-15 00:00:00+00:00,3.0,stormsense_dataset/images/2000075S17119_OLGA/20000314T210000Z.png,GMS-5,22.0,,-17.170549392700195,118.26181030273438,0.0,,developing,developing,22.0,,0.0,
2000075S17119,OLGA,2000-03-15 00:00:00+00:00,2000-03-15 03:00:00+00:00,3.0,stormsense_dataset/images/2000075S17119_OLGA/20000315T000000Z.png,"GMS-5,Meteosat-5",22.0,,-17.200000762939453,117.89999389648438,0.0,,developing,developing,22.83333206176757,,0.833332061767571,
2000075S17119,OLGA,2000-03-15 03:00:00+00:00,2000-03-15 06:00:00+00:00,3.0,stormsense_dataset/images/2000075S17119_OLGA/20000315T030000Z.png,"GMS-5,Meteosat-5",22.83333206176757,,-17.157480239868164,117.491943359375,0.833332061767571,,developing,developing,23.66666603088379,1000.0,0.833333969116218,
2000075S17119,OLGA,2000-03-15 06:00:00+00:00,2000-03-15 09:00:00+00:00,3.0,stormsense_dataset/images/2000075S17119_OLGA/20000315T060000Z.png,"GMS-5,Meteosat-5",23.66666603088379,1000.0,-17.052997589111328,117.01904296875,0.833333969116218,,developing,developing,23.66666603088379,1000.0,0.0,0.0
2000075S17119,OLGA,2000-03-15 09:00:00+00:00,2000-03-15 12:00:00+00:00,3.0,stormsense_dataset/images/2000075S17119_OLGA/20000315T090000Z.png,"GMS-5,Meteosat-5",23.66666603088379,1000.0,-16.901016235351562,116.42465209960938,0.0,0.0,developing,developing,23.66666603088379,1000.0,0.0,0.0
2000075S17119,OLGA,2000-03-15 12:00:00+00:00,2000-03-15 15:00:00+00:00,3.0,stormsense_dataset/images/2000075S17119_OLGA/20000315T120000Z.png,"GMS-5,Meteosat-5",23.66666603088379,1000.0,-16.73992347717285,115.88665771484376,0.0,0.0,developing,developing,25.13333320617676,1000.0,1.4666671752929723,0.0
2000075S17119,OLGA,2000-03-15 15:00:00+00:00,2000-03-15 18:00:00+00:00,3.0,stormsense_dataset/images/2000075S17119_OLGA/20000315T150000Z.png,"GMS-5,Meteosat-5",25.13333320617676,1000.0,-16.618274688720703,115.58212280273438,1.4666671752929723,0.0,developing,developing,26.600000381469727,1000.0,1.4666671752929652,0.0
2000075S17119,OLGA,2000-03-15 18:00:00+00:00,2000-03-15 21:00:00+00:00,3.0,stormsense_dataset/images/2000075S17119_OLGA/20000315T180000Z.png,"GMS-5,Meteosat-5",26.600000381469727,1000.0,-16.532180786132812,115.3818359375,1.4666671752929652,0.0,developing,developing,26.600000381469727,1000.0,0.0,0.0
2000075S17119,OLGA,2000-03-15 21:00:00+00:00,2000-03-16 00:00:00+00:00,3.0,stormsense_dataset/images/2000075S17119_OLGA/20000315T210000Z.png,GMS-5,26.600000381469727,1000.0,-16.477998733520508,115.16278076171876,0.0,0.0,developing,developing,26.600000381469727,1000.0,0.0,0.0
2000075S17119,OLGA,2000-03-16 00:00:00+00:00,2000-03-16 03:00:00+00:00,3.0,stormsense_dataset/images/2000075S17119_OLGA/20000316T000000Z.png,"GMS-5,Meteosat-5",26.600000381469727,1000.0,-16.456140518188477,114.9444580078125,0.0,0.0,developing,developing,26.600000381469727,1000.0,0.0,0.0
2000075S17119,OLGA,2000-03-16 03:00:00+00:00,2000-03-16 06:00:00+00:00,3.0,stormsense_dataset/images/2000075S17119_OLGA/20000316T030000Z.png,"GMS-5,Meteosat-5",26.600000381469727,1000.0,-16.446598052978516,114.69900512695312,0.0,0.0,developing,developing,26.600000381469727,1000.0,0.0,0.0
2000075S17119,OLGA,2000-03-16 06:00:00+00:00,2000-03-16 09:00:00+00:00,3.0,stormsense_dataset/images/2000075S17119_OLGA/20000316T060000Z.png,"GMS-5,Meteosat-5",26.600000381469727,1000.0,-16.46388053894043,114.4444580078125,0.0,0.0,developing,organizing,27.933334350585938,997.5,1.333333969116211,-2.5
2000075S17119,OLGA,2000-03-16 09:00:00+00:00,2000-03-16 12:00:00+00:00,3.0,stormsense_dataset/images/2000075S17119_OLGA/20000316T090000Z.png,"GMS-5,Meteosat-5",27.933334350585938,997.5,-16.503355026245117,114.19125366210938,1.333333969116211,-2.5,organizing,organizing,29.26666831970215,995.0,1.333333969116211,-2.5
2000075S17119,OLGA,2000-03-16 12:00:00+00:00,2000-03-16 15:00:00+00:00,3.0,stormsense_dataset/images/2000075S17119_OLGA/20000316T120000Z.png,"GMS-5,Meteosat-5",29.26666831970215,995.0,-16.566667556762695,113.94625854492188,1.333333969116211,-2.5,organizing,organizing,29.26666831970215,995.0,0.0,0.0
2000075S17119,OLGA,2000-03-16 15:00:00+00:00,2000-03-16 18:00:00+00:00,3.0,stormsense_dataset/images/2000075S17119_OLGA/20000316T150000Z.png,"GMS-5,Meteosat-5",29.26666831970215,995.0,-16.640209197998047,113.72006225585938,0.0,0.0,organizing,organizing,29.26666831970215,995.0,0.0,0.0
2000075S17119,OLGA,2000-03-16 18:00:00+00:00,2000-03-16 21:00:00+00:00,3.0,stormsense_dataset/images/2000075S17119_OLGA/20000316T180000Z.png,"GMS-5,Meteosat-5",29.26666831970215,995.0,-16.73333168029785,113.50082397460938,0.0,0.0,organizing,organizing,29.26666831970215,995.0,0.0,0.0
2000075S17119,OLGA,2000-03-16 21:00:00+00:00,2000-03-17 00:00:00+00:00,3.0,stormsense_dataset/images/2000075S17119_OLGA/20000316T210000Z.png,GMS-5,29.26666831970215,995.0,-16.839998245239258,113.28677368164062,0.0,0.0,organizing,organizing,29.26666831970215,995.0,0.0,0.0
2000075S17119,OLGA,2000-03-17 00:00:00+00:00,2000-03-17 03:00:00+00:00,3.0,stormsense_dataset/images/2000075S17119_OLGA/20000317T000000Z.png,"GMS-5,Meteosat-5",29.26666831970215,995.0,-16.966665267944336,113.04904174804688,0.0,0.0,organizing,organizing,30.733333587646484,995.0,1.466665267944336,0.0
2000075S17119,OLGA,2000-03-17 03:00:00+00:00,2000-03-17 06:00:00+00:00,3.0,stormsense_dataset/images/2000075S17119_OLGA/20000317T030000Z.png,"GMS-5,Meteosat-5",30.733333587646484,995.0,-17.106666564941406,112.78781127929688,1.466665267944336,0.0,organizing,organizing,32.20000076293945,995.0,1.4666671752929688,0.0
2000075S17119,OLGA,2000-03-17 06:00:00+00:00,2000-03-17 09:00:00+00:00,3.0,stormsense_dataset/images/2000075S17119_OLGA/20000317T060000Z.png,"GMS-5,Meteosat-5",32.20000076293945,995.0,-17.26666831970215,112.4456787109375,1.4666671752929688,0.0,organizing,organizing,32.20000076293945,995.0,0.0,0.0
2000075S17119,OLGA,2000-03-17 09:00:00+00:00,2000-03-17 12:00:00+00:00,3.0,stormsense_dataset/images/2000075S17119_OLGA/20000317T090000Z.png,"GMS-5,Meteosat-5",32.20000076293945,995.0,-17.450136184692383,111.9683837890625,0.0,0.0,organizing,organizing,32.20000076293945,995.0,0.0,0.0
2000075S17119,OLGA,2000-03-17 12:00:00+00:00,2000-03-17 15:00:00+00:00,3.0,stormsense_dataset/images/2000075S17119_OLGA/20000317T120000Z.png,"GMS-5,Meteosat-5",32.20000076293945,995.0,-17.633333206176758,111.45455932617188,0.0,0.0,organizing,organizing,36.133331298828125,992.5,3.933330535888672,-2.5
2000075S17119,OLGA,2000-03-17 15:00:00+00:00,2000-03-17 18:00:00+00:00,3.0,stormsense_dataset/images/2000075S17119_OLGA/20000317T150000Z.png,"GMS-5,Meteosat-5",36.133331298828125,992.5,-17.776927947998047,111.01702880859376,3.933330535888672,-2.5,organizing,organizing,40.06666564941406,990.0,3.9333343505859375,-2.5
2000075S17119,OLGA,2000-03-17 18:00:00+00:00,2000-03-17 21:00:00+00:00,3.0,stormsense_dataset/images/2000075S17119_OLGA/20000317T180000Z.png,"GMS-5,Meteosat-5",40.06666564941406,990.0,-17.931522369384766,110.607666015625,3.9333343505859375,-2.5,organizing,mature,41.400001525878906,987.5,1.3333358764648438,-2.5
2000075S17119,OLGA,2000-03-17 21:00:00+00:00,2000-03-18 00:00:00+00:00,3.0,stormsense_dataset/images/2000075S17119_OLGA/20000317T210000Z.png,GMS-5,41.400001525878906,987.5,-18.122146606445312,110.2103271484375,1.3333358764648438,-2.5,mature,mature,42.73333358764648,985.0,1.333332061767571,-2.5
2000075S17119,OLGA,2000-03-18 00:00:00+00:00,2000-03-18 03:00:00+00:00,3.0,stormsense_dataset/images/2000075S17119_OLGA/20000318T000000Z.png,"GMS-5,Meteosat-5",42.73333358764648,985.0,-18.371522903442383,109.804443359375,1.333332061767571,-2.5,mature,mature,44.20000076293945,985.0,1.4666671752929759,0.0
2000075S17119,OLGA,2000-03-18 03:00:00+00:00,2000-03-18 06:00:00+00:00,3.0,stormsense_dataset/images/2000075S17119_OLGA/20000318T030000Z.png,"GMS-5,Meteosat-5",44.20000076293945,985.0,-18.68933868408203,109.3665771484375,1.466667175292976,0.0,mature,mature,45.66666793823242,985.0,1.4666671752929688,0.0
2000075S17119,OLGA,2000-03-18 06:00:00+00:00,2000-03-18 09:00:00+00:00,3.0,stormsense_dataset/images/2000075S17119_OLGA/20000318T060000Z.png,"GMS-5,Meteosat-5",45.66666793823242,985.0,-19.061399459838867,108.90057373046876,1.4666671752929688,0.0,mature,mature,44.20000076293945,985.0,-1.4666671752929688,0.0
2000075S17119,OLGA,2000-03-18 09:00:00+00:00,2000-03-18 12:00:00+00:00,3.0,stormsense_dataset/images/2000075S17119_OLGA/20000318T090000Z.png,"GMS-5,Meteosat-5",44.20000076293945,985.0,-19.46241950988769,108.41030883789062,-1.4666671752929688,0.0,mature,mature,42.73333358764648,985.0,-1.4666671752929759,0.0
2000075S17119,OLGA,2000-03-18 12:00:00+00:00,2000-03-18 15:00:00+00:00,3.0,stormsense_dataset/images/2000075S17119_OLGA/20000318T120000Z.png,"GMS-5,Meteosat-5",42.73333358764648,985.0,-19.86304473876953,107.9095458984375,-1.466667175292976,0.0,mature,organizing,38.46666717529297,987.5,-4.2666664123535085,2.5
2000075S17119,OLGA,2000-03-18 15:00:00+00:00,2000-03-18 18:00:00+00:00,3.0,stormsense_dataset/images/2000075S17119_OLGA/20000318T150000Z.png,"GMS-5,Meteosat-5",38.46666717529297,987.5,-20.226938247680664,107.43386840820312,-4.2666664123535085,2.5,organizing,organizing,34.20000076293945,990.0,-4.266666412353516,2.5
2000075S17119,OLGA,2000-03-18 18:00:00+00:00,2000-03-18 21:00:00+00:00,3.0,stormsense_dataset/images/2000075S17119_OLGA/20000318T180000Z.png,"GMS-5,Meteosat-5",34.20000076293945,990.0,-20.55028915405273,106.935791015625,-4.266666412353516,2.5,organizing,organizing,33.20000076293945,992.5,-1.0,2.5
2000075S17119,OLGA,2000-03-18 21:00:00+00:00,2000-03-19 00:00:00+00:00,3.0,stormsense_dataset/images/2000075S17119_OLGA/20000318T210000Z.png,GMS-5,33.20000076293945,992.5,-20.79844093322754,106.34188842773438,-1.0,2.5,organizing,organizing,32.20000076293945,995.0,-1.0,2.5
2000075S17119,OLGA,2000-03-19 00:00:00+00:00,2000-03-19 03:00:00+00:00,3.0,stormsense_dataset/images/2000075S17119_OLGA/20000319T000000Z.png,"GMS-5,Meteosat-5",32.20000076293945,995.0,-21.08164405822754,105.79547119140624,-1.0,2.5,organizing,organizing,30.733333587646484,995.0,-1.4666671752929688,0.0
2000075S17119,OLGA,2000-03-19 03:00:00+00:00,2000-03-19 06:00:00+00:00,3.0,stormsense_dataset/images/2000075S17119_OLGA/20000319T030000Z.png,"GMS-5,Meteosat-5",30.733333587646484,995.0,-21.502168655395508,105.43365478515624,-1.4666671752929688,0.0,organizing,organizing,29.26666831970215,995.0,-1.466665267944336,0.0
2000075S17119,OLGA,2000-03-19 06:00:00+00:00,2000-03-19 09:00:00+00:00,3.0,stormsense_dataset/images/2000075S17119_OLGA/20000319T060000Z.png,"GMS-5,Meteosat-5",29.26666831970215,995.0,-22.00256729125977,105.13845825195312,-1.466665267944336,0.0,organizing,organizing,27.80000114440918,995.0,-1.4666671752929688,0.0
2000075S17119,OLGA,2000-03-19 09:00:00+00:00,2000-03-19 12:00:00+00:00,3.0,stormsense_dataset/images/2000075S17119_OLGA/20000319T090000Z.png,"GMS-5,Meteosat-5",27.80000114440918,995.0,-22.55707740783692,104.784423828125,-1.4666671752929688,0.0,organizing,developing,26.33333396911621,995.0,-1.4666671752929688,0.0
2000075S17119,OLGA,2000-03-19 12:00:00+00:00,2000-03-19 15:00:00+00:00,3.0,stormsense_dataset/images/2000075S17119_OLGA/20000319T120000Z.png,"GMS-5,Meteosat-5",26.33333396911621,995.0,-23.06641960144043,104.44210815429688,-1.4666671752929688,0.0,developing,developing,25.0,997.5,-1.333333969116211,2.5
2000075S17119,OLGA,2000-03-19 15:00:00+00:00,2000-03-19 18:00:00+00:00,3.0,stormsense_dataset/images/2000075S17119_OLGA/20000319T150000Z.png,"GMS-5,Meteosat-5",25.0,997.5,-23.45368766784668,104.15945434570312,-1.333333969116211,2.5,developing,developing,23.66666603088379,1000.0,-1.333333969116211,2.5
2000075S17119,OLGA,2000-03-19 18:00:00+00:00,2000-03-19 21:00:00+00:00,3.0,stormsense_dataset/images/2000075S17119_OLGA/20000319T180000Z.png,"GMS-5,Meteosat-5",23.66666603088379,1000.0,-23.686222076416016,103.86325073242188,-1.333333969116211,2.5,developing,developing,25.33333206176757,1000.0,1.666666030883782,0.0
2000075S17119,OLGA,2000-03-19 21:00:00+00:00,2000-03-20 00:00:00+00:00,3.0,stormsense_dataset/images/2000075S17119_OLGA/20000319T210000Z.png,GMS-5,25.33333206176757,1000.0,-23.716856002807617,103.48031616210938,1.666666030883782,0.0,developing,developing,27.0,1000.0,1.666667938232429,0.0
2000075S17119,OLGA,2000-03-20 00:00:00+00:00,2000-03-20 03:00:00+00:00,3.0,stormsense_dataset/images/2000075S17119_OLGA/20000320T000000Z.png,"GMS-5,Meteosat-5",27.0,1000.0,-23.71851921081543,103.0765380859375,1.666667938232429,0.0,developing,developing,27.0,1000.0,0.0,0.0
2000083S17102,HUDAH,2000-03-22 18:00:00+00:00,2000-03-22 21:00:00+00:00,3.0,stormsense_dataset/images/2000083S17102_HUDAH/20000322T180000Z.png,"GMS-5,Meteosat-5",17.600000381469727,,-16.700000762939453,101.89999389648438,,,developing,developing,17.600000381469727,,0.0,
2000083S17102,HUDAH,2000-03-22 21:00:00+00:00,2000-03-23 00:00:00+00:00,3.0,stormsense_dataset/images/2000083S17102_HUDAH/20000322T210000Z.png,"GMS-5,Meteosat-5",17.600000381469727,,-16.672500610351562,101.32501220703124,0.0,,developing,developing,17.600000381469727,,0.0,
2000083S17102,HUDAH,2000-03-23 00:00:00+00:00,2000-03-23 03:00:00+00:00,3.0,stormsense_dataset/images/2000083S17102_HUDAH/20000323T000000Z.png,"GMS-5,Meteosat-5",17.600000381469727,,-16.600000381469727,100.70001220703124,0.0,,developing,developing,17.600000381469727,,0.0,
2000083S17102,HUDAH,2000-03-23 03:00:00+00:00,2000-03-23 06:00:00+00:00,3.0,stormsense_dataset/images/2000083S17102_HUDAH/20000323T030000Z.png,"GMS-5,Meteosat-5",17.600000381469727,,-16.457500457763672,100.0,0.0,,developing,developing,17.600000381469727,,0.0,
2000083S17102,HUDAH,2000-03-23 06:00:00+00:00,2000-03-23 09:00:00+00:00,3.0,stormsense_dataset/images/2000083S17102_HUDAH/20000323T060000Z.png,"GMS-5,Meteosat-5",17.600000381469727,,-16.299999237060547,99.30001831054688,0.0,,developing,developing,17.600000381469727,,0.0,
2000083S17102,HUDAH,2000-03-23 09:00:00+00:00,2000-03-23 12:00:00+00:00,3.0,stormsense_dataset/images/2000083S17102_HUDAH/20000323T090000Z.png,"GMS-5,Meteosat-5",17.600000381469727,,-16.1924991607666,98.6925048828125,0.0,,developing,developing,17.600000381469727,,0.0,
2000083S17102,HUDAH,2000-03-23 12:00:00+00:00,2000-03-23 15:00:00+00:00,3.0,stormsense_dataset/images/2000083S17102_HUDAH/20000323T120000Z.png,"GMS-5,Meteosat-5",17.600000381469727,,-16.100000381469727,98.10000610351562,0.0,,developing,developing,19.799999237060547,,2.1999988555908203,
2000083S17102,HUDAH,2000-03-23 15:00:00+00:00,2000-03-23 18:00:00+00:00,3.0,stormsense_dataset/images/2000083S17102_HUDAH/20000323T150000Z.png,"GMS-5,Meteosat-5",19.799999237060547,,-16.00225067138672,97.46725463867188,2.1999988555908203,,developing,developing,22.0,,2.200000762939453,
2000083S17102,HUDAH,2000-03-23 18:00:00+00:00,2000-03-23 21:00:00+00:00,3.0,stormsense_dataset/images/2000083S17102_HUDAH/20000323T180000Z.png,"GMS-5,Meteosat-5",22.0,,-15.899999618530272,96.79998779296876,2.200000762939453,,developing,developing,23.375,,1.375,
2000083S17102,HUDAH,2000-03-23 21:00:00+00:00,2000-03-24 00:00:00+00:00,3.0,stormsense_dataset/images/2000083S17102_HUDAH/20000323T210000Z.png,"GMS-5,Meteosat-5",23.375,,-15.795249938964844,96.08526611328124,1.375,,developing,developing,24.75,1000.0,1.375,
2000083S17102,HUDAH,2000-03-24 00:00:00+00:00,2000-03-24 03:00:00+00:00,3.0,stormsense_dataset/images/2000083S17102_HUDAH/20000324T000000Z.png,"GMS-5,Meteosat-5",24.75,1000.0,-15.670000076293944,95.3699951171875,1.375,,developing,developing,26.0,1000.0,1.25,0.0
2000083S17102,HUDAH,2000-03-24 03:00:00+00:00,2000-03-24 06:00:00+00:00,3.0,stormsense_dataset/images/2000083S17102_HUDAH/20000324T030000Z.png,"GMS-5,Meteosat-5",26.0,1000.0,-15.486916542053224,94.697509765625,1.25,0.0,developing,developing,27.25,1000.0,1.25,0.0
2000083S17102,HUDAH,2000-03-24 06:00:00+00:00,2000-03-24 09:00:00+00:00,3.0,stormsense_dataset/images/2000083S17102_HUDAH/20000324T060000Z.png,"GMS-5,Meteosat-5",27.25,1000.0,-15.333333015441896,94.06668090820312,1.25,0.0,developing,developing,28.350000381469727,999.5,1.1000003814697266,-0.5
2000083S17102,HUDAH,2000-03-24 09:00:00+00:00,2000-03-24 12:00:00+00:00,3.0,stormsense_dataset/images/2000083S17102_HUDAH/20000324T090000Z.png,"GMS-5,Meteosat-5",28.350000381469727,999.5,-15.295166969299316,93.487548828125,1.1000003814697266,-0.5,developing,developing,29.450000762939453,999.0,1.1000003814697266,-0.5
2000083S17102,HUDAH,2000-03-24 12:00:00+00:00,2000-03-24 15:00:00+00:00,3.0,stormsense_dataset/images/2000083S17102_HUDAH/20000324T120000Z.png,"GMS-5,Meteosat-5",29.450000762939453,999.0,-15.300000190734863,92.914306640625,1.1000003814697266,-0.5,developing,developing,31.80000114440918,998.0,2.3500003814697266,-1.0
2000083S17102,HUDAH,2000-03-24 15:00:00+00:00,2000-03-24 18:00:00+00:00,3.0,stormsense_dataset/images/2000083S17102_HUDAH/20000324T150000Z.png,"GMS-5,Meteosat-5",31.80000114440918,998.0,-15.276249885559082,92.28759765625,2.3500003814697266,-1.0,developing,developing,34.150001525878906,997.0,2.3500003814697266,-1.0
2000083S17102,HUDAH,2000-03-24 18:00:00+00:00,2000-03-24 21:00:00+00:00,3.0,stormsense_dataset/images/2000083S17102_HUDAH/20000324T180000Z.png,"GMS-5,Meteosat-5",34.150001525878906,997.0,-15.25,91.64999389648438,2.3500003814697266,-1.0,developing,developing,35.400001525878906,995.5,1.25,-1.5
2000083S17102,HUDAH,2000-03-24 21:00:00+00:00,2000-03-25 00:00:00+00:00,3.0,stormsense_dataset/images/2000083S17102_HUDAH/20000324T210000Z.png,"GMS-5,Meteosat-5",35.400001525878906,995.5,-15.213749885559082,91.0233154296875,1.25,-1.5,developing,developing,36.650001525878906,994.0,1.25,-1.5
2000083S17102,HUDAH,2000-03-25 00:00:00+00:00,2000-03-25 03:00:00+00:00,3.0,stormsense_dataset/images/2000083S17102_HUDAH/20000325T000000Z.png,"GMS-5,Meteosat-5",36.650001525878906,994.0,-15.199999809265137,90.42498779296876,1.25,-1.5,developing,developing,41.125,992.0,4.474998474121094,-2.0
2000083S17102,HUDAH,2000-03-25 03:00:00+00:00,2000-03-25 06:00:00+00:00,3.0,stormsense_dataset/images/2000083S17102_HUDAH/20000325T030000Z.png,"GMS-5,Meteosat-5",41.125,992.0,-15.24625015258789,89.8743896484375,4.474998474121094,-2.0,developing,developing,45.60000228881836,990.0,4.475002288818359,-2.0
2000083S17102,HUDAH,2000-03-25 06:00:00+00:00,2000-03-25 09:00:00+00:00,3.0,stormsense_dataset/images/2000083S17102_HUDAH/20000325T060000Z.png,"GMS-5,Meteosat-5",45.60000228881836,990.0,-15.300000190734863,89.35000610351562,4.475002288818359,-2.0,developing,developing,52.16666793823242,985.0,6.5666656494140625,-5.0
2000083S17102,HUDAH,2000-03-25 09:00:00+00:00,2000-03-25 12:00:00+00:00,3.0,stormsense_dataset/images/2000083S17102_HUDAH/20000325T090000Z.png,"GMS-5,Meteosat-5",52.16666793823242,985.0,-15.318750381469728,88.81561279296875,6.566665649414063,-5.0,developing,developing,58.73333358764648,980.0,6.566665649414055,-5.0
2000083S17102,HUDAH,2000-03-25 12:00:00+00:00,2000-03-25 15:00:00+00:00,3.0,stormsense_dataset/images/2000083S17102_HUDAH/20000325T120000Z.png,"GMS-5,Meteosat-5",58.73333358764648,980.0,-15.300000190734863,88.29998779296875,6.566665649414055,-5.0,developing,developing,57.59999847412109,979.0,-1.1333351135253906,-1.0
2000083S17102,HUDAH,2000-03-25 15:00:00+00:00,2000-03-25 18:00:00+00:00,3.0,stormsense_dataset/images/2000083S17102_HUDAH/20000325T150000Z.png,"GMS-5,Meteosat-5",57.59999847412109,979.0,-15.232500076293944,87.8175048828125,-1.1333351135253906,-1.0,developing,developing,56.4666633605957,978.0,-1.1333351135253835,-1.0
2000083S17102,HUDAH,2000-03-25 18:00:00+00:00,2000-03-25 21:00:00+00:00,3.0,stormsense_dataset/images/2000083S17102_HUDAH/20000325T180000Z.png,"GMS-5,Meteosat-5",56.4666633605957,978.0,-15.149999618530272,87.35000610351562,-1.1333351135253835,-1.0,developing,developing,56.4666633605957,978.0,0.0,0.0
2000083S17102,HUDAH,2000-03-25 21:00:00+00:00,2000-03-26 00:00:00+00:00,3.0,stormsense_dataset/images/2000083S17102_HUDAH/20000325T210000Z.png,"GMS-5,Meteosat-5",56.4666633605957,978.0,-15.100000381469728,86.88623046875,0.0,0.0,developing,developing,56.4666633605957,978.0,0.0,0.0
2000083S17102,HUDAH,2000-03-26 00:00:00+00:00,2000-03-26 03:00:00+00:00,3.0,stormsense_dataset/images/2000083S17102_HUDAH/20000326T000000Z.png,"GMS-5,Meteosat-5",56.4666633605957,978.0,-15.050000190734863,86.39999389648438,0.0,0.0,developing,developing,56.4666633605957,978.0,0.0,0.0
2000083S17102,HUDAH,2000-03-26 03:00:00+00:00,2000-03-26 06:00:00+00:00,3.0,stormsense_dataset/images/2000083S17102_HUDAH/20000326T030000Z.png,"GMS-5,Meteosat-5",56.4666633605957,978.0,-14.982500076293944,85.853759765625,0.0,0.0,developing,developing,56.4666633605957,978.0,0.0,0.0
2000083S17102,HUDAH,2000-03-26 06:00:00+00:00,2000-03-26 09:00:00+00:00,3.0,stormsense_dataset/images/2000083S17102_HUDAH/20000326T060000Z.png,"GMS-5,Meteosat-5",56.4666633605957,978.0,-14.899999618530272,85.29998779296875,0.0,0.0,developing,developing,56.79999542236328,977.0,0.3333320617675781,-1.0
2000083S17102,HUDAH,2000-03-26 09:00:00+00:00,2000-03-26 12:00:00+00:00,3.0,stormsense_dataset/images/2000083S17102_HUDAH/20000326T090000Z.png,"GMS-5,Meteosat-5",56.79999542236328,977.0,-14.792499542236328,84.77749633789062,0.3333320617675781,-1.0,developing,developing,57.133331298828125,976.0,0.33333587646484375,-1.0
2000083S17102,HUDAH,2000-03-26 12:00:00+00:00,2000-03-26 15:00:00+00:00,3.0,stormsense_dataset/images/2000083S17102_HUDAH/20000326T120000Z.png,"GMS-5,Meteosat-5",57.133331298828125,976.0,-14.699999809265137,84.29998779296875,0.3333358764648437,-1.0,developing,developing,57.633331298828125,975.0,0.5,-1.0
2000083S17102,HUDAH,2000-03-26 15:00:00+00:00,2000-03-26 18:00:00+00:00,3.0,stormsense_dataset/images/2000083S17102_HUDAH/20000326T150000Z.png,"GMS-5,Meteosat-5",57.633331298828125,975.0,-14.66374969482422,83.89251708984375,0.5,-1.0,developing,developing,58.133331298828125,974.0,0.5,-1.0
2000083S17102,HUDAH,2000-03-26 18:00:00+00:00,2000-03-26 21:00:00+00:00,3.0,stormsense_dataset/images/2000083S17102_HUDAH/20000326T180000Z.png,"GMS-5,Meteosat-5",58.133331298828125,974.0,-14.649999618530272,83.5,0.5,-1.0,developing,developing,60.43333435058594,972.0,2.3000030517578125,-2.0
2000083S17102,HUDAH,2000-03-26 21:00:00+00:00,2000-03-27 00:00:00+00:00,3.0,stormsense_dataset/images/2000083S17102_HUDAH/20000326T210000Z.png,"GMS-5,Meteosat-5",60.43333435058594,972.0,-14.625,83.06124877929688,2.3000030517578125,-2.0,developing,developing,62.73333358764648,970.0,2.2999992370605398,-2.0
2000083S17102,HUDAH,2000-03-27 00:00:00+00:00,2000-03-27 03:00:00+00:00,3.0,stormsense_dataset/images/2000083S17102_HUDAH/20000327T000000Z.png,"GMS-5,Meteosat-5",62.73333358764648,970.0,-14.600000381469728,82.60000610351562,2.29999923706054,-2.0,developing,developing,66.5,967.5,3.7666664123535227,-2.5
2000083S17102,HUDAH,2000-03-27 03:00:00+00:00,2000-03-27 06:00:00+00:00,3.0,stormsense_dataset/images/2000083S17102_HUDAH/20000327T030000Z.png,"GMS-5,Meteosat-5",66.5,967.5,-14.567500114440918,82.12875366210938,3.7666664123535223,-2.5,developing,organizing,70.26666259765625,965.0,3.76666259765625,-2.5
2000083S17102,HUDAH,2000-03-27 06:00:00+00:00,2000-03-27 09:00:00+00:00,3.0,stormsense_dataset/images/2000083S17102_HUDAH/20000327T060000Z.png,"GMS-5,Meteosat-5",70.26666259765625,965.0,-14.549999237060549,81.64999389648438,3.76666259765625,-2.5,organizing,organizing,71.73333740234375,965.0,1.4666748046875,0.0
2000083S17102,HUDAH,2000-03-27 09:00:00+00:00,2000-03-27 12:00:00+00:00,3.0,stormsense_dataset/images/2000083S17102_HUDAH/20000327T090000Z.png,"GMS-5,Meteosat-5",71.73333740234375,965.0,-14.563749313354492,81.18624877929688,1.4666748046875,0.0,organizing,organizing,73.20000457763672,965.0,1.4666671752929688,0.0
2000083S17102,HUDAH,2000-03-27 12:00:00+00:00,2000-03-27 15:00:00+00:00,3.0,stormsense_dataset/images/2000083S17102_HUDAH/20000327T120000Z.png,"GMS-5,Meteosat-5",73.20000457763672,965.0,-14.600000381469728,80.70001220703125,1.4666671752929688,0.0,organizing,organizing,74.66667175292969,965.0,1.4666671752929688,0.0
2000083S17102,HUDAH,2000-03-27 15:00:00+00:00,2000-03-27 18:00:00+00:00,3.0,stormsense_dataset/images/2000083S17102_HUDAH/20000327T150000Z.png,"GMS-5,Meteosat-5",74.66667175292969,965.0,-14.642499923706056,80.1724853515625,1.4666671752929688,0.0,organizing,organizing,76.13333129882812,965.0,1.4666595458984375,0.0
2000083S17102,HUDAH,2000-03-27 18:00:00+00:00,2000-03-27 21:00:00+00:00,3.0,stormsense_dataset/images/2000083S17102_HUDAH/20000327T180000Z.png,"GMS-5,Meteosat-5",76.13333129882812,965.0,-14.699999809265137,79.60000610351562,1.4666595458984375,0.0,organizing,organizing,78.43333435058594,962.5,2.3000030517578125,-2.5
2000083S17102,HUDAH,2000-03-27 21:00:00+00:00,2000-03-28 00:00:00+00:00,3.0,stormsense_dataset/images/2000083S17102_HUDAH/20000327T210000Z.png,"GMS-5,Meteosat-5",78.43333435058594,962.5,-14.75999927520752,78.978759765625,2.3000030517578125,-2.5,organizing,organizing,80.73333740234375,960.0,2.3000030517578125,-2.5
2000083S17102,HUDAH,2000-03-28 00:00:00+00:00,2000-03-28 03:00:00+00:00,3.0,stormsense_dataset/images/2000083S17102_HUDAH/20000328T000000Z.png,"GMS-5,Meteosat-5",80.73333740234375,960.0,-14.84999942779541,78.35000610351562,2.3000030517578125,-2.5,organizing,organizing,82.19999694824219,960.0,1.4666595458984375,0.0
2000083S17102,HUDAH,2000-03-28 03:00:00+00:00,2000-03-28 06:00:00+00:00,3.0,stormsense_dataset/images/2000083S17102_HUDAH/20000328T030000Z.png,"GMS-5,Meteosat-5",82.19999694824219,960.0,-14.988749504089355,77.76373291015625,1.4666595458984375,0.0,organizing,organizing,83.66666412353516,960.0,1.4666671752929688,0.0
2000083S17102,HUDAH,2000-03-28 06:00:00+00:00,2000-03-28 09:00:00+00:00,3.0,stormsense_dataset/images/2000083S17102_HUDAH/20000328T060000Z.png,"GMS-5,Meteosat-5",83.66666412353516,960.0,-15.149999618530272,77.20001220703125,1.4666671752929688,0.0,organizing,organizing,83.66666412353516,960.0,0.0,0.0
2000083S17102,HUDAH,2000-03-28 09:00:00+00:00,2000-03-28 12:00:00+00:00,3.0,stormsense_dataset/images/2000083S17102_HUDAH/20000328T090000Z.png,"GMS-5,Meteosat-5",83.66666412353516,960.0,-15.296249389648438,76.64248657226562,0.0,0.0,organizing,organizing,83.66666412353516,960.0,0.0,0.0
2000083S17102,HUDAH,2000-03-28 12:00:00+00:00,2000-03-28 15:00:00+00:00,3.0,stormsense_dataset/images/2000083S17102_HUDAH/20000328T120000Z.png,"GMS-5,Meteosat-5",83.66666412353516,960.0,-15.449999809265137,76.10000610351562,0.0,0.0,organizing,organizing,83.66666412353516,960.0,0.0,0.0
2000083S17102,HUDAH,2000-03-28 15:00:00+00:00,2000-03-28 18:00:00+00:00,3.0,stormsense_dataset/images/2000083S17102_HUDAH/20000328T150000Z.png,"GMS-5,Meteosat-5",83.66666412353516,960.0,-15.625,75.59375,0.0,0.0,organizing,organizing,83.66666412353516,960.0,0.0,0.0
2000083S17102,HUDAH,2000-03-28 18:00:00+00:00,2000-03-28 21:00:00+00:00,3.0,stormsense_dataset/images/2000083S17102_HUDAH/20000328T180000Z.png,"GMS-5,Meteosat-5",83.66666412353516,960.0,-15.800000190734863,75.05000305175781,0.0,0.0,organizing,organizing,81.56666564941406,957.5,-2.0999984741210938,-2.5
2000083S17102,HUDAH,2000-03-28 21:00:00+00:00,2000-03-29 00:00:00+00:00,3.0,stormsense_dataset/images/2000083S17102_HUDAH/20000328T210000Z.png,"GMS-5,Meteosat-5",81.56666564941406,957.5,-15.953750610351562,74.37875366210938,-2.0999984741210938,-2.5,organizing,organizing,79.46666717529297,955.0,-2.0999984741210938,-2.5
2000083S17102,HUDAH,2000-03-29 00:00:00+00:00,2000-03-29 03:00:00+00:00,3.0,stormsense_dataset/images/2000083S17102_HUDAH/20000329T000000Z.png,"GMS-5,Meteosat-5",79.46666717529297,955.0,-16.100000381469727,73.69999694824219,-2.0999984741210938,-2.5,organizing,organizing,79.96666717529297,952.5,0.5,-2.5
2000083S17102,HUDAH,2000-03-29 03:00:00+00:00,2000-03-29 06:00:00+00:00,3.0,stormsense_dataset/images/2000083S17102_HUDAH/20000329T030000Z.png,"GMS-5,Meteosat-5",79.96666717529297,952.5,-16.25,73.14248657226562,0.5,-2.5,organizing,organizing,80.46666717529297,950.0,0.5,-2.5
2000083S17102,HUDAH,2000-03-29 06:00:00+00:00,2000-03-29 09:00:00+00:00,3.0,stormsense_dataset/images/2000083S17102_HUDAH/20000329T060000Z.png,"GMS-5,Meteosat-5",80.46666717529297,950.0,-16.399999618530273,72.60000610351562,0.5,-2.5,organizing,organizing,81.93333435058594,950.0,1.4666671752929688,0.0
2000083S17102,HUDAH,2000-03-29 09:00:00+00:00,2000-03-29 12:00:00+00:00,3.0,stormsense_dataset/images/2000083S17102_HUDAH/20000329T090000Z.png,"GMS-5,Meteosat-5",81.93333435058594,950.0,-16.561250686645508,71.98251342773438,1.4666671752929688,0.0,organizing,organizing,83.4000015258789,950.0,1.4666671752929688,0.0
2000083S17102,HUDAH,2000-03-29 12:00:00+00:00,2000-03-29 15:00:00+00:00,3.0,stormsense_dataset/images/2000083S17102_HUDAH/20000329T120000Z.png,"GMS-5,Meteosat-5",83.4000015258789,950.0,-16.700000762939453,71.35000610351562,1.4666671752929688,0.0,organizing,organizing,81.93333435058594,950.0,-1.4666671752929688,0.0
2000083S17102,HUDAH,2000-03-29 15:00:00+00:00,2000-03-29 18:00:00+00:00,3.0,stormsense_dataset/images/2000083S17102_HUDAH/20000329T150000Z.png,"GMS-5,Meteosat-5",81.93333435058594,950.0,-16.79374885559082,70.75750732421875,-1.4666671752929688,0.0,organizing,organizing,80.46666717529297,950.0,-1.4666671752929688,0.0
2000083S17102,HUDAH,2000-03-29 18:00:00+00:00,2000-03-29 21:00:00+00:00,3.0,stormsense_dataset/images/2000083S17102_HUDAH/20000329T180000Z.png,Meteosat-5,80.46666717529297,950.0,-16.849998474121094,70.14999389648438,-1.4666671752929688,0.0,organizing,organizing,79.96666717529297,952.5,-0.5,2.5
2000083S17102,HUDAH,2000-03-29 21:00:00+00:00,2000-03-30 00:00:00+00:00,3.0,stormsense_dataset/images/2000083S17102_HUDAH/20000329T210000Z.png,"Meteosat-5,Meteosat-7",79.96666717529297,952.5,-16.889999389648438,69.47125244140625,-0.5,2.5,organizing,organizing,79.46666717529297,955.0,-0.5,2.5
2000083S17102,HUDAH,2000-03-30 00:00:00+00:00,2000-03-30 03:00:00+00:00,3.0,stormsense_dataset/images/2000083S17102_HUDAH/20000330T000000Z.png,"Meteosat-5,Meteosat-7",79.46666717529297,955.0,-16.899999618530273,68.80000305175781,-0.5,2.5,organizing,organizing,77.16667175292969,957.5,-2.2999954223632812,2.5
2000083S17102,HUDAH,2000-03-30 03:00:00+00:00,2000-03-30 06:00:00+00:00,3.0,stormsense_dataset/images/2000083S17102_HUDAH/20000330T030000Z.png,"Meteosat-5,Meteosat-7",77.16667175292969,957.5,-16.86749839782715,68.20623779296875,-2.299995422363281,2.5,organizing,organizing,74.86666870117188,960.0,-2.3000030517578125,2.5
2000083S17102,HUDAH,2000-03-30 06:00:00+00:00,2000-03-30 09:00:00+00:00,3.0,stormsense_dataset/images/2000083S17102_HUDAH/20000330T060000Z.png,"Meteosat-5,Meteosat-7",74.86666870117188,960.0,-16.849998474121094,67.64999389648438,-2.3000030517578125,2.5,organizing,organizing,72.56666564941406,962.5,-2.3000030517578125,2.5
2000083S17102,HUDAH,2000-03-30 09:00:00+00:00,2000-03-30 12:00:00+00:00,3.0,stormsense_dataset/images/2000083S17102_HUDAH/20000330T090000Z.png,"Meteosat-5,Meteosat-7",72.56666564941406,962.5,-16.917499542236328,67.10000610351562,-2.3000030517578125,2.5,organizing,organizing,70.26666259765625,965.0,-2.3000030517578125,2.5
2000083S17102,HUDAH,2000-03-30 12:00:00+00:00,2000-03-30 15:00:00+00:00,3.0,stormsense_dataset/images/2000083S17102_HUDAH/20000330T120000Z.png,"Meteosat-5,Meteosat-7",70.26666259765625,965.0,-17.0,66.55000305175781,-2.3000030517578125,2.5,organizing,organizing,70.26666259765625,965.0,0.0,0.0
2000083S17102,HUDAH,2000-03-30 15:00:00+00:00,2000-03-30 18:00:00+00:00,3.0,stormsense_dataset/images/2000083S17102_HUDAH/20000330T150000Z.png,"Meteosat-5,Meteosat-7",70.26666259765625,965.0,-17.0362491607666,65.97125244140625,0.0,0.0,organizing,organizing,70.26666259765625,965.0,0.0,0.0
2000083S17102,HUDAH,2000-03-30 18:00:00+00:00,2000-03-30 21:00:00+00:00,3.0,stormsense_dataset/images/2000083S17102_HUDAH/20000330T180000Z.png,"Meteosat-5,Meteosat-7",70.26666259765625,965.0,-17.049999237060547,65.39999389648438,0.0,0.0,organizing,organizing,74.0333251953125,962.5,3.76666259765625,-2.5
2000083S17102,HUDAH,2000-03-30 21:00:00+00:00,2000-03-31 00:00:00+00:00,3.0,stormsense_dataset/images/2000083S17102_HUDAH/20000330T210000Z.png,"Meteosat-5,Meteosat-7",74.0333251953125,962.5,-17.057498931884766,64.88626098632812,3.76666259765625,-2.5,organizing,organizing,77.79999542236328,960.0,3.7666702270507812,-2.5
2000083S17102,HUDAH,2000-03-31 00:00:00+00:00,2000-03-31 03:00:00+00:00,3.0,stormsense_dataset/images/2000083S17102_HUDAH/20000331T000000Z.png,"Meteosat-5,Meteosat-7",77.79999542236328,960.0,-17.049999237060547,64.35000610351562,3.766670227050781,-2.5,organizing,organizing,82.39999389648438,952.5,4.599998474121094,-7.5
2000083S17102,HUDAH,2000-03-31 03:00:00+00:00,2000-03-31 06:00:00+00:00,3.0,stormsense_dataset/images/2000083S17102_HUDAH/20000331T030000Z.png,"Meteosat-5,Meteosat-7",82.39999389648438,952.5,-17.024999618530273,63.71875,4.599998474121094,-7.5,organizing,organizing,87.0,945.0,4.600006103515625,-7.5
2000083S17102,HUDAH,2000-03-31 06:00:00+00:00,2000-03-31 09:00:00+00:00,3.0,stormsense_dataset/images/2000083S17102_HUDAH/20000331T060000Z.png,"Meteosat-5,Meteosat-7",87.0,945.0,-17.0,63.05000305175781,4.600006103515625,-7.5,organizing,organizing,88.66667175292969,940.0,1.6666717529296875,-5.0
2000083S17102,HUDAH,2000-03-31 09:00:00+00:00,2000-03-31 12:00:00+00:00,3.0,stormsense_dataset/images/2000083S17102_HUDAH/20000331T090000Z.png,"Meteosat-5,Meteosat-7",88.66667175292969,940.0,-16.99250030517578,62.38874816894531,1.6666717529296875,-5.0,organizing,organizing,90.33333587646484,935.0,1.6666641235351562,-5.0
2000083S17102,HUDAH,2000-03-31 12:00:00+00:00,2000-03-31 15:00:00+00:00,3.0,stormsense_dataset/images/2000083S17102_HUDAH/20000331T120000Z.png,"Meteosat-5,Meteosat-7",90.33333587646484,935.0,-17.0,61.75,1.6666641235351562,-5.0,organizing,organizing,91.16667175292967,931.5,0.8333358764648295,-3.5
2000083S17102,HUDAH,2000-03-31 15:00:00+00:00,2000-03-31 18:00:00+00:00,3.0,stormsense_dataset/images/2000083S17102_HUDAH/20000331T150000Z.png,"Meteosat-5,Meteosat-7",91.16667175292967,931.5,-17.028749465942383,61.16749572753906,0.8333358764648295,-3.5,organizing,organizing,92.0,928.0,0.8333282470703267,-3.5
2000083S17102,HUDAH,2000-03-31 18:00:00+00:00,2000-03-31 21:00:00+00:00,3.0,stormsense_dataset/images/2000083S17102_HUDAH/20000331T180000Z.png,"Meteosat-5,Meteosat-7",92.0,928.0,-17.049999237060547,60.600006103515625,0.8333282470703267,-3.5,organizing,organizing,99.53334045410156,921.5,7.5333404541015625,-6.5
2000083S17102,HUDAH,2000-03-31 21:00:00+00:00,2000-04-01 00:00:00+00:00,3.0,stormsense_dataset/images/2000083S17102_HUDAH/20000331T210000Z.png,"Meteosat-5,Meteosat-7",99.53334045410156,921.5,-17.03999900817871,60.00750732421875,7.533340454101562,-6.5,organizing,mature,107.0666732788086,915.0,7.533332824707031,-6.5
2000083S17102,HUDAH,2000-04-01 00:00:00+00:00,2000-04-01 03:00:00+00:00,3.0,stormsense_dataset/images/2000083S17102_HUDAH/20000401T000000Z.png,"Meteosat-5,Meteosat-7",107.0666732788086,915.0,-17.0,59.399993896484375,7.533332824707031,-6.5,mature,mature,107.90000915527344,912.5,0.8333358764648438,-2.5
2000083S17102,HUDAH,2000-04-01 03:00:00+00:00,2000-04-01 06:00:00+00:00,3.0,stormsense_dataset/images/2000083S17102_HUDAH/20000401T030000Z.png,"Meteosat-5,Meteosat-7",107.90000915527344,912.5,-16.939998626708984,58.77874755859375,0.8333358764648438,-2.5,mature,mature,108.73333740234376,910.0,0.8333282470703267,-2.5
2000083S17102,HUDAH,2000-04-01 06:00:00+00:00,2000-04-01 09:00:00+00:00,3.0,stormsense_dataset/images/2000083S17102_HUDAH/20000401T060000Z.png,"Meteosat-5,Meteosat-7",108.73333740234376,910.0,-16.849998474121094,58.149993896484375,0.8333282470703267,-2.5,mature,mature,110.1999969482422,910.0,1.4666595458984375,0.0
2000083S17102,HUDAH,2000-04-01 09:00:00+00:00,2000-04-01 12:00:00+00:00,3.0,stormsense_dataset/images/2000083S17102_HUDAH/20000401T090000Z.png,"Meteosat-5,Meteosat-7",110.1999969482422,910.0,-16.724998474121094,57.524993896484375,1.4666595458984375,0.0,mature,mature,111.66666412353516,910.0,1.4666671752929545,0.0
2000083S17102,HUDAH,2000-04-01 12:00:00+00:00,2000-04-01 15:00:00+00:00,3.0,stormsense_dataset/images/2000083S17102_HUDAH/20000401T120000Z.png,"Meteosat-5,Meteosat-7",111.66666412353516,910.0,-16.600000381469727,56.899993896484375,1.4666671752929543,0.0,mature,mature,111.66666412353516,910.0,0.0,0.0
2000083S17102,HUDAH,2000-04-01 15:00:00+00:00,2000-04-01 18:00:00+00:00,3.0,stormsense_dataset/images/2000083S17102_HUDAH/20000401T150000Z.png,"Meteosat-5,Meteosat-7",111.66666412353516,910.0,-16.528751373291016,56.2862548828125,0.0,0.0,mature,mature,111.66666412353516,910.0,0.0,0.0
2000083S17102,HUDAH,2000-04-01 18:00:00+00:00,2000-04-01 21:00:00+00:00,3.0,stormsense_dataset/images/2000083S17102_HUDAH/20000401T180000Z.png,"Meteosat-5,Meteosat-7",111.66666412353516,910.0,-16.450000762939453,55.649993896484375,0.0,0.0,mature,mature,112.5,907.5,0.8333358764648438,-2.5
2000083S17102,HUDAH,2000-04-01 21:00:00+00:00,2000-04-02 00:00:00+00:00,3.0,stormsense_dataset/images/2000083S17102_HUDAH/20000401T210000Z.png,"Meteosat-5,Meteosat-7",112.5,907.5,-16.32250213623047,54.95375061035156,0.8333358764648438,-2.5,mature,mature,113.33333587646484,905.0,0.8333358764648438,-2.5
2000083S17102,HUDAH,2000-04-02 00:00:00+00:00,2000-04-02 03:00:00+00:00,3.0,stormsense_dataset/images/2000083S17102_HUDAH/20000402T000000Z.png,"Meteosat-5,Meteosat-7",113.33333587646484,905.0,-16.150001525878906,54.25,0.8333358764648438,-2.5,mature,mature,113.33333587646484,905.0,0.0,0.0
2000083S17102,HUDAH,2000-04-02 03:00:00+00:00,2000-04-02 06:00:00+00:00,3.0,stormsense_dataset/images/2000083S17102_HUDAH/20000402T030000Z.png,"Meteosat-5,Meteosat-7",113.33333587646484,905.0,-15.92500114440918,53.603759765625,0.0,0.0,mature,mature,113.33333587646484,905.0,0.0,0.0
2000083S17102,HUDAH,2000-04-02 06:00:00+00:00,2000-04-02 09:00:00+00:00,3.0,stormsense_dataset/images/2000083S17102_HUDAH/20000402T060000Z.png,"Meteosat-5,Meteosat-7",113.33333587646484,905.0,-15.699999809265137,52.94999694824219,0.0,0.0,mature,mature,113.33333587646484,905.0,0.0,0.0
2000083S17102,HUDAH,2000-04-02 09:00:00+00:00,2000-04-02 12:00:00+00:00,3.0,stormsense_dataset/images/2000083S17102_HUDAH/20000402T090000Z.png,"Meteosat-5,Meteosat-7",113.33333587646484,905.0,-15.542499542236328,52.20625305175781,0.0,0.0,mature,mature,113.33333587646484,905.0,0.0,0.0
2000083S17102,HUDAH,2000-04-02 12:00:00+00:00,2000-04-02 15:00:00+00:00,3.0,stormsense_dataset/images/2000083S17102_HUDAH/20000402T120000Z.png,"Meteosat-5,Meteosat-7",113.33333587646484,905.0,-15.399999618530272,51.5,0.0,0.0,mature,mature,109.56666564941406,907.5,-3.7666702270507812,2.5
2000083S17102,HUDAH,2000-04-02 15:00:00+00:00,2000-04-02 18:00:00+00:00,3.0,stormsense_dataset/images/2000083S17102_HUDAH/20000402T150000Z.png,"Meteosat-5,Meteosat-7",109.56666564941406,907.5,-15.217499732971191,50.97125244140625,-3.766670227050781,2.5,mature,weakening,105.79999542236328,910.0,-3.7666702270507812,2.5
2000083S17102,HUDAH,2000-04-02 18:00:00+00:00,2000-04-02 21:00:00+00:00,3.0,stormsense_dataset/images/2000083S17102_HUDAH/20000402T180000Z.png,"Meteosat-5,Meteosat-7",105.79999542236328,910.0,-15.049999237060549,50.44999694824219,-3.766670227050781,2.5,weakening,weakening,96.89999389648438,,-8.900001525878906,
2000083S17102,HUDAH,2000-04-02 21:00:00+00:00,2000-04-03 00:00:00+00:00,3.0,stormsense_dataset/images/2000083S17102_HUDAH/20000402T210000Z.png,"Meteosat-5,Meteosat-7",96.89999389648438,,-14.923749923706056,49.787506103515625,-8.900001525878906,,weakening,weakening,88.0,,-8.899993896484375,
2000083S17102,HUDAH,2000-04-03 00:00:00+00:00,2000-04-03 03:00:00+00:00,3.0,stormsense_dataset/images/2000083S17102_HUDAH/20000403T000000Z.png,"Meteosat-5,Meteosat-7",88.0,,-14.850000381469728,49.05000305175781,-8.899993896484375,,weakening,weakening,77.0,,-11.0,
2000083S17102,HUDAH,2000-04-03 03:00:00+00:00,2000-04-03 06:00:00+00:00,3.0,stormsense_dataset/images/2000083S17102_HUDAH/20000403T030000Z.png,"Meteosat-5,Meteosat-7",77.0,,-14.842499732971191,48.26374816894531,-11.0,,weakening,weakening,66.0,,-11.0,
2000083S17102,HUDAH,2000-04-03 06:00:00+00:00,2000-04-03 09:00:00+00:00,3.0,stormsense_dataset/images/2000083S17102_HUDAH/20000403T060000Z.png,"Meteosat-5,Meteosat-7",66.0,,-14.84999942779541,47.5,-11.0,,weakening,weakening,58.53333282470703,,-7.466667175292969,
2000083S17102,HUDAH,2000-04-03 09:00:00+00:00,2000-04-03 12:00:00+00:00,3.0,stormsense_dataset/images/2000083S17102_HUDAH/20000403T090000Z.png,"Meteosat-5,Meteosat-7",58.53333282470703,,-14.796249389648438,46.84124755859375,-7.466667175292969,,weakening,developing,51.06666564941406,996.0,-7.466667175292969,
2000083S17102,HUDAH,2000-04-03 12:00:00+00:00,2000-04-03 15:00:00+00:00,3.0,stormsense_dataset/images/2000083S17102_HUDAH/20000403T120000Z.png,"Meteosat-5,Meteosat-7",51.06666564941406,996.0,-14.75,46.25,-7.466667175292969,,developing,developing,46.66666412353516,996.5,-4.400001525878899,0.5
2000083S17102,HUDAH,2000-04-03 15:00:00+00:00,2000-04-03 18:00:00+00:00,3.0,stormsense_dataset/images/2000083S17102_HUDAH/20000403T150000Z.png,"Meteosat-5,Meteosat-7",46.66666412353516,996.5,-14.748749732971191,45.66999816894531,-4.400001525878899,0.5,developing,developing,42.26666641235352,997.0,-4.399997711181641,0.5
2000083S17102,HUDAH,2000-04-03 18:00:00+00:00,2000-04-03 21:00:00+00:00,3.0,stormsense_dataset/images/2000083S17102_HUDAH/20000403T180000Z.png,"Meteosat-5,Meteosat-7",42.26666641235352,997.0,-14.799999237060549,45.149993896484375,-4.399997711181641,0.5,developing,developing,40.16666412353516,995.5,-2.1000022888183594,-1.5
2000083S17102,HUDAH,2000-04-03 21:00:00+00:00,2000-04-04 00:00:00+00:00,3.0,stormsense_dataset/images/2000083S17102_HUDAH/20000403T210000Z.png,"Meteosat-5,Meteosat-7",40.16666412353516,995.5,-14.91374969482422,44.709991455078125,-2.10000228881836,-1.5,developing,developing,38.06666564941406,994.0,-2.099998474121101,-1.5
2000083S17102,HUDAH,2000-04-04 00:00:00+00:00,2000-04-04 03:00:00+00:00,3.0,stormsense_dataset/images/2000083S17102_HUDAH/20000404T000000Z.png,"Meteosat-5,Meteosat-7",38.06666564941406,994.0,-15.050000190734863,44.30000305175781,-2.099998474121101,-1.5,developing,developing,38.900001525878906,992.0,0.8333358764648438,-2.0
2000083S17102,HUDAH,2000-04-04 03:00:00+00:00,2000-04-04 06:00:00+00:00,3.0,stormsense_dataset/images/2000083S17102_HUDAH/20000404T030000Z.png,"Meteosat-5,Meteosat-7",38.900001525878906,992.0,-15.1537504196167,43.85749816894531,0.8333358764648438,-2.0,developing,developing,39.73333358764648,990.0,0.833332061767571,-2.0
2000083S17102,HUDAH,2000-04-04 06:00:00+00:00,2000-04-04 09:00:00+00:00,3.0,stormsense_dataset/images/2000083S17102_HUDAH/20000404T060000Z.png,"Meteosat-5,Meteosat-7",39.73333358764648,990.0,-15.25,43.399993896484375,0.833332061767571,-2.0,developing,developing,44.33333587646485,986.5,4.600002288818374,-3.5
2000083S17102,HUDAH,2000-04-04 09:00:00+00:00,2000-04-04 12:00:00+00:00,3.0,stormsense_dataset/images/2000083S17102_HUDAH/20000404T090000Z.png,"Meteosat-5,Meteosat-7",44.33333587646485,986.5,-15.31624984741211,42.90249633789063,4.600002288818374,-3.5,developing,developing,48.93333435058594,983.0,4.599998474121087,-3.5
2000083S17102,HUDAH,2000-04-04 12:00:00+00:00,2000-04-04 15:00:00+00:00,3.0,stormsense_dataset/images/2000083S17102_HUDAH/20000404T120000Z.png,"Meteosat-5,Meteosat-7",48.93333435058594,983.0,-15.449999809265137,42.44999694824219,4.599998474121087,-3.5,developing,developing,52.69999694824219,980.5,3.76666259765625,-2.5
2000083S17102,HUDAH,2000-04-04 15:00:00+00:00,2000-04-04 18:00:00+00:00,3.0,stormsense_dataset/images/2000083S17102_HUDAH/20000404T150000Z.png,"Meteosat-5,Meteosat-7",52.69999694824219,980.5,-15.767499923706056,42.14250183105469,3.76666259765625,-2.5,developing,developing,56.4666633605957,978.0,3.7666664123535156,-2.5
2000083S17102,HUDAH,2000-04-04 18:00:00+00:00,2000-04-04 21:00:00+00:00,3.0,stormsense_dataset/images/2000083S17102_HUDAH/20000404T180000Z.png,"Meteosat-5,Meteosat-7",56.4666633605957,978.0,-16.100000381469727,41.850006103515625,3.766666412353516,-2.5,developing,developing,57.29999542236328,976.5,0.8333320617675781,-1.5
2000083S17102,HUDAH,2000-04-04 21:00:00+00:00,2000-04-05 00:00:00+00:00,3.0,stormsense_dataset/images/2000083S17102_HUDAH/20000404T210000Z.png,"Meteosat-5,Meteosat-7",57.29999542236328,976.5,-16.272499084472656,41.43624877929688,0.8333320617675781,-1.5,developing,developing,58.133331298828125,975.0,0.8333358764648438,-1.5
2000083S17102,HUDAH,2000-04-05 00:00:00+00:00,2000-04-05 03:00:00+00:00,3.0,stormsense_dataset/images/2000083S17102_HUDAH/20000405T000000Z.png,"Meteosat-5,Meteosat-7",58.133331298828125,975.0,-16.399999618530273,41.0,0.8333358764648438,-1.5,developing,developing,58.133331298828125,975.0,0.0,0.0
2000083S17102,HUDAH,2000-04-05 03:00:00+00:00,2000-04-05 06:00:00+00:00,3.0,stormsense_dataset/images/2000083S17102_HUDAH/20000405T030000Z.png,"Meteosat-5,Meteosat-7",58.133331298828125,975.0,-16.578750610351562,40.5987548828125,0.0,0.0,developing,developing,58.133331298828125,975.0,0.0,0.0
2000083S17102,HUDAH,2000-04-05 06:00:00+00:00,2000-04-05 09:00:00+00:00,3.0,stormsense_dataset/images/2000083S17102_HUDAH/20000405T060000Z.png,"Meteosat-5,Meteosat-7",58.133331298828125,975.0,-16.75,40.25,0.0,0.0,developing,developing,58.133331298828125,975.0,0.0,0.0
2000083S17102,HUDAH,2000-04-05 09:00:00+00:00,2000-04-05 12:00:00+00:00,3.0,stormsense_dataset/images/2000083S17102_HUDAH/20000405T090000Z.png,"Meteosat-5,Meteosat-7",58.133331298828125,975.0,-16.88249969482422,39.962493896484375,0.0,0.0,developing,developing,58.133331298828125,975.0,0.0,0.0
2000083S17102,HUDAH,2000-04-05 12:00:00+00:00,2000-04-05 15:00:00+00:00,3.0,stormsense_dataset/images/2000083S17102_HUDAH/20000405T120000Z.png,"Meteosat-5,Meteosat-7",58.133331298828125,975.0,-17.0,39.75,0.0,0.0,developing,developing,58.96666717529297,972.5,0.8333358764648438,-2.5
2000083S17102,HUDAH,2000-04-05 15:00:00+00:00,2000-04-05 18:00:00+00:00,3.0,stormsense_dataset/images/2000083S17102_HUDAH/20000405T150000Z.png,"Meteosat-5,Meteosat-7",58.96666717529297,972.5,-17.11750030517578,39.61000061035156,0.8333358764648438,-2.5,developing,developing,59.79999923706055,970.0,0.8333320617675781,-2.5
2000083S17102,HUDAH,2000-04-05 18:00:00+00:00,2000-04-05 21:00:00+00:00,3.0,stormsense_dataset/images/2000083S17102_HUDAH/20000405T180000Z.png,"Meteosat-5,Meteosat-7",59.79999923706055,970.0,-17.25,39.5,0.8333320617675781,-2.5,developing,developing,62.09999847412109,967.5,2.2999992370605398,-2.5
2000083S17102,HUDAH,2000-04-05 21:00:00+00:00,2000-04-06 00:00:00+00:00,3.0,stormsense_dataset/images/2000083S17102_HUDAH/20000405T210000Z.png,"Meteosat-5,Meteosat-7",62.09999847412109,967.5,-17.41374969482422,39.35749816894531,2.29999923706054,-2.5,developing,developing,64.4000015258789,965.0,2.3000030517578196,-2.5
2000083S17102,HUDAH,2000-04-06 00:00:00+00:00,2000-04-06 03:00:00+00:00,3.0,stormsense_dataset/images/2000083S17102_HUDAH/20000406T000000Z.png,"Meteosat-5,Meteosat-7",64.4000015258789,965.0,-17.600000381469727,39.19999694824219,2.30000305175782,-2.5,developing,developing,64.4000015258789,965.0,0.0,0.0
2000083S17102,HUDAH,2000-04-06 03:00:00+00:00,2000-04-06 06:00:00+00:00,3.0,stormsense_dataset/images/2000083S17102_HUDAH/20000406T030000Z.png,"Meteosat-5,Meteosat-7",64.4000015258789,965.0,-17.78499984741211,39.01750183105469,0.0,0.0,developing,developing,64.4000015258789,965.0,0.0,0.0
2000083S17102,HUDAH,2000-04-06 06:00:00+00:00,2000-04-06 09:00:00+00:00,3.0,stormsense_dataset/images/2000083S17102_HUDAH/20000406T060000Z.png,"Meteosat-5,Meteosat-7",64.4000015258789,965.0,-18.0,38.850006103515625,0.0,0.0,developing,developing,64.4000015258789,965.0,0.0,0.0
2000083S17102,HUDAH,2000-04-06 09:00:00+00:00,2000-04-06 12:00:00+00:00,3.0,stormsense_dataset/images/2000083S17102_HUDAH/20000406T090000Z.png,"Meteosat-5,Meteosat-7",64.4000015258789,965.0,-18.28249931335449,38.72750854492188,0.0,0.0,developing,developing,64.4000015258789,965.0,0.0,0.0
2000083S17102,HUDAH,2000-04-06 12:00:00+00:00,2000-04-06 15:00:00+00:00,3.0,stormsense_dataset/images/2000083S17102_HUDAH/20000406T120000Z.png,"Meteosat-5,Meteosat-7",64.4000015258789,965.0,-18.549999237060547,38.649993896484375,0.0,0.0,developing,organizing,71.0999984741211,962.5,6.6999969482421875,-2.5
2000083S17102,HUDAH,2000-04-06 15:00:00+00:00,2000-04-06 18:00:00+00:00,3.0,stormsense_dataset/images/2000083S17102_HUDAH/20000406T150000Z.png,"Meteosat-5,Meteosat-7",71.0999984741211,962.5,-18.737499237060547,38.628753662109375,6.699996948242188,-2.5,organizing,organizing,77.79999542236328,960.0,6.6999969482421875,-2.5
2000083S17102,HUDAH,2000-04-06 18:00:00+00:00,2000-04-06 21:00:00+00:00,3.0,stormsense_dataset/images/2000083S17102_HUDAH/20000406T180000Z.png,"Meteosat-5,Meteosat-7",77.79999542236328,960.0,-18.849998474121094,38.600006103515625,6.699996948242188,-2.5,organizing,organizing,78.63333129882812,957.5,0.8333358764648438,-2.5
2000083S17102,HUDAH,2000-04-06 21:00:00+00:00,2000-04-07 00:00:00+00:00,3.0,stormsense_dataset/images/2000083S17102_HUDAH/20000406T210000Z.png,"Meteosat-5,Meteosat-7",78.63333129882812,957.5,-18.908748626708984,38.475006103515625,0.8333358764648438,-2.5,organizing,organizing,79.46666717529297,955.0,0.8333358764648438,-2.5
2000083S17102,HUDAH,2000-04-07 00:00:00+00:00,2000-04-07 03:00:00+00:00,3.0,stormsense_dataset/images/2000083S17102_HUDAH/20000407T000000Z.png,"Meteosat-5,Meteosat-7",79.46666717529297,955.0,-18.89999961853028,38.350006103515625,0.8333358764648438,-2.5,organizing,organizing,83.23333740234375,951.0,3.7666702270507812,-4.0
2000083S17102,HUDAH,2000-04-07 03:00:00+00:00,2000-04-07 06:00:00+00:00,3.0,stormsense_dataset/images/2000083S17102_HUDAH/20000407T030000Z.png,"Meteosat-5,Meteosat-7",83.23333740234375,951.0,-18.84000015258789,38.313751220703125,3.766670227050781,-4.0,organizing,organizing,87.0,947.0,3.76666259765625,-4.0
2000083S17102,HUDAH,2000-04-07 06:00:00+00:00,2000-04-07 09:00:00+00:00,3.0,stormsense_dataset/images/2000083S17102_HUDAH/20000407T060000Z.png,"Meteosat-5,Meteosat-7",87.0,947.0,-18.75,38.30000305175781,3.76666259765625,-4.0,organizing,organizing,87.0,947.0,0.0,0.0
2000083S17102,HUDAH,2000-04-07 09:00:00+00:00,2000-04-07 12:00:00+00:00,3.0,stormsense_dataset/images/2000083S17102_HUDAH/20000407T090000Z.png,"Meteosat-5,Meteosat-7",87.0,947.0,-18.693750381469727,38.220001220703125,0.0,0.0,organizing,organizing,87.0,947.0,0.0,0.0
2000083S17102,HUDAH,2000-04-07 12:00:00+00:00,2000-04-07 15:00:00+00:00,3.0,stormsense_dataset/images/2000083S17102_HUDAH/20000407T120000Z.png,"Meteosat-5,Meteosat-7",87.0,947.0,-18.600000381469727,38.19999694824219,0.0,0.0,organizing,organizing,87.0,947.0,0.0,0.0
2000083S17102,HUDAH,2000-04-07 15:00:00+00:00,2000-04-07 18:00:00+00:00,3.0,stormsense_dataset/images/2000083S17102_HUDAH/20000407T150000Z.png,"Meteosat-5,Meteosat-7",87.0,947.0,-18.411251068115234,38.375,0.0,0.0,organizing,organizing,87.0,947.0,0.0,0.0
2000083S17102,HUDAH,2000-04-07 18:00:00+00:00,2000-04-07 21:00:00+00:00,3.0,stormsense_dataset/images/2000083S17102_HUDAH/20000407T180000Z.png,"Meteosat-5,Meteosat-7",87.0,947.0,-18.200000762939453,38.55000305175781,0.0,0.0,organizing,organizing,83.23333740234375,951.0,-3.76666259765625,4.0
2000083S17102,HUDAH,2000-04-07 21:00:00+00:00,2000-04-08 00:00:00+00:00,3.0,stormsense_dataset/images/2000083S17102_HUDAH/20000407T210000Z.png,"Meteosat-5,Meteosat-7",83.23333740234375,951.0,-18.07250022888184,38.537506103515625,-3.76666259765625,4.0,organizing,weakening,79.46666717529297,955.0,-3.7666702270507812,4.0
2000083S17102,HUDAH,2000-04-08 00:00:00+00:00,2000-04-08 03:00:00+00:00,3.0,stormsense_dataset/images/2000083S17102_HUDAH/20000408T000000Z.png,"Meteosat-5,Meteosat-7",79.46666717529297,955.0,-17.899999618530273,38.44999694824219,-3.766670227050781,4.0,weakening,weakening,74.03333282470703,962.5,-5.4333343505859375,7.5
2000083S17102,HUDAH,2000-04-08 03:00:00+00:00,2000-04-08 06:00:00+00:00,3.0,stormsense_dataset/images/2000083S17102_HUDAH/20000408T030000Z.png,"Meteosat-5,Meteosat-7",74.03333282470703,962.5,-17.565000534057617,38.36322021484375,-5.4333343505859375,7.5,weakening,organizing,68.5999984741211,970.0,-5.4333343505859375,7.5
2000083S17102,HUDAH,2000-04-08 06:00:00+00:00,2000-04-08 09:00:00+00:00,3.0,stormsense_dataset/images/2000083S17102_HUDAH/20000408T060000Z.png,"Meteosat-5,Meteosat-7",68.5999984741211,970.0,-17.200000762939453,38.30000305175781,-5.4333343505859375,7.5,organizing,developing,65.0999984741211,,-3.5,
2000083S17102,HUDAH,2000-04-08 09:00:00+00:00,2000-04-08 12:00:00+00:00,3.0,stormsense_dataset/images/2000083S17102_HUDAH/20000408T090000Z.png,"Meteosat-5,Meteosat-7",65.0999984741211,,-16.942501068115234,38.311614990234375,-3.5,,developing,weakening,61.59999847412109,,-3.500000000000007,
2000083S17102,HUDAH,2000-04-08 12:00:00+00:00,2000-04-08 15:00:00+00:00,3.0,stormsense_dataset/images/2000083S17102_HUDAH/20000408T120000Z.png,"Meteosat-5,Meteosat-7",61.59999847412109,,-16.700000762939453,38.35714721679688,-3.500000000000007,,weakening,developing,55.0,,-6.599998474121087,
2000083S17102,HUDAH,2000-04-08 15:00:00+00:00,2000-04-08 18:00:00+00:00,3.0,stormsense_dataset/images/2000083S17102_HUDAH/20000408T150000Z.png,"Meteosat-5,Meteosat-7",55.0,,-16.4168758392334,38.39265441894531,-6.599998474121087,,developing,developing,48.400001525878906,,-6.599998474121094,
2000083S17102,HUDAH,2000-04-08 18:00:00+00:00,2000-04-08 21:00:00+00:00,3.0,stormsense_dataset/images/2000083S17102_HUDAH/20000408T180000Z.png,"Meteosat-5,Meteosat-7",48.400001525878906,,-16.100000381469727,38.43333435058594,-6.599998474121094,,developing,developing,39.59999847412109,,-8.80000305175782,
2000083S17102,HUDAH,2000-04-08 21:00:00+00:00,2000-04-09 00:00:00+00:00,3.0,stormsense_dataset/images/2000083S17102_HUDAH/20000408T210000Z.png,"Meteosat-5,Meteosat-7",39.59999847412109,,-15.720624923706056,38.48675537109375,-8.80000305175782,,developing,developing,30.799999237060547,,-8.79999923706054,
2000083S17102,HUDAH,2000-04-09 00:00:00+00:00,2000-04-09 03:00:00+00:00,3.0,stormsense_dataset/images/2000083S17102_HUDAH/20000409T000000Z.png,"Meteosat-5,Meteosat-7",30.799999237060547,,-15.375,38.524993896484375,-8.79999923706054,,developing,developing,28.599998474121094,,-2.200000762939453,
2000083S17102,HUDAH,2000-04-09 03:00:00+00:00,2000-04-09 06:00:00+00:00,3.0,stormsense_dataset/images/2000083S17102_HUDAH/20000409T030000Z.png,"Meteosat-5,Meteosat-7",28.599998474121094,,-15.178125381469728,38.5418701171875,-2.200000762939453,,developing,developing,26.39999961853028,,-2.199998855590813,
2000083S17102,HUDAH,2000-04-09 06:00:00+00:00,2000-04-09 09:00:00+00:00,3.0,stormsense_dataset/images/2000083S17102_HUDAH/20000409T060000Z.png,"Meteosat-5,Meteosat-7",26.39999961853028,,-15.0,38.5,-2.199998855590813,,developing,developing,24.200000762939453,,-2.1999988555908274,
2000089S20168,VAUGHAN,2000-03-29 00:00:00+00:00,2000-03-29 03:00:00+00:00,3.0,stormsense_dataset/images/2000089S20168_VAUGHAN/20000329T000000Z.png,"GMS-5,GOES-10",25.0,1005.0,-19.95251846313477,167.99835205078125,,,developing,developing,25.0,1005.0,0.0,0.0
2000089S20168,VAUGHAN,2000-03-29 03:00:00+00:00,2000-03-29 06:00:00+00:00,3.0,stormsense_dataset/images/2000089S20168_VAUGHAN/20000329T030000Z.png,"GMS-5,GOES-10",25.0,1005.0,-19.819149017333984,167.9912109375,0.0,0.0,developing,developing,25.0,1005.0,0.0,0.0
2000089S20168,VAUGHAN,2000-03-29 06:00:00+00:00,2000-03-29 09:00:00+00:00,3.0,stormsense_dataset/images/2000089S20168_VAUGHAN/20000329T060000Z.png,"GMS-5,GOES-10",25.0,1005.0,-19.70267868041992,167.97979736328125,0.0,0.0,developing,developing,25.0,1005.0,0.0,0.0
2000089S20168,VAUGHAN,2000-03-29 09:00:00+00:00,2000-03-29 12:00:00+00:00,3.0,stormsense_dataset/images/2000089S20168_VAUGHAN/20000329T090000Z.png,GMS-5,25.0,1005.0,-19.622821807861328,167.959228515625,0.0,0.0,developing,developing,25.0,1005.0,0.0,0.0
2000089S20168,VAUGHAN,2000-03-29 12:00:00+00:00,2000-03-29 15:00:00+00:00,3.0,stormsense_dataset/images/2000089S20168_VAUGHAN/20000329T120000Z.png,"GMS-5,GOES-10",25.0,1005.0,-19.61056327819824,167.92169189453125,0.0,0.0,developing,developing,25.0,1005.0,0.0,0.0
2000089S20168,VAUGHAN,2000-03-29 15:00:00+00:00,2000-03-29 18:00:00+00:00,3.0,stormsense_dataset/images/2000089S20168_VAUGHAN/20000329T150000Z.png,"GMS-5,GOES-10",25.0,1005.0,-19.6570053100586,167.86944580078125,0.0,0.0,developing,developing,25.0,1005.0,0.0,0.0
2000089S20168,VAUGHAN,2000-03-29 18:00:00+00:00,2000-03-29 21:00:00+00:00,3.0,stormsense_dataset/images/2000089S20168_VAUGHAN/20000329T180000Z.png,"GMS-5,GOES-10",25.0,1005.0,-19.811368942260746,167.7901611328125,0.0,0.0,developing,developing,25.0,1005.0,0.0,0.0
2000089S20168,VAUGHAN,2000-03-29 21:00:00+00:00,2000-03-30 00:00:00+00:00,3.0,stormsense_dataset/images/2000089S20168_VAUGHAN/20000329T210000Z.png,"GMS-5,GOES-10",25.0,1005.0,-20.090517044067383,167.679931640625,0.0,0.0,developing,developing,25.0,1005.0,0.0,0.0
2000089S20168,VAUGHAN,2000-03-30 00:00:00+00:00,2000-03-30 03:00:00+00:00,3.0,stormsense_dataset/images/2000089S20168_VAUGHAN/20000330T000000Z.png,"GMS-5,GOES-10",25.0,1005.0,-20.43873405456543,167.55169677734375,0.0,0.0,developing,developing,25.0,1003.5,0.0,-1.5
2000089S20168,VAUGHAN,2000-03-30 03:00:00+00:00,2000-03-30 06:00:00+00:00,3.0,stormsense_dataset/images/2000089S20168_VAUGHAN/20000330T030000Z.png,"GMS-5,GOES-10",25.0,1003.5,-20.846420288085938,167.407958984375,0.0,-1.5,developing,developing,25.0,1002.0,0.0,-1.5
2000089S20168,VAUGHAN,2000-03-30 06:00:00+00:00,2000-03-30 09:00:00+00:00,3.0,stormsense_dataset/images/2000089S20168_VAUGHAN/20000330T060000Z.png,"GMS-5,GOES-10",25.0,1002.0,-21.100000381469727,167.29998779296875,0.0,-1.5,developing,developing,25.0,1002.5,0.0,0.5
2000089S20168,VAUGHAN,2000-03-30 09:00:00+00:00,2000-03-30 12:00:00+00:00,3.0,stormsense_dataset/images/2000089S20168_VAUGHAN/20000330T090000Z.png,GMS-5,25.0,1002.5,-20.96459579467773,167.27362060546875,0.0,0.5,developing,developing,25.0,1003.0,0.0,0.5
2000089S20168,VAUGHAN,2000-03-30 12:00:00+00:00,2000-03-30 15:00:00+00:00,3.0,stormsense_dataset/images/2000089S20168_VAUGHAN/20000330T120000Z.png,"GMS-5,GOES-10",25.0,1003.0,-20.700000762939453,167.29998779296875,0.0,0.5,developing,developing,25.0,1002.0,0.0,-1.0
2000089S20168,VAUGHAN,2000-03-30 15:00:00+00:00,2000-03-30 18:00:00+00:00,3.0,stormsense_dataset/images/2000089S20168_VAUGHAN/20000330T150000Z.png,"GMS-5,GOES-10",25.0,1002.0,-20.59311866760254,167.33685302734375,0.0,-1.0,developing,developing,25.0,1001.0,0.0,-1.0
2000089S20168,VAUGHAN,2000-03-30 18:00:00+00:00,2000-03-30 21:00:00+00:00,3.0,stormsense_dataset/images/2000089S20168_VAUGHAN/20000330T180000Z.png,"GMS-5,GOES-10",25.0,1001.0,-20.5,167.39999389648438,0.0,-1.0,developing,developing,24.0,1002.0,-1.0,1.0
2000089S20168,VAUGHAN,2000-03-30 21:00:00+00:00,2000-03-31 00:00:00+00:00,3.0,stormsense_dataset/images/2000089S20168_VAUGHAN/20000330T210000Z.png,"GMS-5,GOES-10",24.0,1002.0,-20.35013771057129,167.51129150390625,-1.0,1.0,developing,developing,23.0,1003.0,-1.0,1.0
2000089S20168,VAUGHAN,2000-03-31 00:00:00+00:00,2000-03-31 03:00:00+00:00,3.0,stormsense_dataset/images/2000089S20168_VAUGHAN/20000331T000000Z.png,"GMS-5,GOES-10",23.0,1003.0,-20.191768646240234,167.57513427734375,-1.0,1.0,developing,developing,23.0,1003.0,0.0,0.0
2000089S20168,VAUGHAN,2000-03-31 03:00:00+00:00,2000-03-31 06:00:00+00:00,3.0,stormsense_dataset/images/2000089S20168_VAUGHAN/20000331T030000Z.png,"GMS-5,GOES-10",23.0,1003.0,-20.05492210388184,167.49053955078125,0.0,0.0,developing,developing,23.0,1003.0,0.0,0.0
2000089S20168,VAUGHAN,2000-03-31 06:00:00+00:00,2000-03-31 09:00:00+00:00,3.0,stormsense_dataset/images/2000089S20168_VAUGHAN/20000331T060000Z.png,"GMS-5,GOES-10",23.0,1003.0,-19.93505096435547,167.35882568359375,0.0,0.0,developing,developing,23.0,1003.0,0.0,0.0
2000089S20168,VAUGHAN,2000-03-31 09:00:00+00:00,2000-03-31 12:00:00+00:00,3.0,stormsense_dataset/images/2000089S20168_VAUGHAN/20000331T090000Z.png,GMS-5,23.0,1003.0,-19.838451385498047,167.27734375,0.0,0.0,developing,developing,23.0,1003.0,0.0,0.0
2000089S20168,VAUGHAN,2000-03-31 12:00:00+00:00,2000-03-31 15:00:00+00:00,3.0,stormsense_dataset/images/2000089S20168_VAUGHAN/20000331T120000Z.png,"GMS-5,GOES-10",23.0,1003.0,-19.739999771118164,167.22000122070312,0.0,0.0,developing,developing,23.0,1003.0,0.0,0.0
2000089S20168,VAUGHAN,2000-03-31 15:00:00+00:00,2000-03-31 18:00:00+00:00,3.0,stormsense_dataset/images/2000089S20168_VAUGHAN/20000331T150000Z.png,"GMS-5,GOES-10",23.0,1003.0,-19.67615509033203,167.23178100585938,0.0,0.0,developing,developing,23.0,1003.0,0.0,0.0
2000089S20168,VAUGHAN,2000-03-31 18:00:00+00:00,2000-03-31 21:00:00+00:00,3.0,stormsense_dataset/images/2000089S20168_VAUGHAN/20000331T180000Z.png,"GMS-5,GOES-10",23.0,1003.0,-19.470928192138672,167.1646728515625,0.0,0.0,developing,developing,23.0,1002.5,0.0,-0.5
2000089S20168,VAUGHAN,2000-03-31 21:00:00+00:00,2000-04-01 00:00:00+00:00,3.0,stormsense_dataset/images/2000089S20168_VAUGHAN/20000331T210000Z.png,"GMS-5,GOES-10",23.0,1002.5,-18.90624237060547,166.86138916015625,0.0,-0.5,developing,developing,23.0,1002.0,0.0,-0.5
2000089S20168,VAUGHAN,2000-04-01 00:00:00+00:00,2000-04-01 03:00:00+00:00,3.0,stormsense_dataset/images/2000089S20168_VAUGHAN/20000401T000000Z.png,"GMS-5,GOES-10",23.0,1002.0,-18.33333206176757,166.5,0.0,-0.5,developing,developing,23.0,1002.0,0.0,0.0
2000089S20168,VAUGHAN,2000-04-01 03:00:00+00:00,2000-04-01 06:00:00+00:00,3.0,stormsense_dataset/images/2000089S20168_VAUGHAN/20000401T030000Z.png,"GMS-5,GOES-10",23.0,1002.0,-18.10426902770996,166.28567504882812,0.0,0.0,developing,developing,23.0,1002.0,0.0,0.0
2000089S20168,VAUGHAN,2000-04-01 06:00:00+00:00,2000-04-01 09:00:00+00:00,3.0,stormsense_dataset/images/2000089S20168_VAUGHAN/20000401T060000Z.png,"GMS-5,GOES-10",23.0,1002.0,-18.009429931640625,166.05743408203125,0.0,0.0,developing,developing,23.0,1002.0,0.0,0.0
2000089S20168,VAUGHAN,2000-04-01 09:00:00+00:00,2000-04-01 12:00:00+00:00,3.0,stormsense_dataset/images/2000089S20168_VAUGHAN/20000401T090000Z.png,GMS-5,23.0,1002.0,-17.888755798339844,165.73553466796875,0.0,0.0,developing,developing,23.0,1002.0,0.0,0.0
2000089S20168,VAUGHAN,2000-04-01 12:00:00+00:00,2000-04-01 15:00:00+00:00,3.0,stormsense_dataset/images/2000089S20168_VAUGHAN/20000401T120000Z.png,"GMS-5,GOES-10",23.0,1002.0,-17.76666831970215,165.29998779296875,0.0,0.0,developing,developing,23.0,1002.0,0.0,0.0
2000089S20168,VAUGHAN,2000-04-01 15:00:00+00:00,2000-04-01 18:00:00+00:00,3.0,stormsense_dataset/images/2000089S20168_VAUGHAN/20000401T150000Z.png,"GMS-5,GOES-10",23.0,1002.0,-17.60179328918457,164.74069213867188,0.0,0.0,developing,developing,23.0,1002.0,0.0,0.0
2000089S20168,VAUGHAN,2000-04-01 18:00:00+00:00,2000-04-01 21:00:00+00:00,3.0,stormsense_dataset/images/2000089S20168_VAUGHAN/20000401T180000Z.png,"GMS-5,GOES-10",23.0,1002.0,-17.433332443237305,164.10000610351562,0.0,0.0,developing,developing,23.83333206176757,1001.0,0.833332061767571,-1.0
2000089S20168,VAUGHAN,2000-04-01 21:00:00+00:00,2000-04-02 00:00:00+00:00,3.0,stormsense_dataset/images/2000089S20168_VAUGHAN/20000401T210000Z.png,"GMS-5,GOES-10",23.83333206176757,1001.0,-17.3120174407959,163.4332275390625,0.833332061767571,-1.0,developing,developing,24.66666603088379,1000.0,0.833333969116218,-1.0
2000089S20168,VAUGHAN,2000-04-02 00:00:00+00:00,2000-04-02 03:00:00+00:00,3.0,stormsense_dataset/images/2000089S20168_VAUGHAN/20000402T000000Z.png,"GMS-5,GOES-10",24.66666603088379,1000.0,-17.166667938232422,162.79998779296875,0.833333969116218,-1.0,developing,developing,24.66666603088379,1000.0,0.0,0.0
2000089S20168,VAUGHAN,2000-04-02 03:00:00+00:00,2000-04-02 06:00:00+00:00,3.0,stormsense_dataset/images/2000089S20168_VAUGHAN/20000402T030000Z.png,"GMS-5,GOES-10",24.66666603088379,1000.0,-16.930370330810547,162.291015625,0.0,0.0,developing,developing,24.66666603088379,1000.0,0.0,0.0
2000089S20168,VAUGHAN,2000-04-02 06:00:00+00:00,2000-04-02 09:00:00+00:00,3.0,stormsense_dataset/images/2000089S20168_VAUGHAN/20000402T060000Z.png,"GMS-5,GOES-10",24.66666603088379,1000.0,-16.673107147216797,161.823486328125,0.0,0.0,developing,developing,24.66666603088379,1000.0,0.0,0.0
2000089S20168,VAUGHAN,2000-04-02 09:00:00+00:00,2000-04-02 12:00:00+00:00,3.0,stormsense_dataset/images/2000089S20168_VAUGHAN/20000402T090000Z.png,GMS-5,24.66666603088379,1000.0,-16.49335289001465,161.27362060546875,0.0,0.0,developing,developing,24.66666603088379,1000.0,0.0,0.0
2000089S20168,VAUGHAN,2000-04-02 12:00:00+00:00,2000-04-02 15:00:00+00:00,3.0,stormsense_dataset/images/2000089S20168_VAUGHAN/20000402T120000Z.png,"GMS-5,GOES-10",24.66666603088379,1000.0,-16.266666412353516,160.79998779296875,0.0,0.0,developing,developing,24.66666603088379,1000.0,0.0,0.0
2000089S20168,VAUGHAN,2000-04-02 15:00:00+00:00,2000-04-02 18:00:00+00:00,3.0,stormsense_dataset/images/2000089S20168_VAUGHAN/20000402T150000Z.png,"GMS-5,GOES-10",24.66666603088379,1000.0,-15.884981155395508,160.54904174804688,0.0,0.0,developing,developing,24.66666603088379,1000.0,0.0,0.0
2000089S20168,VAUGHAN,2000-04-02 18:00:00+00:00,2000-04-02 21:00:00+00:00,3.0,stormsense_dataset/images/2000089S20168_VAUGHAN/20000402T180000Z.png,"GMS-5,GOES-10",24.66666603088379,1000.0,-15.460227966308594,160.33184814453125,0.0,0.0,developing,developing,27.599998474121094,999.5,2.9333324432373047,-0.5
2000089S20168,VAUGHAN,2000-04-02 21:00:00+00:00,2000-04-03 00:00:00+00:00,3.0,stormsense_dataset/images/2000089S20168_VAUGHAN/20000402T210000Z.png,"GMS-5,GOES-10",27.599998474121094,999.5,-15.072964668273926,159.9849853515625,2.9333324432373047,-0.5,developing,developing,30.53333282470703,999.0,2.9333343505859375,-0.5
2000089S20168,VAUGHAN,2000-04-03 00:00:00+00:00,2000-04-03 03:00:00+00:00,3.0,stormsense_dataset/images/2000089S20168_VAUGHAN/20000403T000000Z.png,"GMS-5,GOES-10",30.53333282470703,999.0,-14.766666412353516,159.5333251953125,2.933334350585937,-0.5,developing,developing,30.53333282470703,998.5,0.0,-0.5
2000089S20168,VAUGHAN,2000-04-03 03:00:00+00:00,2000-04-03 06:00:00+00:00,3.0,stormsense_dataset/images/2000089S20168_VAUGHAN/20000403T030000Z.png,"GMS-5,GOES-10",30.53333282470703,998.5,-14.606315612792969,158.98260498046875,0.0,-0.5,developing,developing,30.53333282470703,998.0,0.0,-0.5
2000089S20168,VAUGHAN,2000-04-03 06:00:00+00:00,2000-04-03 09:00:00+00:00,3.0,stormsense_dataset/images/2000089S20168_VAUGHAN/20000403T060000Z.png,"GMS-5,GOES-10",30.53333282470703,998.0,-14.5,158.36663818359375,0.0,-0.5,developing,developing,30.53333282470703,998.0,0.0,0.0
2000089S20168,VAUGHAN,2000-04-03 09:00:00+00:00,2000-04-03 12:00:00+00:00,3.0,stormsense_dataset/images/2000089S20168_VAUGHAN/20000403T090000Z.png,GMS-5,30.53333282470703,998.0,-14.34083366394043,157.739990234375,0.0,0.0,developing,developing,30.53333282470703,998.0,0.0,0.0
2000089S20168,VAUGHAN,2000-04-03 12:00:00+00:00,2000-04-03 15:00:00+00:00,3.0,stormsense_dataset/images/2000089S20168_VAUGHAN/20000403T120000Z.png,"GMS-5,GOES-10",30.53333282470703,998.0,-14.166666984558104,157.13333129882812,0.0,0.0,developing,organizing,36.91666793823242,994.0,6.383335113525391,-4.0
2000089S20168,VAUGHAN,2000-04-03 15:00:00+00:00,2000-04-03 18:00:00+00:00,3.0,stormsense_dataset/images/2000089S20168_VAUGHAN/20000403T150000Z.png,"GMS-5,GOES-10",36.91666793823242,994.0,-13.970118522644045,156.60345458984375,6.383335113525391,-4.0,organizing,organizing,43.30000305175781,990.0,6.383335113525391,-4.0
2000089S20168,VAUGHAN,2000-04-03 18:00:00+00:00,2000-04-03 21:00:00+00:00,3.0,stormsense_dataset/images/2000089S20168_VAUGHAN/20000403T180000Z.png,"GMS-5,GOES-10",43.30000305175781,990.0,-13.799999237060549,156.10000610351562,6.383335113525391,-4.0,organizing,organizing,47.650001525878906,987.5,4.349998474121094,-2.5
2000089S20168,VAUGHAN,2000-04-03 21:00:00+00:00,2000-04-04 00:00:00+00:00,3.0,stormsense_dataset/images/2000089S20168_VAUGHAN/20000403T210000Z.png,"GMS-5,GOES-10",47.650001525878906,987.5,-13.705142974853516,155.58114624023438,4.349998474121094,-2.5,organizing,mature,52.0,985.0,4.349998474121094,-2.5
2000089S20168,VAUGHAN,2000-04-04 00:00:00+00:00,2000-04-04 03:00:00+00:00,3.0,stormsense_dataset/images/2000089S20168_VAUGHAN/20000404T000000Z.png,GMS-5,52.0,985.0,-13.642857551574709,155.0428466796875,4.349998474121094,-2.5,mature,mature,50.900001525878906,985.0,-1.0999984741210938,0.0
2000089S20168,VAUGHAN,2000-04-04 03:00:00+00:00,2000-04-04 06:00:00+00:00,3.0,stormsense_dataset/images/2000089S20168_VAUGHAN/20000404T030000Z.png,GMS-5,50.900001525878906,985.0,-13.563309669494627,154.463134765625,-1.0999984741210938,0.0,mature,mature,49.80000305175781,985.0,-1.0999984741210938,0.0
2000089S20168,VAUGHAN,2000-04-04 06:00:00+00:00,2000-04-04 09:00:00+00:00,3.0,stormsense_dataset/images/2000089S20168_VAUGHAN/20000404T060000Z.png,GMS-5,49.80000305175781,985.0,-13.493332862854004,153.8800048828125,-1.0999984741210938,0.0,mature,mature,49.80000305175781,985.0,0.0,0.0
2000089S20168,VAUGHAN,2000-04-04 09:00:00+00:00,2000-04-04 12:00:00+00:00,3.0,stormsense_dataset/images/2000089S20168_VAUGHAN/20000404T090000Z.png,GMS-5,49.80000305175781,985.0,-13.420452117919922,153.30905151367188,0.0,0.0,mature,mature,49.80000305175781,985.0,0.0,0.0
2000089S20168,VAUGHAN,2000-04-04 12:00:00+00:00,2000-04-04 15:00:00+00:00,3.0,stormsense_dataset/images/2000089S20168_VAUGHAN/20000404T120000Z.png,GMS-5,49.80000305175781,985.0,-13.40000057220459,152.79998779296875,0.0,0.0,mature,mature,49.80000305175781,985.0,0.0,0.0
2000089S20168,VAUGHAN,2000-04-04 15:00:00+00:00,2000-04-04 18:00:00+00:00,3.0,stormsense_dataset/images/2000089S20168_VAUGHAN/20000404T150000Z.png,GMS-5,49.80000305175781,985.0,-13.451749801635742,152.40023803710938,0.0,0.0,mature,mature,49.80000305175781,985.0,0.0,0.0
2000089S20168,VAUGHAN,2000-04-04 18:00:00+00:00,2000-04-04 21:00:00+00:00,3.0,stormsense_dataset/images/2000089S20168_VAUGHAN/20000404T180000Z.png,GMS-5,49.80000305175781,985.0,-13.59999942779541,152.04998779296875,0.0,0.0,mature,weakening,48.70000076293945,985.0,-1.1000022888183594,0.0
2000089S20168,VAUGHAN,2000-04-04 21:00:00+00:00,2000-04-05 00:00:00+00:00,3.0,stormsense_dataset/images/2000089S20168_VAUGHAN/20000404T210000Z.png,GMS-5,48.70000076293945,985.0,-13.852499008178713,151.68621826171875,-1.1000022888183594,0.0,weakening,weakening,47.59999847412109,985.0,-1.1000022888183665,0.0
2000089S20168,VAUGHAN,2000-04-05 00:00:00+00:00,2000-04-05 03:00:00+00:00,3.0,stormsense_dataset/images/2000089S20168_VAUGHAN/20000405T000000Z.png,GMS-5,47.59999847412109,985.0,-14.149999618530272,151.29998779296875,-1.1000022888183665,0.0,weakening,organizing,43.25,987.5,-4.349998474121087,2.5
2000089S20168,VAUGHAN,2000-04-05 03:00:00+00:00,2000-04-05 06:00:00+00:00,3.0,stormsense_dataset/images/2000089S20168_VAUGHAN/20000405T030000Z.png,GMS-5,43.25,987.5,-14.422499656677246,150.853759765625,-4.349998474121087,2.5,organizing,organizing,38.900001525878906,990.0,-4.349998474121094,2.5
2000089S20168,VAUGHAN,2000-04-05 06:00:00+00:00,2000-04-05 09:00:00+00:00,3.0,stormsense_dataset/images/2000089S20168_VAUGHAN/20000405T060000Z.png,GMS-5,38.900001525878906,990.0,-14.649999618530272,150.39999389648438,-4.349998474121094,2.5,organizing,organizing,38.900001525878906,990.0,0.0,0.0
2000089S20168,VAUGHAN,2000-04-05 09:00:00+00:00,2000-04-05 12:00:00+00:00,3.0,stormsense_dataset/images/2000089S20168_VAUGHAN/20000405T090000Z.png,GMS-5,38.900001525878906,990.0,-14.801250457763672,150.00375366210938,0.0,0.0,organizing,organizing,38.900001525878906,990.0,0.0,0.0
2000089S20168,VAUGHAN,2000-04-05 12:00:00+00:00,2000-04-05 15:00:00+00:00,3.0,stormsense_dataset/images/2000089S20168_VAUGHAN/20000405T120000Z.png,GMS-5,38.900001525878906,990.0,-14.90000057220459,149.60000610351562,0.0,0.0,organizing,organizing,46.025001525878906,982.5,7.125,-7.5
2000089S20168,VAUGHAN,2000-04-05 15:00:00+00:00,2000-04-05 18:00:00+00:00,3.0,stormsense_dataset/images/2000089S20168_VAUGHAN/20000405T150000Z.png,GMS-5,46.025001525878906,982.5,-14.975000381469728,149.14752197265625,7.125,-7.5,organizing,mature,53.150001525878906,975.0,7.125,-7.5
2000089S20168,VAUGHAN,2000-04-05 18:00:00+00:00,2000-04-05 21:00:00+00:00,3.0,stormsense_dataset/images/2000089S20168_VAUGHAN/20000405T180000Z.png,GMS-5,53.150001525878906,975.0,-15.049999237060549,148.64999389648438,7.125,-7.5,mature,weakening,51.125,980.0,-2.0250015258789062,5.0
2000089S20168,VAUGHAN,2000-04-05 21:00:00+00:00,2000-04-06 00:00:00+00:00,3.0,stormsense_dataset/images/2000089S20168_VAUGHAN/20000405T210000Z.png,GMS-5,51.125,980.0,-15.182499885559082,148.08499145507812,-2.0250015258789062,5.0,weakening,weakening,49.09999847412109,985.0,-2.0250015258789134,5.0
2000089S20168,VAUGHAN,2000-04-06 00:00:00+00:00,2000-04-06 03:00:00+00:00,3.0,stormsense_dataset/images/2000089S20168_VAUGHAN/20000406T000000Z.png,GMS-5,49.09999847412109,985.0,-15.300000190734863,147.54998779296875,-2.0250015258789134,5.0,weakening,weakening,41.72499847412109,992.5,-7.375,7.5
2000089S20168,VAUGHAN,2000-04-06 03:00:00+00:00,2000-04-06 06:00:00+00:00,3.0,stormsense_dataset/images/2000089S20168_VAUGHAN/20000406T030000Z.png,GMS-5,41.72499847412109,992.5,-15.328750610351562,147.114990234375,-7.375,7.5,weakening,weakening,34.349998474121094,1000.0,-7.374999999999993,7.5
2000089S20168,VAUGHAN,2000-04-06 06:00:00+00:00,2000-04-06 09:00:00+00:00,3.0,stormsense_dataset/images/2000089S20168_VAUGHAN/20000406T060000Z.png,GMS-5,34.349998474121094,1000.0,-15.350000381469728,146.79998779296875,-7.374999999999993,7.5,weakening,weakening,30.14166641235352,1002.5,-4.208332061767575,2.5
2000089S20168,VAUGHAN,2000-04-06 09:00:00+00:00,2000-04-06 12:00:00+00:00,3.0,stormsense_dataset/images/2000089S20168_VAUGHAN/20000406T090000Z.png,GMS-5,30.14166641235352,1002.5,-15.446495056152344,146.6126708984375,-4.208332061767575,2.5,weakening,developing,25.933334350585938,1005.0,-4.208332061767582,2.5
2000089S20168,VAUGHAN,2000-04-06 12:00:00+00:00,2000-04-06 15:00:00+00:00,3.0,stormsense_dataset/images/2000089S20168_VAUGHAN/20000406T120000Z.png,GMS-5,25.933334350585938,1005.0,-15.550000190734863,146.5,-4.208332061767582,2.5,developing,developing,24.46666717529297,1005.0,-1.4666671752929688,0.0
2000089S20168,VAUGHAN,2000-04-06 15:00:00+00:00,2000-04-06 18:00:00+00:00,3.0,stormsense_dataset/images/2000089S20168_VAUGHAN/20000406T150000Z.png,GMS-5,24.46666717529297,1005.0,-15.613125801086426,146.38125610351562,-1.4666671752929688,0.0,developing,developing,23.0,1005.0,-1.4666671752929688,0.0
