clean_index,storm_id,timestamp,image_path,embedding_index
0,2000003S13082,2000-01-03 06:00:00+00:00,stormsense_dataset/images/2000003S13082_BABIOLA/20000103T060000Z.png,0
1,2000003S13082,2000-01-03 09:00:00+00:00,stormsense_dataset/images/2000003S13082_BABIOLA/20000103T090000Z.png,1
2,2000003S13082,2000-01-03 12:00:00+00:00,stormsense_dataset/images/2000003S13082_BABIOLA/20000103T120000Z.png,2
3,2000003S13082,2000-01-03 15:00:00+00:00,stormsense_dataset/images/2000003S13082_BABIOLA/20000103T150000Z.png,3
4,2000003S13082,2000-01-03 18:00:00+00:00,stormsense_dataset/images/2000003S13082_BABIOLA/20000103T180000Z.png,4
5,2000003S13082,2000-01-03 21:00:00+00:00,stormsense_dataset/images/2000003S13082_BABIOLA/20000103T210000Z.png,5
6,2000003S13082,2000-01-04 00:00:00+00:00,stormsense_dataset/images/2000003S13082_BABIOLA/20000104T000000Z.png,6
7,2000003S13082,2000-01-04 03:00:00+00:00,stormsense_dataset/images/2000003S13082_BABIOLA/20000104T030000Z.png,7
8,2000003S13082,2000-01-04 06:00:00+00:00,stormsense_dataset/images/2000003S13082_BABIOLA/20000104T060000Z.png,8
9,2000003S13082,2000-01-04 09:00:00+00:00,stormsense_dataset/images/2000003S13082_BABIOLA/20000104T090000Z.png,9
10,2000003S13082,2000-01-04 12:00:00+00:00,stormsense_dataset/images/2000003S13082_BABIOLA/20000104T120000Z.png,10
11,2000003S13082,2000-01-04 15:00:00+00:00,stormsense_dataset/images/2000003S13082_BABIOLA/20000104T150000Z.png,11
12,2000003S13082,2000-01-04 18:00:00+00:00,stormsense_dataset/images/2000003S13082_BABIOLA/20000104T180000Z.png,12
13,2000003S13082,2000-01-04 21:00:00+00:00,stormsense_dataset/images/2000003S13082_BABIOLA/20000104T210000Z.png,13
14,2000003S13082,2000-01-05 00:00:00+00:00,stormsense_dataset/images/2000003S13082_BABIOLA/20000105T000000Z.png,14
15,2000003S13082,2000-01-05 03:00:00+00:00,stormsense_dataset/images/2000003S13082_BABIOLA/20000105T030000Z.png,15
16,2000003S13082,2000-01-05 06:00:00+00:00,stormsense_dataset/images/2000003S13082_BABIOLA/20000105T060000Z.png,16
17,2000003S13082,2000-01-05 09:00:00+00:00,stormsense_dataset/images/2000003S13082_BABIOLA/20000105T090000Z.png,17
18,2000003S13082,2000-01-05 12:00:00+00:00,stormsense_dataset/images/2000003S13082_BABIOLA/20000105T120000Z.png,18
19,2000003S13082,2000-01-05 15:00:00+00:00,stormsense_dataset/images/2000003S13082_BABIOLA/20000105T150000Z.png,19
20,2000003S13082,2000-01-05 18:00:00+00:00,stormsense_dataset/images/2000003S13082_BABIOLA/20000105T180000Z.png,20
21,2000003S13082,2000-01-05 21:00:00+00:00,stormsense_dataset/images/2000003S13082_BABIOLA/20000105T210000Z.png,21
22,2000003S13082,2000-01-06 00:00:00+00:00,stormsense_dataset/images/2000003S13082_BABIOLA/20000106T000000Z.png,22
23,2000003S13082,2000-01-06 03:00:00+00:00,stormsense_dataset/images/2000003S13082_BABIOLA/20000106T030000Z.png,23
24,2000003S13082,2000-01-06 06:00:00+00:00,stormsense_dataset/images/2000003S13082_BABIOLA/20000106T060000Z.png,24
25,2000003S13082,2000-01-06 09:00:00+00:00,stormsense_dataset/images/2000003S13082_BABIOLA/20000106T090000Z.png,25
26,2000003S13082,2000-01-06 12:00:00+00:00,stormsense_dataset/images/2000003S13082_BABIOLA/20000106T120000Z.png,26
27,2000003S13082,2000-01-06 15:00:00+00:00,stormsense_dataset/images/2000003S13082_BABIOLA/20000106T150000Z.png,27
28,2000003S13082,2000-01-06 18:00:00+00:00,stormsense_dataset/images/2000003S13082_BABIOLA/20000106T180000Z.png,28
29,2000003S13082,2000-01-06 21:00:00+00:00,stormsense_dataset/images/2000003S13082_BABIOLA/20000106T210000Z.png,29
30,2000003S13082,2000-01-07 00:00:00+00:00,stormsense_dataset/images/2000003S13082_BABIOLA/20000107T000000Z.png,30
31,2000003S13082,2000-01-07 03:00:00+00:00,stormsense_dataset/images/2000003S13082_BABIOLA/20000107T030000Z.png,31
32,2000003S13082,2000-01-07 06:00:00+00:00,stormsense_dataset/images/2000003S13082_BABIOLA/20000107T060000Z.png,32
33,2000003S13082,2000-01-07 09:00:00+00:00,stormsense_dataset/images/2000003S13082_BABIOLA/20000107T090000Z.png,33
34,2000003S13082,2000-01-07 12:00:00+00:00,stormsense_dataset/images/2000003S13082_BABIOLA/20000107T120000Z.png,34
35,2000003S13082,2000-01-07 15:00:00+00:00,stormsense_dataset/images/2000003S13082_BABIOLA/20000107T150000Z.png,35
36,2000003S13082,2000-01-07 18:00:00+00:00,stormsense_dataset/images/2000003S13082_BABIOLA/20000107T180000Z.png,36
37,2000003S13082,2000-01-07 21:00:00+00:00,stormsense_dataset/images/2000003S13082_BABIOLA/20000107T210000Z.png,37
38,2000003S13082,2000-01-08 00:00:00+00:00,stormsense_dataset/images/2000003S13082_BABIOLA/20000108T000000Z.png,38
39,2000003S13082,2000-01-08 03:00:00+00:00,stormsense_dataset/images/2000003S13082_BABIOLA/20000108T030000Z.png,39
40,2000003S13082,2000-01-08 06:00:00+00:00,stormsense_dataset/images/2000003S13082_BABIOLA/20000108T060000Z.png,40
41,2000003S13082,2000-01-08 09:00:00+00:00,stormsense_dataset/images/2000003S13082_BABIOLA/20000108T090000Z.png,41
42,2000003S13082,2000-01-08 12:00:00+00:00,stormsense_dataset/images/2000003S13082_BABIOLA/20000108T120000Z.png,42
43,2000003S13082,2000-01-08 15:00:00+00:00,stormsense_dataset/images/2000003S13082_BABIOLA/20000108T150000Z.png,43
44,2000003S13082,2000-01-08 18:00:00+00:00,stormsense_dataset/images/2000003S13082_BABIOLA/20000108T180000Z.png,44
45,2000003S13082,2000-01-08 21:00:00+00:00,stormsense_dataset/images/2000003S13082_BABIOLA/20000108T210000Z.png,45
46,2000003S13082,2000-01-09 00:00:00+00:00,stormsense_dataset/images/2000003S13082_BABIOLA/20000109T000000Z.png,46
47,2000003S13082,2000-01-09 03:00:00+00:00,stormsense_dataset/images/2000003S13082_BABIOLA/20000109T030000Z.png,47
48,2000003S13082,2000-01-09 06:00:00+00:00,stormsense_dataset/images/2000003S13082_BABIOLA/20000109T060000Z.png,48
49,2000003S13082,2000-01-09 09:00:00+00:00,stormsense_dataset/images/2000003S13082_BABIOLA/20000109T090000Z.png,49
50,2000003S13082,2000-01-09 12:00:00+00:00,stormsense_dataset/images/2000003S13082_BABIOLA/20000109T120000Z.png,50
51,2000003S13082,2000-01-09 15:00:00+00:00,stormsense_dataset/images/2000003S13082_BABIOLA/20000109T150000Z.png,51
52,2000003S13082,2000-01-09 18:00:00+00:00,stormsense_dataset/images/2000003S13082_BABIOLA/20000109T180000Z.png,52
53,2000003S13082,2000-01-09 21:00:00+00:00,stormsense_dataset/images/2000003S13082_BABIOLA/20000109T210000Z.png,53
54,2000003S13082,2000-01-10 00:00:00+00:00,stormsense_dataset/images/2000003S13082_BABIOLA/20000110T000000Z.png,54
55,2000003S13082,2000-01-10 03:00:00+00:00,stormsense_dataset/images/2000003S13082_BABIOLA/20000110T030000Z.png,55
56,2000003S13082,2000-01-10 06:00:00+00:00,stormsense_dataset/images/2000003S13082_BABIOLA/20000110T060000Z.png,56
57,2000003S13082,2000-01-10 09:00:00+00:00,stormsense_dataset/images/2000003S13082_BABIOLA/20000110T090000Z.png,57
58,2000003S13082,2000-01-10 12:00:00+00:00,stormsense_dataset/images/2000003S13082_BABIOLA/20000110T120000Z.png,58
59,2000003S13082,2000-01-10 15:00:00+00:00,stormsense_dataset/images/2000003S13082_BABIOLA/20000110T150000Z.png,59
60,2000003S13082,2000-01-10 18:00:00+00:00,stormsense_dataset/images/2000003S13082_BABIOLA/20000110T180000Z.png,60
61,2000003S13082,2000-01-10 21:00:00+00:00,stormsense_dataset/images/2000003S13082_BABIOLA/20000110T210000Z.png,61
62,2000003S13082,2000-01-11 00:00:00+00:00,stormsense_dataset/images/2000003S13082_BABIOLA/20000111T000000Z.png,62
63,2000003S13082,2000-01-11 03:00:00+00:00,stormsense_dataset/images/2000003S13082_BABIOLA/20000111T030000Z.png,63
64,2000003S13082,2000-01-11 06:00:00+00:00,stormsense_dataset/images/2000003S13082_BABIOLA/20000111T060000Z.png,64
65,2000003S13082,2000-01-11 09:00:00+00:00,stormsense_dataset/images/2000003S13082_BABIOLA/20000111T090000Z.png,65
66,2000003S13082,2000-01-11 12:00:00+00:00,stormsense_dataset/images/2000003S13082_BABIOLA/20000111T120000Z.png,66
67,2000003S13082,2000-01-11 15:00:00+00:00,stormsense_dataset/images/2000003S13082_BABIOLA/20000111T150000Z.png,67
68,2000003S13082,2000-01-11 18:00:00+00:00,stormsense_dataset/images/2000003S13082_BABIOLA/20000111T180000Z.png,68
69,2000003S13082,2000-01-11 21:00:00+00:00,stormsense_dataset/images/2000003S13082_BABIOLA/20000111T210000Z.png,69
70,2000003S13082,2000-01-12 00:00:00+00:00,stormsense_dataset/images/2000003S13082_BABIOLA/20000112T000000Z.png,70
71,2000003S13082,2000-01-12 03:00:00+00:00,stormsense_dataset/images/2000003S13082_BABIOLA/20000112T030000Z.png,71
72,2000003S13082,2000-01-12 06:00:00+00:00,stormsense_dataset/images/2000003S13082_BABIOLA/20000112T060000Z.png,72
73,2000003S13082,2000-01-12 09:00:00+00:00,stormsense_dataset/images/2000003S13082_BABIOLA/20000112T090000Z.png,73
74,2000003S13082,2000-01-12 12:00:00+00:00,stormsense_dataset/images/2000003S13082_BABIOLA/20000112T120000Z.png,74
75,2000003S13082,2000-01-12 15:00:00+00:00,stormsense_dataset/images/2000003S13082_BABIOLA/20000112T150000Z.png,75
76,2000003S13082,2000-01-12 18:00:00+00:00,stormsense_dataset/images/2000003S13082_BABIOLA/20000112T180000Z.png,76
77,2000003S13082,2000-01-12 21:00:00+00:00,stormsense_dataset/images/2000003S13082_BABIOLA/20000112T210000Z.png,77
78,2000003S13082,2000-01-13 00:00:00+00:00,stormsense_dataset/images/2000003S13082_BABIOLA/20000113T000000Z.png,78
79,2000003S13082,2000-01-13 03:00:00+00:00,stormsense_dataset/images/2000003S13082_BABIOLA/20000113T030000Z.png,79
80,2000003S13082,2000-01-13 06:00:00+00:00,stormsense_dataset/images/2000003S13082_BABIOLA/20000113T060000Z.png,80
81,2000003S13082,2000-01-13 09:00:00+00:00,stormsense_dataset/images/2000003S13082_BABIOLA/20000113T090000Z.png,81
82,2000003S13082,2000-01-13 12:00:00+00:00,stormsense_dataset/images/2000003S13082_BABIOLA/20000113T120000Z.png,82
83,2000003S13082,2000-01-13 15:00:00+00:00,stormsense_dataset/images/2000003S13082_BABIOLA/20000113T150000Z.png,83
84,2000003S13082,2000-01-13 18:00:00+00:00,stormsense_dataset/images/2000003S13082_BABIOLA/20000113T180000Z.png,84
85,2000003S13082,2000-01-13 21:00:00+00:00,stormsense_dataset/images/2000003S13082_BABIOLA/20000113T210000Z.png,85
86,2000003S13082,2000-01-14 00:00:00+00:00,stormsense_dataset/images/2000003S13082_BABIOLA/20000114T000000Z.png,86
87,2000003S13082,2000-01-14 03:00:00+00:00,stormsense_dataset/images/2000003S13082_BABIOLA/20000114T030000Z.png,87
88,2000003S13082,2000-01-14 06:00:00+00:00,stormsense_dataset/images/2000003S13082_BABIOLA/20000114T060000Z.png,88
89,2000003S13082,2000-01-14 09:00:00+00:00,stormsense_dataset/images/2000003S13082_BABIOLA/20000114T090000Z.png,89
90,2000006S15164,2000-01-06 00:00:00+00:00,stormsense_dataset/images/2000006S15164_IRIS/20000106T000000Z.png,90
91,2000006S15164,2000-01-06 03:00:00+00:00,stormsense_dataset/images/2000006S15164_IRIS/20000106T030000Z.png,91
92,2000006S15164,2000-01-06 06:00:00+00:00,stormsense_dataset/images/2000006S15164_IRIS/20000106T060000Z.png,92
93,2000006S15164,2000-01-06 09:00:00+00:00,stormsense_dataset/images/2000006S15164_IRIS/20000106T090000Z.png,93
94,2000006S15164,2000-01-06 12:00:00+00:00,stormsense_dataset/images/2000006S15164_IRIS/20000106T120000Z.png,94
95,2000006S15164,2000-01-06 15:00:00+00:00,stormsense_dataset/images/2000006S15164_IRIS/20000106T150000Z.png,95
96,2000006S15164,2000-01-06 18:00:00+00:00,stormsense_dataset/images/2000006S15164_IRIS/20000106T180000Z.png,96
97,2000006S15164,2000-01-06 21:00:00+00:00,stormsense_dataset/images/2000006S15164_IRIS/20000106T210000Z.png,97
98,2000006S15164,2000-01-07 00:00:00+00:00,stormsense_dataset/images/2000006S15164_IRIS/20000107T000000Z.png,98
99,2000006S15164,2000-01-07 03:00:00+00:00,stormsense_dataset/images/2000006S15164_IRIS/20000107T030000Z.png,99
100,2000006S15164,2000-01-07 06:00:00+00:00,stormsense_dataset/images/2000006S15164_IRIS/20000107T060000Z.png,100
101,2000006S15164,2000-01-07 09:00:00+00:00,stormsense_dataset/images/2000006S15164_IRIS/20000107T090000Z.png,101
102,2000006S15164,2000-01-07 12:00:00+00:00,stormsense_dataset/images/2000006S15164_IRIS/20000107T120000Z.png,102
103,2000006S15164,2000-01-07 15:00:00+00:00,stormsense_dataset/images/2000006S15164_IRIS/20000107T150000Z.png,103
104,2000006S15164,2000-01-07 18:00:00+00:00,stormsense_dataset/images/2000006S15164_IRIS/20000107T180000Z.png,104
105,2000006S15164,2000-01-07 21:00:00+00:00,stormsense_dataset/images/2000006S15164_IRIS/20000107T210000Z.png,105
106,2000006S15164,2000-01-08 00:00:00+00:00,stormsense_dataset/images/2000006S15164_IRIS/20000108T000000Z.png,106
107,2000006S15164,2000-01-08 03:00:00+00:00,stormsense_dataset/images/2000006S15164_IRIS/20000108T030000Z.png,107
108,2000006S15164,2000-01-08 06:00:00+00:00,stormsense_dataset/images/2000006S15164_IRIS/20000108T060000Z.png,108
109,2000006S15164,2000-01-08 09:00:00+00:00,stormsense_dataset/images/2000006S15164_IRIS/20000108T090000Z.png,109
110,2000006S15164,2000-01-08 12:00:00+00:00,stormsense_dataset/images/2000006S15164_IRIS/20000108T120000Z.png,110
111,2000006S15164,2000-01-08 15:00:00+00:00,stormsense_dataset/images/2000006S15164_IRIS/20000108T150000Z.png,111
112,2000006S15164,2000-01-08 18:00:00+00:00,stormsense_dataset/images/2000006S15164_IRIS/20000108T180000Z.png,112
113,2000006S15164,2000-01-08 21:00:00+00:00,stormsense_dataset/images/2000006S15164_IRIS/20000108T210000Z.png,113
114,2000006S15164,2000-01-09 00:00:00+00:00,stormsense_dataset/images/2000006S15164_IRIS/20000109T000000Z.png,114
115,2000006S15164,2000-01-09 03:00:00+00:00,stormsense_dataset/images/2000006S15164_IRIS/20000109T030000Z.png,115
116,2000006S15164,2000-01-09 06:00:00+00:00,stormsense_dataset/images/2000006S15164_IRIS/20000109T060000Z.png,116
117,2000006S15164,2000-01-09 09:00:00+00:00,stormsense_dataset/images/2000006S15164_IRIS/20000109T090000Z.png,117
118,2000006S15164,2000-01-09 12:00:00+00:00,stormsense_dataset/images/2000006S15164_IRIS/20000109T120000Z.png,118
119,2000006S15164,2000-01-09 15:00:00+00:00,stormsense_dataset/images/2000006S15164_IRIS/20000109T150000Z.png,119
120,2000006S15164,2000-01-09 18:00:00+00:00,stormsense_dataset/images/2000006S15164_IRIS/20000109T180000Z.png,120
121,2000006S15164,2000-01-09 21:00:00+00:00,stormsense_dataset/images/2000006S15164_IRIS/20000109T210000Z.png,121
122,2000006S15164,2000-01-10 00:00:00+00:00,stormsense_dataset/images/2000006S15164_IRIS/20000110T000000Z.png,122
123,2000006S15164,2000-01-10 03:00:00+00:00,stormsense_dataset/images/2000006S15164_IRIS/20000110T030000Z.png,123
124,2000006S15164,2000-01-10 06:00:00+00:00,stormsense_dataset/images/2000006S15164_IRIS/20000110T060000Z.png,124
125,2000006S15164,2000-01-10 09:00:00+00:00,stormsense_dataset/images/2000006S15164_IRIS/20000110T090000Z.png,125
126,2000006S15164,2000-01-10 12:00:00+00:00,stormsense_dataset/images/2000006S15164_IRIS/20000110T120000Z.png,126
127,2000006S15164,2000-01-10 15:00:00+00:00,stormsense_dataset/images/2000006S15164_IRIS/20000110T150000Z.png,127
128,2000018S15190,2000-01-18 00:00:00+00:00,stormsense_dataset/images/2000018S15190_TD/20000118T000000Z.png,128
129,2000018S15190,2000-01-18 03:00:00+00:00,stormsense_dataset/images/2000018S15190_TD/20000118T030000Z.png,129
130,2000018S15190,2000-01-18 06:00:00+00:00,stormsense_dataset/images/2000018S15190_TD/20000118T060000Z.png,130
131,2000018S15190,2000-01-18 09:00:00+00:00,stormsense_dataset/images/2000018S15190_TD/20000118T090000Z.png,131
132,2000018S15190,2000-01-18 12:00:00+00:00,stormsense_dataset/images/2000018S15190_TD/20000118T120000Z.png,132
133,2000018S15190,2000-01-18 15:00:00+00:00,stormsense_dataset/images/2000018S15190_TD/20000118T150000Z.png,133
134,2000018S15190,2000-01-18 18:00:00+00:00,stormsense_dataset/images/2000018S15190_TD/20000118T180000Z.png,134
135,2000018S15190,2000-01-18 21:00:00+00:00,stormsense_dataset/images/2000018S15190_TD/20000118T210000Z.png,135
136,2000018S15190,2000-01-19 00:00:00+00:00,stormsense_dataset/images/2000018S15190_TD/20000119T000000Z.png,136
137,2000018S15190,2000-01-19 03:00:00+00:00,stormsense_dataset/images/2000018S15190_TD/20000119T030000Z.png,137
138,2000018S15190,2000-01-19 06:00:00+00:00,stormsense_dataset/images/2000018S15190_TD/20000119T060000Z.png,138
139,2000018S15190,2000-01-19 09:00:00+00:00,stormsense_dataset/images/2000018S15190_TD/20000119T090000Z.png,139
140,2000018S15190,2000-01-19 12:00:00+00:00,stormsense_dataset/images/2000018S15190_TD/20000119T120000Z.png,140
141,2000018S15190,2000-01-19 15:00:00+00:00,stormsense_dataset/images/2000018S15190_TD/20000119T150000Z.png,141
142,2000018S15190,2000-01-19 18:00:00+00:00,stormsense_dataset/images/2000018S15190_TD/20000119T180000Z.png,142
143,2000018S15190,2000-01-19 21:00:00+00:00,stormsense_dataset/images/2000018S15190_TD/20000119T210000Z.png,143
144,2000018S15190,2000-01-20 00:00:00+00:00,stormsense_dataset/images/2000018S15190_TD/20000120T000000Z.png,144
145,2000018S15190,2000-01-20 03:00:00+00:00,stormsense_dataset/images/2000018S15190_TD/20000120T030000Z.png,145
146,2000018S15190,2000-01-20 06:00:00+00:00,stormsense_dataset/images/2000018S15190_TD/20000120T060000Z.png,146
147,2000018S15190,2000-01-20 09:00:00+00:00,stormsense_dataset/images/2000018S15190_TD/20000120T090000Z.png,147
148,2000018S15190,2000-01-20 12:00:00+00:00,stormsense_dataset/images/2000018S15190_TD/20000120T120000Z.png,148
149,2000018S15190,2000-01-20 15:00:00+00:00,stormsense_dataset/images/2000018S15190_TD/20000120T150000Z.png,149
150,2000018S15190,2000-01-20 18:00:00+00:00,stormsense_dataset/images/2000018S15190_TD/20000120T180000Z.png,150
151,2000018S15190,2000-01-20 21:00:00+00:00,stormsense_dataset/images/2000018S15190_TD/20000120T210000Z.png,151
152,2000018S15190,2000-01-21 00:00:00+00:00,stormsense_dataset/images/2000018S15190_TD/20000121T000000Z.png,152
153,2000018S15190,2000-01-21 03:00:00+00:00,stormsense_dataset/images/2000018S15190_TD/20000121T030000Z.png,153
154,2000018S15190,2000-01-21 06:00:00+00:00,stormsense_dataset/images/2000018S15190_TD/20000121T060000Z.png,154
155,2000018S15190,2000-01-21 09:00:00+00:00,stormsense_dataset/images/2000018S15190_TD/20000121T090000Z.png,155
156,2000018S15190,2000-01-21 12:00:00+00:00,stormsense_dataset/images/2000018S15190_TD/20000121T120000Z.png,156
157,2000018S15190,2000-01-21 15:00:00+00:00,stormsense_dataset/images/2000018S15190_TD/20000121T150000Z.png,157
158,2000018S15190,2000-01-21 18:00:00+00:00,stormsense_dataset/images/2000018S15190_TD/20000121T180000Z.png,158
159,2000018S15190,2000-01-21 21:00:00+00:00,stormsense_dataset/images/2000018S15190_TD/20000121T210000Z.png,159
160,2000018S15190,2000-01-22 00:00:00+00:00,stormsense_dataset/images/2000018S15190_TD/20000122T000000Z.png,160
161,2000018S15190,2000-01-22 03:00:00+00:00,stormsense_dataset/images/2000018S15190_TD/20000122T030000Z.png,161
162,2000018S15190,2000-01-22 06:00:00+00:00,stormsense_dataset/images/2000018S15190_TD/20000122T060000Z.png,162
163,2000018S15190,2000-01-22 09:00:00+00:00,stormsense_dataset/images/2000018S15190_TD/20000122T090000Z.png,163
164,2000018S15190,2000-01-22 12:00:00+00:00,stormsense_dataset/images/2000018S15190_TD/20000122T120000Z.png,164
165,2000018S15190,2000-01-22 15:00:00+00:00,stormsense_dataset/images/2000018S15190_TD/20000122T150000Z.png,165
166,2000018S15190,2000-01-22 18:00:00+00:00,stormsense_dataset/images/2000018S15190_TD/20000122T180000Z.png,166
167,2000018S15190,2000-01-22 21:00:00+00:00,stormsense_dataset/images/2000018S15190_TD/20000122T210000Z.png,167
168,2000018S15190,2000-01-23 00:00:00+00:00,stormsense_dataset/images/2000018S15190_TD/20000123T000000Z.png,168
169,2000018S15190,2000-01-23 03:00:00+00:00,stormsense_dataset/images/2000018S15190_TD/20000123T030000Z.png,169
170,2000018S15190,2000-01-23 06:00:00+00:00,stormsense_dataset/images/2000018S15190_TD/20000123T060000Z.png,170
171,2000018S15190,2000-01-23 09:00:00+00:00,stormsense_dataset/images/2000018S15190_TD/20000123T090000Z.png,171
172,2000018S15190,2000-01-23 12:00:00+00:00,stormsense_dataset/images/2000018S15190_TD/20000123T120000Z.png,172
173,2000018S15190,2000-01-23 15:00:00+00:00,stormsense_dataset/images/2000018S15190_TD/20000123T150000Z.png,173
174,2000018S15190,2000-01-23 18:00:00+00:00,stormsense_dataset/images/2000018S15190_TD/20000123T180000Z.png,174
175,2000018S15190,2000-01-23 21:00:00+00:00,stormsense_dataset/images/2000018S15190_TD/20000123T210000Z.png,175
176,2000018S15190,2000-01-24 00:00:00+00:00,stormsense_dataset/images/2000018S15190_TD/20000124T000000Z.png,176
177,2000018S15190,2000-01-24 03:00:00+00:00,stormsense_dataset/images/2000018S15190_TD/20000124T030000Z.png,177
178,2000018S15190,2000-01-24 06:00:00+00:00,stormsense_dataset/images/2000018S15190_TD/20000124T060000Z.png,178
179,2000018S15190,2000-01-24 09:00:00+00:00,stormsense_dataset/images/2000018S15190_TD/20000124T090000Z.png,179
180,2000018S15190,2000-01-24 12:00:00+00:00,stormsense_dataset/images/2000018S15190_TD/20000124T120000Z.png,180
181,2000018S15190,2000-01-24 15:00:00+00:00,stormsense_dataset/images/2000018S15190_TD/20000124T150000Z.png,181
182,2000018S15190,2000-01-24 18:00:00+00:00,stormsense_dataset/images/2000018S15190_TD/20000124T180000Z.png,182
183,2000018S15190,2000-01-24 21:00:00+00:00,stormsense_dataset/images/2000018S15190_TD/20000124T210000Z.png,183
184,2000018S15190,2000-01-25 00:00:00+00:00,stormsense_dataset/images/2000018S15190_TD/20000125T000000Z.png,184
185,2000018S15190,2000-01-25 03:00:00+00:00,stormsense_dataset/images/2000018S15190_TD/20000125T030000Z.png,185
186,2000018S15190,2000-01-25 06:00:00+00:00,stormsense_dataset/images/2000018S15190_TD/20000125T060000Z.png,186
187,2000018S15190,2000-01-25 09:00:00+00:00,stormsense_dataset/images/2000018S15190_TD/20000125T090000Z.png,187
188,2000018S15190,2000-01-25 12:00:00+00:00,stormsense_dataset/images/2000018S15190_TD/20000125T120000Z.png,188
189,2000018S15190,2000-01-25 15:00:00+00:00,stormsense_dataset/images/2000018S15190_TD/20000125T150000Z.png,189
190,2000018S15190,2000-01-25 18:00:00+00:00,stormsense_dataset/images/2000018S15190_TD/20000125T180000Z.png,190
191,2000018S15190,2000-01-25 21:00:00+00:00,stormsense_dataset/images/2000018S15190_TD/20000125T210000Z.png,191
192,2000018S15190,2000-01-26 00:00:00+00:00,stormsense_dataset/images/2000018S15190_TD/20000126T000000Z.png,192
193,2000018S15190,2000-01-26 03:00:00+00:00,stormsense_dataset/images/2000018S15190_TD/20000126T030000Z.png,193
194,2000023S15172,2000-01-23 00:00:00+00:00,stormsense_dataset/images/2000023S15172_JO/20000123T000000Z.png,194
195,2000023S15172,2000-01-23 03:00:00+00:00,stormsense_dataset/images/2000023S15172_JO/20000123T030000Z.png,195
196,2000023S15172,2000-01-23 06:00:00+00:00,stormsense_dataset/images/2000023S15172_JO/20000123T060000Z.png,196
197,2000023S15172,2000-01-23 09:00:00+00:00,stormsense_dataset/images/2000023S15172_JO/20000123T090000Z.png,197
198,2000023S15172,2000-01-23 12:00:00+00:00,stormsense_dataset/images/2000023S15172_JO/20000123T120000Z.png,198
199,2000023S15172,2000-01-23 15:00:00+00:00,stormsense_dataset/images/2000023S15172_JO/20000123T150000Z.png,199
200,2000023S15172,2000-01-23 18:00:00+00:00,stormsense_dataset/images/2000023S15172_JO/20000123T180000Z.png,200
201,2000023S15172,2000-01-23 21:00:00+00:00,stormsense_dataset/images/2000023S15172_JO/20000123T210000Z.png,201
202,2000023S15172,2000-01-24 00:00:00+00:00,stormsense_dataset/images/2000023S15172_JO/20000124T000000Z.png,202
203,2000023S15172,2000-01-24 03:00:00+00:00,stormsense_dataset/images/2000023S15172_JO/20000124T030000Z.png,203
204,2000023S15172,2000-01-24 06:00:00+00:00,stormsense_dataset/images/2000023S15172_JO/20000124T060000Z.png,204
205,2000023S15172,2000-01-24 09:00:00+00:00,stormsense_dataset/images/2000023S15172_JO/20000124T090000Z.png,205
206,2000023S15172,2000-01-24 12:00:00+00:00,stormsense_dataset/images/2000023S15172_JO/20000124T120000Z.png,206
207,2000023S15172,2000-01-24 15:00:00+00:00,stormsense_dataset/images/2000023S15172_JO/20000124T150000Z.png,207
208,2000023S15172,2000-01-24 18:00:00+00:00,stormsense_dataset/images/2000023S15172_JO/20000124T180000Z.png,208
209,2000023S15172,2000-01-24 21:00:00+00:00,stormsense_dataset/images/2000023S15172_JO/20000124T210000Z.png,209
210,2000023S15172,2000-01-25 00:00:00+00:00,stormsense_dataset/images/2000023S15172_JO/20000125T000000Z.png,210
211,2000023S15172,2000-01-25 03:00:00+00:00,stormsense_dataset/images/2000023S15172_JO/20000125T030000Z.png,211
212,2000023S15172,2000-01-25 06:00:00+00:00,stormsense_dataset/images/2000023S15172_JO/20000125T060000Z.png,212
213,2000023S15172,2000-01-25 09:00:00+00:00,stormsense_dataset/images/2000023S15172_JO/20000125T090000Z.png,213
214,2000023S15172,2000-01-25 12:00:00+00:00,stormsense_dataset/images/2000023S15172_JO/20000125T120000Z.png,214
215,2000023S15172,2000-01-25 15:00:00+00:00,stormsense_dataset/images/2000023S15172_JO/20000125T150000Z.png,215
216,2000023S15172,2000-01-25 18:00:00+00:00,stormsense_dataset/images/2000023S15172_JO/20000125T180000Z.png,216
217,2000023S15172,2000-01-25 21:00:00+00:00,stormsense_dataset/images/2000023S15172_JO/20000125T210000Z.png,217
218,2000023S15172,2000-01-26 00:00:00+00:00,stormsense_dataset/images/2000023S15172_JO/20000126T000000Z.png,218
219,2000023S15172,2000-01-26 03:00:00+00:00,stormsense_dataset/images/2000023S15172_JO/20000126T030000Z.png,219
220,2000023S15172,2000-01-26 06:00:00+00:00,stormsense_dataset/images/2000023S15172_JO/20000126T060000Z.png,220
221,2000023S15172,2000-01-26 09:00:00+00:00,stormsense_dataset/images/2000023S15172_JO/20000126T090000Z.png,221
222,2000023S15172,2000-01-26 12:00:00+00:00,stormsense_dataset/images/2000023S15172_JO/20000126T120000Z.png,222
223,2000023S15172,2000-01-26 15:00:00+00:00,stormsense_dataset/images/2000023S15172_JO/20000126T150000Z.png,223
224,2000023S15172,2000-01-26 18:00:00+00:00,stormsense_dataset/images/2000023S15172_JO/20000126T180000Z.png,224
225,2000023S15172,2000-01-26 21:00:00+00:00,stormsense_dataset/images/2000023S15172_JO/20000126T210000Z.png,225
226,2000023S15172,2000-01-27 00:00:00+00:00,stormsense_dataset/images/2000023S15172_JO/20000127T000000Z.png,226
227,2000023S15172,2000-01-27 03:00:00+00:00,stormsense_dataset/images/2000023S15172_JO/20000127T030000Z.png,227
228,2000023S15172,2000-01-27 06:00:00+00:00,stormsense_dataset/images/2000023S15172_JO/20000127T060000Z.png,228
229,2000023S15172,2000-01-27 09:00:00+00:00,stormsense_dataset/images/2000023S15172_JO/20000127T090000Z.png,229
230,2000023S15172,2000-01-27 12:00:00+00:00,stormsense_dataset/images/2000023S15172_JO/20000127T120000Z.png,230
231,2000023S15172,2000-01-27 15:00:00+00:00,stormsense_dataset/images/2000023S15172_JO/20000127T150000Z.png,231
232,2000023S15172,2000-01-27 18:00:00+00:00,stormsense_dataset/images/2000023S15172_JO/20000127T180000Z.png,232
233,2000023S15172,2000-01-27 21:00:00+00:00,stormsense_dataset/images/2000023S15172_JO/20000127T210000Z.png,233
234,2000023S15172,2000-01-28 00:00:00+00:00,stormsense_dataset/images/2000023S15172_JO/20000128T000000Z.png,234
235,2000023S15172,2000-01-28 03:00:00+00:00,stormsense_dataset/images/2000023S15172_JO/20000128T030000Z.png,235
236,2000023S15172,2000-01-28 06:00:00+00:00,stormsense_dataset/images/2000023S15172_JO/20000128T060000Z.png,236
237,2000023S15172,2000-01-28 09:00:00+00:00,stormsense_dataset/images/2000023S15172_JO/20000128T090000Z.png,237
238,2000023S15172,2000-01-28 12:00:00+00:00,stormsense_dataset/images/2000023S15172_JO/20000128T120000Z.png,238
239,2000023S15172,2000-01-28 15:00:00+00:00,stormsense_dataset/images/2000023S15172_JO/20000128T150000Z.png,239
240,2000023S15172,2000-01-28 18:00:00+00:00,stormsense_dataset/images/2000023S15172_JO/20000128T180000Z.png,240
241,2000023S15172,2000-01-28 21:00:00+00:00,stormsense_dataset/images/2000023S15172_JO/20000128T210000Z.png,241
242,2000023S15172,2000-01-29 00:00:00+00:00,stormsense_dataset/images/2000023S15172_JO/20000129T000000Z.png,242
243,2000023S15172,2000-01-29 03:00:00+00:00,stormsense_dataset/images/2000023S15172_JO/20000129T030000Z.png,243
244,2000023S15172,2000-01-29 06:00:00+00:00,stormsense_dataset/images/2000023S15172_JO/20000129T060000Z.png,244
245,2000023S15172,2000-01-29 09:00:00+00:00,stormsense_dataset/images/2000023S15172_JO/20000129T090000Z.png,245
246,2000023S15172,2000-01-29 12:00:00+00:00,stormsense_dataset/images/2000023S15172_JO/20000129T120000Z.png,246
247,2000023S15172,2000-01-29 15:00:00+00:00,stormsense_dataset/images/2000023S15172_JO/20000129T150000Z.png,247
248,2000023S15172,2000-01-29 18:00:00+00:00,stormsense_dataset/images/2000023S15172_JO/20000129T180000Z.png,248
249,2000023S15172,2000-01-29 21:00:00+00:00,stormsense_dataset/images/2000023S15172_JO/20000129T210000Z.png,249
250,2000023S15172,2000-01-30 00:00:00+00:00,stormsense_dataset/images/2000023S15172_JO/20000130T000000Z.png,250
251,2000023S15172,2000-01-30 03:00:00+00:00,stormsense_dataset/images/2000023S15172_JO/20000130T030000Z.png,251
252,2000023S15172,2000-01-30 06:00:00+00:00,stormsense_dataset/images/2000023S15172_JO/20000130T060000Z.png,252
253,2000023S15172,2000-01-30 09:00:00+00:00,stormsense_dataset/images/2000023S15172_JO/20000130T090000Z.png,253
254,2000023S15172,2000-01-30 12:00:00+00:00,stormsense_dataset/images/2000023S15172_JO/20000130T120000Z.png,254
255,2000023S15172,2000-01-30 15:00:00+00:00,stormsense_dataset/images/2000023S15172_JO/20000130T150000Z.png,255
256,2000023S15172,2000-01-30 18:00:00+00:00,stormsense_dataset/images/2000023S15172_JO/20000130T180000Z.png,256
257,2000023S15172,2000-01-30 21:00:00+00:00,stormsense_dataset/images/2000023S15172_JO/20000130T210000Z.png,257
258,2000023S15172,2000-01-31 00:00:00+00:00,stormsense_dataset/images/2000023S15172_JO/20000131T000000Z.png,258
259,2000023S15172,2000-01-31 03:00:00+00:00,stormsense_dataset/images/2000023S15172_JO/20000131T030000Z.png,259
260,2000023S15172,2000-01-31 06:00:00+00:00,stormsense_dataset/images/2000023S15172_JO/20000131T060000Z.png,260
261,2000023S15172,2000-01-31 09:00:00+00:00,stormsense_dataset/images/2000023S15172_JO/20000131T090000Z.png,261
262,2000023S15172,2000-01-31 12:00:00+00:00,stormsense_dataset/images/2000023S15172_JO/20000131T120000Z.png,262
263,2000023S15172,2000-01-31 15:00:00+00:00,stormsense_dataset/images/2000023S15172_JO/20000131T150000Z.png,263
264,2000023S15172,2000-01-31 18:00:00+00:00,stormsense_dataset/images/2000023S15172_JO/20000131T180000Z.png,264
265,2000023S15172,2000-01-31 21:00:00+00:00,stormsense_dataset/images/2000023S15172_JO/20000131T210000Z.png,265
266,2000023S15172,2000-02-01 00:00:00+00:00,stormsense_dataset/images/2000023S15172_JO/20000201T000000Z.png,266
267,2000023S15172,2000-02-01 03:00:00+00:00,stormsense_dataset/images/2000023S15172_JO/20000201T030000Z.png,267
268,2000023S15172,2000-02-01 06:00:00+00:00,stormsense_dataset/images/2000023S15172_JO/20000201T060000Z.png,268
269,2000023S15172,2000-02-01 09:00:00+00:00,stormsense_dataset/images/2000023S15172_JO/20000201T090000Z.png,269
270,2000023S15172,2000-02-01 12:00:00+00:00,stormsense_dataset/images/2000023S15172_JO/20000201T120000Z.png,270
271,2000023S15172,2000-02-01 15:00:00+00:00,stormsense_dataset/images/2000023S15172_JO/20000201T150000Z.png,271
272,2000023S15172,2000-02-01 18:00:00+00:00,stormsense_dataset/images/2000023S15172_JO/20000201T180000Z.png,272
273,2000023S15172,2000-02-01 21:00:00+00:00,stormsense_dataset/images/2000023S15172_JO/20000201T210000Z.png,273
274,2000023S15172,2000-02-02 00:00:00+00:00,stormsense_dataset/images/2000023S15172_JO/20000202T000000Z.png,274
275,2000023S15172,2000-02-02 03:00:00+00:00,stormsense_dataset/images/2000023S15172_JO/20000202T030000Z.png,275
276,2000023S15172,2000-02-02 06:00:00+00:00,stormsense_dataset/images/2000023S15172_JO/20000202T060000Z.png,276
277,2000023S15172,2000-02-02 09:00:00+00:00,stormsense_dataset/images/2000023S15172_JO/20000202T090000Z.png,277
278,2000023S15172,2000-02-02 12:00:00+00:00,stormsense_dataset/images/2000023S15172_JO/20000202T120000Z.png,278
279,2000023S15172,2000-02-02 15:00:00+00:00,stormsense_dataset/images/2000023S15172_JO/20000202T150000Z.png,279
280,2000024S11100,2000-01-24 06:00:00+00:00,stormsense_dataset/images/2000024S11100_KIRRILY/20000124T060000Z.png,280
281,2000024S11100,2000-01-24 09:00:00+00:00,stormsense_dataset/images/2000024S11100_KIRRILY/20000124T090000Z.png,281
282,2000024S11100,2000-01-24 12:00:00+00:00,stormsense_dataset/images/2000024S11100_KIRRILY/20000124T120000Z.png,282
283,2000024S11100,2000-01-24 15:00:00+00:00,stormsense_dataset/images/2000024S11100_KIRRILY/20000124T150000Z.png,283
284,2000024S11100,2000-01-24 18:00:00+00:00,stormsense_dataset/images/2000024S11100_KIRRILY/20000124T180000Z.png,284
285,2000024S11100,2000-01-24 21:00:00+00:00,stormsense_dataset/images/2000024S11100_KIRRILY/20000124T210000Z.png,285
286,2000024S11100,2000-01-25 00:00:00+00:00,stormsense_dataset/images/2000024S11100_KIRRILY/20000125T000000Z.png,286
287,2000024S11100,2000-01-25 03:00:00+00:00,stormsense_dataset/images/2000024S11100_KIRRILY/20000125T030000Z.png,287
288,2000024S11100,2000-01-25 06:00:00+00:00,stormsense_dataset/images/2000024S11100_KIRRILY/20000125T060000Z.png,288
289,2000024S11100,2000-01-25 09:00:00+00:00,stormsense_dataset/images/2000024S11100_KIRRILY/20000125T090000Z.png,289
290,2000024S11100,2000-01-25 12:00:00+00:00,stormsense_dataset/images/2000024S11100_KIRRILY/20000125T120000Z.png,290
291,2000024S11100,2000-01-25 15:00:00+00:00,stormsense_dataset/images/2000024S11100_KIRRILY/20000125T150000Z.png,291
292,2000024S11100,2000-01-25 18:00:00+00:00,stormsense_dataset/images/2000024S11100_KIRRILY/20000125T180000Z.png,292
293,2000024S11100,2000-01-25 21:00:00+00:00,stormsense_dataset/images/2000024S11100_KIRRILY/20000125T210000Z.png,293
294,2000024S11100,2000-01-26 00:00:00+00:00,stormsense_dataset/images/2000024S11100_KIRRILY/20000126T000000Z.png,294
295,2000024S11100,2000-01-26 03:00:00+00:00,stormsense_dataset/images/2000024S11100_KIRRILY/20000126T030000Z.png,295
296,2000024S11100,2000-01-26 06:00:00+00:00,stormsense_dataset/images/2000024S11100_KIRRILY/20000126T060000Z.png,296
297,2000024S11100,2000-01-26 09:00:00+00:00,stormsense_dataset/images/2000024S11100_KIRRILY/20000126T090000Z.png,297
298,2000024S11100,2000-01-26 12:00:00+00:00,stormsense_dataset/images/2000024S11100_KIRRILY/20000126T120000Z.png,298
299,2000024S11100,2000-01-26 15:00:00+00:00,stormsense_dataset/images/2000024S11100_KIRRILY/20000126T150000Z.png,299
300,2000024S11100,2000-01-26 18:00:00+00:00,stormsense_dataset/images/2000024S11100_KIRRILY/20000126T180000Z.png,300
301,2000024S11100,2000-01-26 21:00:00+00:00,stormsense_dataset/images/2000024S11100_KIRRILY/20000126T210000Z.png,301
302,2000024S11100,2000-01-27 00:00:00+00:00,stormsense_dataset/images/2000024S11100_KIRRILY/20000127T000000Z.png,302
303,2000024S11100,2000-01-27 03:00:00+00:00,stormsense_dataset/images/2000024S11100_KIRRILY/20000127T030000Z.png,303
304,2000024S11100,2000-01-27 06:00:00+00:00,stormsense_dataset/images/2000024S11100_KIRRILY/20000127T060000Z.png,304
305,2000024S11100,2000-01-27 09:00:00+00:00,stormsense_dataset/images/2000024S11100_KIRRILY/20000127T090000Z.png,305
306,2000024S11100,2000-01-27 12:00:00+00:00,stormsense_dataset/images/2000024S11100_KIRRILY/20000127T120000Z.png,306
307,2000024S11100,2000-01-27 15:00:00+00:00,stormsense_dataset/images/2000024S11100_KIRRILY/20000127T150000Z.png,307
308,2000024S11100,2000-01-27 18:00:00+00:00,stormsense_dataset/images/2000024S11100_KIRRILY/20000127T180000Z.png,308
309,2000024S11100,2000-01-27 21:00:00+00:00,stormsense_dataset/images/2000024S11100_KIRRILY/20000127T210000Z.png,309
310,2000024S11100,2000-01-28 00:00:00+00:00,stormsense_dataset/images/2000024S11100_KIRRILY/20000128T000000Z.png,310
311,2000024S11100,2000-01-28 03:00:00+00:00,stormsense_dataset/images/2000024S11100_KIRRILY/20000128T030000Z.png,311
312,2000024S11100,2000-01-28 06:00:00+00:00,stormsense_dataset/images/2000024S11100_KIRRILY/20000128T060000Z.png,312
313,2000024S11100,2000-01-28 09:00:00+00:00,stormsense_dataset/images/2000024S11100_KIRRILY/20000128T090000Z.png,313
314,2000024S11100,2000-01-28 12:00:00+00:00,stormsense_dataset/images/2000024S11100_KIRRILY/20000128T120000Z.png,314
315,2000024S11100,2000-01-28 15:00:00+00:00,stormsense_dataset/images/2000024S11100_KIRRILY/20000128T150000Z.png,315
316,2000024S11100,2000-01-28 18:00:00+00:00,stormsense_dataset/images/2000024S11100_KIRRILY/20000128T180000Z.png,316
317,2000024S11100,2000-01-28 21:00:00+00:00,stormsense_dataset/images/2000024S11100_KIRRILY/20000128T210000Z.png,317
318,2000024S11100,2000-01-29 00:00:00+00:00,stormsense_dataset/images/2000024S11100_KIRRILY/20000129T000000Z.png,318
319,2000024S11100,2000-01-29 03:00:00+00:00,stormsense_dataset/images/2000024S11100_KIRRILY/20000129T030000Z.png,319
320,2000024S11100,2000-01-29 06:00:00+00:00,stormsense_dataset/images/2000024S11100_KIRRILY/20000129T060000Z.png,320
321,2000024S11100,2000-01-29 09:00:00+00:00,stormsense_dataset/images/2000024S11100_KIRRILY/20000129T090000Z.png,321
322,2000024S11100,2000-01-29 12:00:00+00:00,stormsense_dataset/images/2000024S11100_KIRRILY/20000129T120000Z.png,322
323,2000024S11100,2000-01-29 15:00:00+00:00,stormsense_dataset/images/2000024S11100_KIRRILY/20000129T150000Z.png,323
324,2000024S11100,2000-01-29 18:00:00+00:00,stormsense_dataset/images/2000024S11100_KIRRILY/20000129T180000Z.png,324
325,2000024S11100,2000-01-29 21:00:00+00:00,stormsense_dataset/images/2000024S11100_KIRRILY/20000129T210000Z.png,325
326,2000024S11100,2000-01-30 00:00:00+00:00,stormsense_dataset/images/2000024S11100_KIRRILY/20000130T000000Z.png,326
327,2000024S11100,2000-01-30 03:00:00+00:00,stormsense_dataset/images/2000024S11100_KIRRILY/20000130T030000Z.png,327
328,2000024S11100,2000-01-30 06:00:00+00:00,stormsense_dataset/images/2000024S11100_KIRRILY/20000130T060000Z.png,328
329,2000024S11100,2000-01-30 09:00:00+00:00,stormsense_dataset/images/2000024S11100_KIRRILY/20000130T090000Z.png,329
330,2000024S11100,2000-01-30 12:00:00+00:00,stormsense_dataset/images/2000024S11100_KIRRILY/20000130T120000Z.png,330
331,2000024S11100,2000-01-30 15:00:00+00:00,stormsense_dataset/images/2000024S11100_KIRRILY/20000130T150000Z.png,331
332,2000024S11100,2000-01-30 18:00:00+00:00,stormsense_dataset/images/2000024S11100_KIRRILY/20000130T180000Z.png,332
333,2000024S11100,2000-01-30 21:00:00+00:00,stormsense_dataset/images/2000024S11100_KIRRILY/20000130T210000Z.png,333
334,2000024S11100,2000-01-31 00:00:00+00:00,stormsense_dataset/images/2000024S11100_KIRRILY/20000131T000000Z.png,334
335,2000024S11100,2000-01-31 03:00:00+00:00,stormsense_dataset/images/2000024S11100_KIRRILY/20000131T030000Z.png,335
336,2000024S11100,2000-01-31 06:00:00+00:00,stormsense_dataset/images/2000024S11100_KIRRILY/20000131T060000Z.png,336
337,2000024S11100,2000-01-31 09:00:00+00:00,stormsense_dataset/images/2000024S11100_KIRRILY/20000131T090000Z.png,337
338,2000024S11100,2000-01-31 12:00:00+00:00,stormsense_dataset/images/2000024S11100_KIRRILY/20000131T120000Z.png,338
339,2000024S11100,2000-01-31 15:00:00+00:00,stormsense_dataset/images/2000024S11100_KIRRILY/20000131T150000Z.png,339
340,2000024S11100,2000-01-31 18:00:00+00:00,stormsense_dataset/images/2000024S11100_KIRRILY/20000131T180000Z.png,340
341,2000024S11100,2000-01-31 21:00:00+00:00,stormsense_dataset/images/2000024S11100_KIRRILY/20000131T210000Z.png,341
342,2000024S11100,2000-02-01 00:00:00+00:00,stormsense_dataset/images/2000024S11100_KIRRILY/20000201T000000Z.png,342
343,2000024S11100,2000-02-01 03:00:00+00:00,stormsense_dataset/images/2000024S11100_KIRRILY/20000201T030000Z.png,343
344,2000024S11100,2000-02-01 06:00:00+00:00,stormsense_dataset/images/2000024S11100_KIRRILY/20000201T060000Z.png,344
345,2000024S11100,2000-02-01 09:00:00+00:00,stormsense_dataset/images/2000024S11100_KIRRILY/20000201T090000Z.png,345
346,2000024S11100,2000-02-01 12:00:00+00:00,stormsense_dataset/images/2000024S11100_KIRRILY/20000201T120000Z.png,346
347,2000024S11100,2000-02-01 15:00:00+00:00,stormsense_dataset/images/2000024S11100_KIRRILY/20000201T150000Z.png,347
348,2000024S11100,2000-02-01 18:00:00+00:00,stormsense_dataset/images/2000024S11100_KIRRILY/20000201T180000Z.png,348
349,2000024S11100,2000-02-01 21:00:00+00:00,stormsense_dataset/images/2000024S11100_KIRRILY/20000201T210000Z.png,349
350,2000025S15056,2000-01-25 00:00:00+00:00,stormsense_dataset/images/2000025S15056_CONNIE/20000125T000000Z.png,350
351,2000025S15056,2000-01-25 03:00:00+00:00,stormsense_dataset/images/2000025S15056_CONNIE/20000125T030000Z.png,351
352,2000025S15056,2000-01-25 06:00:00+00:00,stormsense_dataset/images/2000025S15056_CONNIE/20000125T060000Z.png,352
353,2000025S15056,2000-01-25 09:00:00+00:00,stormsense_dataset/images/2000025S15056_CONNIE/20000125T090000Z.png,353
354,2000025S15056,2000-01-25 12:00:00+00:00,stormsense_dataset/images/2000025S15056_CONNIE/20000125T120000Z.png,354
355,2000025S15056,2000-01-25 15:00:00+00:00,stormsense_dataset/images/2000025S15056_CONNIE/20000125T150000Z.png,355
356,2000025S15056,2000-01-25 18:00:00+00:00,stormsense_dataset/images/2000025S15056_CONNIE/20000125T180000Z.png,356
357,2000025S15056,2000-01-25 21:00:00+00:00,stormsense_dataset/images/2000025S15056_CONNIE/20000125T210000Z.png,357
358,2000025S15056,2000-01-26 00:00:00+00:00,stormsense_dataset/images/2000025S15056_CONNIE/20000126T000000Z.png,358
359,2000025S15056,2000-01-26 03:00:00+00:00,stormsense_dataset/images/2000025S15056_CONNIE/20000126T030000Z.png,359
360,2000025S15056,2000-01-26 06:00:00+00:00,stormsense_dataset/images/2000025S15056_CONNIE/20000126T060000Z.png,360
361,2000025S15056,2000-01-26 09:00:00+00:00,stormsense_dataset/images/2000025S15056_CONNIE/20000126T090000Z.png,361
362,2000025S15056,2000-01-26 12:00:00+00:00,stormsense_dataset/images/2000025S15056_CONNIE/20000126T120000Z.png,362
363,2000025S15056,2000-01-26 15:00:00+00:00,stormsense_dataset/images/2000025S15056_CONNIE/20000126T150000Z.png,363
364,2000025S15056,2000-01-26 18:00:00+00:00,stormsense_dataset/images/2000025S15056_CONNIE/20000126T180000Z.png,364
365,2000025S15056,2000-01-26 21:00:00+00:00,stormsense_dataset/images/2000025S15056_CONNIE/20000126T210000Z.png,365
366,2000025S15056,2000-01-27 00:00:00+00:00,stormsense_dataset/images/2000025S15056_CONNIE/20000127T000000Z.png,366
367,2000025S15056,2000-01-27 03:00:00+00:00,stormsense_dataset/images/2000025S15056_CONNIE/20000127T030000Z.png,367
368,2000025S15056,2000-01-27 06:00:00+00:00,stormsense_dataset/images/2000025S15056_CONNIE/20000127T060000Z.png,368
369,2000025S15056,2000-01-27 09:00:00+00:00,stormsense_dataset/images/2000025S15056_CONNIE/20000127T090000Z.png,369
370,2000025S15056,2000-01-27 12:00:00+00:00,stormsense_dataset/images/2000025S15056_CONNIE/20000127T120000Z.png,370
371,2000025S15056,2000-01-27 15:00:00+00:00,stormsense_dataset/images/2000025S15056_CONNIE/20000127T150000Z.png,371
372,2000025S15056,2000-01-27 18:00:00+00:00,stormsense_dataset/images/2000025S15056_CONNIE/20000127T180000Z.png,372
373,2000025S15056,2000-01-27 21:00:00+00:00,stormsense_dataset/images/2000025S15056_CONNIE/20000127T210000Z.png,373
374,2000025S15056,2000-01-28 00:00:00+00:00,stormsense_dataset/images/2000025S15056_CONNIE/20000128T000000Z.png,374
375,2000025S15056,2000-01-28 03:00:00+00:00,stormsense_dataset/images/2000025S15056_CONNIE/20000128T030000Z.png,375
376,2000025S15056,2000-01-28 06:00:00+00:00,stormsense_dataset/images/2000025S15056_CONNIE/20000128T060000Z.png,376
377,2000025S15056,2000-01-28 09:00:00+00:00,stormsense_dataset/images/2000025S15056_CONNIE/20000128T090000Z.png,377
378,2000025S15056,2000-01-28 12:00:00+00:00,stormsense_dataset/images/2000025S15056_CONNIE/20000128T120000Z.png,378
379,2000025S15056,2000-01-28 15:00:00+00:00,stormsense_dataset/images/2000025S15056_CONNIE/20000128T150000Z.png,379
380,2000025S15056,2000-01-28 18:00:00+00:00,stormsense_dataset/images/2000025S15056_CONNIE/20000128T180000Z.png,380
381,2000025S15056,2000-01-28 21:00:00+00:00,stormsense_dataset/images/2000025S15056_CONNIE/20000128T210000Z.png,381
382,2000025S15056,2000-01-29 00:00:00+00:00,stormsense_dataset/images/2000025S15056_CONNIE/20000129T000000Z.png,382
383,2000025S15056,2000-01-29 03:00:00+00:00,stormsense_dataset/images/2000025S15056_CONNIE/20000129T030000Z.png,383
384,2000025S15056,2000-01-29 06:00:00+00:00,stormsense_dataset/images/2000025S15056_CONNIE/20000129T060000Z.png,384
385,2000025S15056,2000-01-29 09:00:00+00:00,stormsense_dataset/images/2000025S15056_CONNIE/20000129T090000Z.png,385
386,2000025S15056,2000-01-29 12:00:00+00:00,stormsense_dataset/images/2000025S15056_CONNIE/20000129T120000Z.png,386
387,2000025S15056,2000-01-29 15:00:00+00:00,stormsense_dataset/images/2000025S15056_CONNIE/20000129T150000Z.png,387
388,2000025S15056,2000-01-29 18:00:00+00:00,stormsense_dataset/images/2000025S15056_CONNIE/20000129T180000Z.png,388
389,2000025S15056,2000-01-29 21:00:00+00:00,stormsense_dataset/images/2000025S15056_CONNIE/20000129T210000Z.png,389
390,2000025S15056,2000-01-30 00:00:00+00:00,stormsense_dataset/images/2000025S15056_CONNIE/20000130T000000Z.png,390
391,2000025S15056,2000-01-30 03:00:00+00:00,stormsense_dataset/images/2000025S15056_CONNIE/20000130T030000Z.png,391
392,2000025S15056,2000-01-30 06:00:00+00:00,stormsense_dataset/images/2000025S15056_CONNIE/20000130T060000Z.png,392
393,2000025S15056,2000-01-30 09:00:00+00:00,stormsense_dataset/images/2000025S15056_CONNIE/20000130T090000Z.png,393
394,2000025S15056,2000-01-30 12:00:00+00:00,stormsense_dataset/images/2000025S15056_CONNIE/20000130T120000Z.png,394
395,2000025S15056,2000-01-30 15:00:00+00:00,stormsense_dataset/images/2000025S15056_CONNIE/20000130T150000Z.png,395
396,2000025S15056,2000-01-30 18:00:00+00:00,stormsense_dataset/images/2000025S15056_CONNIE/20000130T180000Z.png,396
397,2000025S15056,2000-01-30 21:00:00+00:00,stormsense_dataset/images/2000025S15056_CONNIE/20000130T210000Z.png,397
398,2000025S15056,2000-01-31 00:00:00+00:00,stormsense_dataset/images/2000025S15056_CONNIE/20000131T000000Z.png,398
399,2000025S15056,2000-01-31 03:00:00+00:00,stormsense_dataset/images/2000025S15056_CONNIE/20000131T030000Z.png,399
400,2000025S15056,2000-01-31 06:00:00+00:00,stormsense_dataset/images/2000025S15056_CONNIE/20000131T060000Z.png,400
401,2000025S15056,2000-01-31 09:00:00+00:00,stormsense_dataset/images/2000025S15056_CONNIE/20000131T090000Z.png,401
402,2000025S15056,2000-01-31 12:00:00+00:00,stormsense_dataset/images/2000025S15056_CONNIE/20000131T120000Z.png,402
403,2000025S15056,2000-01-31 15:00:00+00:00,stormsense_dataset/images/2000025S15056_CONNIE/20000131T150000Z.png,403
404,2000025S15056,2000-01-31 18:00:00+00:00,stormsense_dataset/images/2000025S15056_CONNIE/20000131T180000Z.png,404
405,2000025S15056,2000-01-31 21:00:00+00:00,stormsense_dataset/images/2000025S15056_CONNIE/20000131T210000Z.png,405
406,2000025S15056,2000-02-01 00:00:00+00:00,stormsense_dataset/images/2000025S15056_CONNIE/20000201T000000Z.png,406
407,2000025S15056,2000-02-01 03:00:00+00:00,stormsense_dataset/images/2000025S15056_CONNIE/20000201T030000Z.png,407
408,2000025S15056,2000-02-01 06:00:00+00:00,stormsense_dataset/images/2000025S15056_CONNIE/20000201T060000Z.png,408
409,2000025S15056,2000-02-01 09:00:00+00:00,stormsense_dataset/images/2000025S15056_CONNIE/20000201T090000Z.png,409
410,2000025S15056,2000-02-01 12:00:00+00:00,stormsense_dataset/images/2000025S15056_CONNIE/20000201T120000Z.png,410
411,2000025S15056,2000-02-01 15:00:00+00:00,stormsense_dataset/images/2000025S15056_CONNIE/20000201T150000Z.png,411
412,2000025S15056,2000-02-01 18:00:00+00:00,stormsense_dataset/images/2000025S15056_CONNIE/20000201T180000Z.png,412
413,2000025S15056,2000-02-01 21:00:00+00:00,stormsense_dataset/images/2000025S15056_CONNIE/20000201T210000Z.png,413
414,2000025S15056,2000-02-02 00:00:00+00:00,stormsense_dataset/images/2000025S15056_CONNIE/20000202T000000Z.png,414
415,2000025S15056,2000-02-02 03:00:00+00:00,stormsense_dataset/images/2000025S15056_CONNIE/20000202T030000Z.png,415
416,2000025S15056,2000-02-02 06:00:00+00:00,stormsense_dataset/images/2000025S15056_CONNIE/20000202T060000Z.png,416
417,2000025S15056,2000-02-02 09:00:00+00:00,stormsense_dataset/images/2000025S15056_CONNIE/20000202T090000Z.png,417
418,2000031S11074,2000-01-30 18:00:00+00:00,stormsense_dataset/images/2000031S11074_DAMIENNE/20000130T180000Z.png,418
419,2000031S11074,2000-01-30 21:00:00+00:00,stormsense_dataset/images/2000031S11074_DAMIENNE/20000130T210000Z.png,419
420,2000031S11074,2000-01-31 00:00:00+00:00,stormsense_dataset/images/2000031S11074_DAMIENNE/20000131T000000Z.png,420
421,2000031S11074,2000-01-31 03:00:00+00:00,stormsense_dataset/images/2000031S11074_DAMIENNE/20000131T030000Z.png,421
422,2000031S11074,2000-01-31 06:00:00+00:00,stormsense_dataset/images/2000031S11074_DAMIENNE/20000131T060000Z.png,422
423,2000031S11074,2000-01-31 09:00:00+00:00,stormsense_dataset/images/2000031S11074_DAMIENNE/20000131T090000Z.png,423
424,2000031S11074,2000-01-31 12:00:00+00:00,stormsense_dataset/images/2000031S11074_DAMIENNE/20000131T120000Z.png,424
425,2000031S11074,2000-01-31 15:00:00+00:00,stormsense_dataset/images/2000031S11074_DAMIENNE/20000131T150000Z.png,425
426,2000031S11074,2000-01-31 18:00:00+00:00,stormsense_dataset/images/2000031S11074_DAMIENNE/20000131T180000Z.png,426
427,2000031S11074,2000-01-31 21:00:00+00:00,stormsense_dataset/images/2000031S11074_DAMIENNE/20000131T210000Z.png,427
428,2000031S11074,2000-02-01 00:00:00+00:00,stormsense_dataset/images/2000031S11074_DAMIENNE/20000201T000000Z.png,428
429,2000031S11074,2000-02-01 03:00:00+00:00,stormsense_dataset/images/2000031S11074_DAMIENNE/20000201T030000Z.png,429
430,2000031S11074,2000-02-01 06:00:00+00:00,stormsense_dataset/images/2000031S11074_DAMIENNE/20000201T060000Z.png,430
431,2000031S11074,2000-02-01 09:00:00+00:00,stormsense_dataset/images/2000031S11074_DAMIENNE/20000201T090000Z.png,431
432,2000031S11074,2000-02-01 12:00:00+00:00,stormsense_dataset/images/2000031S11074_DAMIENNE/20000201T120000Z.png,432
433,2000031S11074,2000-02-01 15:00:00+00:00,stormsense_dataset/images/2000031S11074_DAMIENNE/20000201T150000Z.png,433
434,2000031S11074,2000-02-01 18:00:00+00:00,stormsense_dataset/images/2000031S11074_DAMIENNE/20000201T180000Z.png,434
435,2000031S11074,2000-02-01 21:00:00+00:00,stormsense_dataset/images/2000031S11074_DAMIENNE/20000201T210000Z.png,435
436,2000031S11074,2000-02-02 00:00:00+00:00,stormsense_dataset/images/2000031S11074_DAMIENNE/20000202T000000Z.png,436
437,2000031S11074,2000-02-02 03:00:00+00:00,stormsense_dataset/images/2000031S11074_DAMIENNE/20000202T030000Z.png,437
438,2000031S11074,2000-02-02 06:00:00+00:00,stormsense_dataset/images/2000031S11074_DAMIENNE/20000202T060000Z.png,438
439,2000031S11074,2000-02-02 09:00:00+00:00,stormsense_dataset/images/2000031S11074_DAMIENNE/20000202T090000Z.png,439
440,2000031S11074,2000-02-02 12:00:00+00:00,stormsense_dataset/images/2000031S11074_DAMIENNE/20000202T120000Z.png,440
441,2000031S11074,2000-02-02 15:00:00+00:00,stormsense_dataset/images/2000031S11074_DAMIENNE/20000202T150000Z.png,441
442,2000031S11074,2000-02-02 18:00:00+00:00,stormsense_dataset/images/2000031S11074_DAMIENNE/20000202T180000Z.png,442
443,2000031S11074,2000-02-02 21:00:00+00:00,stormsense_dataset/images/2000031S11074_DAMIENNE/20000202T210000Z.png,443
444,2000031S11074,2000-02-03 00:00:00+00:00,stormsense_dataset/images/2000031S11074_DAMIENNE/20000203T000000Z.png,444
445,2000031S11074,2000-02-03 03:00:00+00:00,stormsense_dataset/images/2000031S11074_DAMIENNE/20000203T030000Z.png,445
446,2000031S11074,2000-02-03 06:00:00+00:00,stormsense_dataset/images/2000031S11074_DAMIENNE/20000203T060000Z.png,446
447,2000031S11074,2000-02-03 09:00:00+00:00,stormsense_dataset/images/2000031S11074_DAMIENNE/20000203T090000Z.png,447
448,2000031S11074,2000-02-03 12:00:00+00:00,stormsense_dataset/images/2000031S11074_DAMIENNE/20000203T120000Z.png,448
449,2000031S11074,2000-02-03 15:00:00+00:00,stormsense_dataset/images/2000031S11074_DAMIENNE/20000203T150000Z.png,449
450,2000031S11074,2000-02-03 18:00:00+00:00,stormsense_dataset/images/2000031S11074_DAMIENNE/20000203T180000Z.png,450
451,2000031S11074,2000-02-03 21:00:00+00:00,stormsense_dataset/images/2000031S11074_DAMIENNE/20000203T210000Z.png,451
452,2000031S11074,2000-02-04 00:00:00+00:00,stormsense_dataset/images/2000031S11074_DAMIENNE/20000204T000000Z.png,452
453,2000031S11074,2000-02-04 03:00:00+00:00,stormsense_dataset/images/2000031S11074_DAMIENNE/20000204T030000Z.png,453
454,2000031S11074,2000-02-04 06:00:00+00:00,stormsense_dataset/images/2000031S11074_DAMIENNE/20000204T060000Z.png,454
455,2000031S11074,2000-02-04 09:00:00+00:00,stormsense_dataset/images/2000031S11074_DAMIENNE/20000204T090000Z.png,455
456,2000031S11074,2000-02-04 12:00:00+00:00,stormsense_dataset/images/2000031S11074_DAMIENNE/20000204T120000Z.png,456
457,2000031S11074,2000-02-04 15:00:00+00:00,stormsense_dataset/images/2000031S11074_DAMIENNE/20000204T150000Z.png,457
458,2000031S11074,2000-02-04 18:00:00+00:00,stormsense_dataset/images/2000031S11074_DAMIENNE/20000204T180000Z.png,458
459,2000031S11074,2000-02-04 21:00:00+00:00,stormsense_dataset/images/2000031S11074_DAMIENNE/20000204T210000Z.png,459
460,2000031S11074,2000-02-05 00:00:00+00:00,stormsense_dataset/images/2000031S11074_DAMIENNE/20000205T000000Z.png,460
461,2000031S11074,2000-02-05 03:00:00+00:00,stormsense_dataset/images/2000031S11074_DAMIENNE/20000205T030000Z.png,461
462,2000031S11074,2000-02-05 06:00:00+00:00,stormsense_dataset/images/2000031S11074_DAMIENNE/20000205T060000Z.png,462
463,2000031S11074,2000-02-05 09:00:00+00:00,stormsense_dataset/images/2000031S11074_DAMIENNE/20000205T090000Z.png,463
464,2000031S11074,2000-02-05 12:00:00+00:00,stormsense_dataset/images/2000031S11074_DAMIENNE/20000205T120000Z.png,464
465,2000031S11074,2000-02-05 15:00:00+00:00,stormsense_dataset/images/2000031S11074_DAMIENNE/20000205T150000Z.png,465
466,2000031S11074,2000-02-05 18:00:00+00:00,stormsense_dataset/images/2000031S11074_DAMIENNE/20000205T180000Z.png,466
467,2000031S11074,2000-02-05 21:00:00+00:00,stormsense_dataset/images/2000031S11074_DAMIENNE/20000205T210000Z.png,467
468,2000031S11074,2000-02-06 00:00:00+00:00,stormsense_dataset/images/2000031S11074_DAMIENNE/20000206T000000Z.png,468
469,2000031S11074,2000-02-06 03:00:00+00:00,stormsense_dataset/images/2000031S11074_DAMIENNE/20000206T030000Z.png,469
470,2000031S11074,2000-02-06 06:00:00+00:00,stormsense_dataset/images/2000031S11074_DAMIENNE/20000206T060000Z.png,470
471,2000031S11074,2000-02-06 09:00:00+00:00,stormsense_dataset/images/2000031S11074_DAMIENNE/20000206T090000Z.png,471
472,2000031S11074,2000-02-06 12:00:00+00:00,stormsense_dataset/images/2000031S11074_DAMIENNE/20000206T120000Z.png,472
473,2000031S11074,2000-02-06 15:00:00+00:00,stormsense_dataset/images/2000031S11074_DAMIENNE/20000206T150000Z.png,473
474,2000031S11074,2000-02-06 18:00:00+00:00,stormsense_dataset/images/2000031S11074_DAMIENNE/20000206T180000Z.png,474
475,2000031S11074,2000-02-06 21:00:00+00:00,stormsense_dataset/images/2000031S11074_DAMIENNE/20000206T210000Z.png,475
476,2000032S11115,2000-02-01 06:00:00+00:00,stormsense_dataset/images/2000032S11115_ELINE/20000201T060000Z.png,476
477,2000032S11115,2000-02-01 09:00:00+00:00,stormsense_dataset/images/2000032S11115_ELINE/20000201T090000Z.png,477
478,2000032S11115,2000-02-01 12:00:00+00:00,stormsense_dataset/images/2000032S11115_ELINE/20000201T120000Z.png,478
479,2000032S11115,2000-02-01 15:00:00+00:00,stormsense_dataset/images/2000032S11115_ELINE/20000201T150000Z.png,479
480,2000032S11115,2000-02-01 18:00:00+00:00,stormsense_dataset/images/2000032S11115_ELINE/20000201T180000Z.png,480
481,2000032S11115,2000-02-01 21:00:00+00:00,stormsense_dataset/images/2000032S11115_ELINE/20000201T210000Z.png,481
482,2000032S11115,2000-02-02 00:00:00+00:00,stormsense_dataset/images/2000032S11115_ELINE/20000202T000000Z.png,482
483,2000032S11115,2000-02-02 03:00:00+00:00,stormsense_dataset/images/2000032S11115_ELINE/20000202T030000Z.png,483
484,2000032S11115,2000-02-02 06:00:00+00:00,stormsense_dataset/images/2000032S11115_ELINE/20000202T060000Z.png,484
485,2000032S11115,2000-02-02 09:00:00+00:00,stormsense_dataset/images/2000032S11115_ELINE/20000202T090000Z.png,485
486,2000032S11115,2000-02-02 12:00:00+00:00,stormsense_dataset/images/2000032S11115_ELINE/20000202T120000Z.png,486
487,2000032S11115,2000-02-02 15:00:00+00:00,stormsense_dataset/images/2000032S11115_ELINE/20000202T150000Z.png,487
488,2000032S11115,2000-02-02 18:00:00+00:00,stormsense_dataset/images/2000032S11115_ELINE/20000202T180000Z.png,488
489,2000032S11115,2000-02-02 21:00:00+00:00,stormsense_dataset/images/2000032S11115_ELINE/20000202T210000Z.png,489
490,2000032S11115,2000-02-03 00:00:00+00:00,stormsense_dataset/images/2000032S11115_ELINE/20000203T000000Z.png,490
491,2000032S11115,2000-02-03 03:00:00+00:00,stormsense_dataset/images/2000032S11115_ELINE/20000203T030000Z.png,491
492,2000032S11115,2000-02-03 06:00:00+00:00,stormsense_dataset/images/2000032S11115_ELINE/20000203T060000Z.png,492
493,2000032S11115,2000-02-03 09:00:00+00:00,stormsense_dataset/images/2000032S11115_ELINE/20000203T090000Z.png,493
494,2000032S11115,2000-02-03 12:00:00+00:00,stormsense_dataset/images/2000032S11115_ELINE/20000203T120000Z.png,494
495,2000032S11115,2000-02-03 15:00:00+00:00,stormsense_dataset/images/2000032S11115_ELINE/20000203T150000Z.png,495
496,2000032S11115,2000-02-03 18:00:00+00:00,stormsense_dataset/images/2000032S11115_ELINE/20000203T180000Z.png,496
497,2000032S11115,2000-02-03 21:00:00+00:00,stormsense_dataset/images/2000032S11115_ELINE/20000203T210000Z.png,497
498,2000032S11115,2000-02-04 00:00:00+00:00,stormsense_dataset/images/2000032S11115_ELINE/20000204T000000Z.png,498
499,2000032S11115,2000-02-04 03:00:00+00:00,stormsense_dataset/images/2000032S11115_ELINE/20000204T030000Z.png,499
500,2000032S11115,2000-02-04 06:00:00+00:00,stormsense_dataset/images/2000032S11115_ELINE/20000204T060000Z.png,500
501,2000032S11115,2000-02-04 09:00:00+00:00,stormsense_dataset/images/2000032S11115_ELINE/20000204T090000Z.png,501
502,2000032S11115,2000-02-04 12:00:00+00:00,stormsense_dataset/images/2000032S11115_ELINE/20000204T120000Z.png,502
503,2000032S11115,2000-02-04 15:00:00+00:00,stormsense_dataset/images/2000032S11115_ELINE/20000204T150000Z.png,503
504,2000032S11115,2000-02-04 18:00:00+00:00,stormsense_dataset/images/2000032S11115_ELINE/20000204T180000Z.png,504
505,2000032S11115,2000-02-04 21:00:00+00:00,stormsense_dataset/images/2000032S11115_ELINE/20000204T210000Z.png,505
506,2000032S11115,2000-02-05 00:00:00+00:00,stormsense_dataset/images/2000032S11115_ELINE/20000205T000000Z.png,506
507,2000032S11115,2000-02-05 03:00:00+00:00,stormsense_dataset/images/2000032S11115_ELINE/20000205T030000Z.png,507
508,2000032S11115,2000-02-05 06:00:00+00:00,stormsense_dataset/images/2000032S11115_ELINE/20000205T060000Z.png,508
509,2000032S11115,2000-02-05 09:00:00+00:00,stormsense_dataset/images/2000032S11115_ELINE/20000205T090000Z.png,509
510,2000032S11115,2000-02-05 12:00:00+00:00,stormsense_dataset/images/2000032S11115_ELINE/20000205T120000Z.png,510
511,2000032S11115,2000-02-05 15:00:00+00:00,stormsense_dataset/images/2000032S11115_ELINE/20000205T150000Z.png,511
512,2000032S11115,2000-02-05 18:00:00+00:00,stormsense_dataset/images/2000032S11115_ELINE/20000205T180000Z.png,512
513,2000032S11115,2000-02-05 21:00:00+00:00,stormsense_dataset/images/2000032S11115_ELINE/20000205T210000Z.png,513
514,2000032S11115,2000-02-06 00:00:00+00:00,stormsense_dataset/images/2000032S11115_ELINE/20000206T000000Z.png,514
515,2000032S11115,2000-02-06 03:00:00+00:00,stormsense_dataset/images/2000032S11115_ELINE/20000206T030000Z.png,515
516,2000032S11115,2000-02-06 06:00:00+00:00,stormsense_dataset/images/2000032S11115_ELINE/20000206T060000Z.png,516
517,2000032S11115,2000-02-06 09:00:00+00:00,stormsense_dataset/images/2000032S11115_ELINE/20000206T090000Z.png,517
518,2000032S11115,2000-02-06 12:00:00+00:00,stormsense_dataset/images/2000032S11115_ELINE/20000206T120000Z.png,518
519,2000032S11115,2000-02-06 15:00:00+00:00,stormsense_dataset/images/2000032S11115_ELINE/20000206T150000Z.png,519
520,2000032S11115,2000-02-06 18:00:00+00:00,stormsense_dataset/images/2000032S11115_ELINE/20000206T180000Z.png,520
521,2000032S11115,2000-02-06 21:00:00+00:00,stormsense_dataset/images/2000032S11115_ELINE/20000206T210000Z.png,521
522,2000032S11115,2000-02-07 00:00:00+00:00,stormsense_dataset/images/2000032S11115_ELINE/20000207T000000Z.png,522
523,2000032S11115,2000-02-07 03:00:00+00:00,stormsense_dataset/images/2000032S11115_ELINE/20000207T030000Z.png,523
524,2000032S11115,2000-02-07 06:00:00+00:00,stormsense_dataset/images/2000032S11115_ELINE/20000207T060000Z.png,524
525,2000032S11115,2000-02-07 09:00:00+00:00,stormsense_dataset/images/2000032S11115_ELINE/20000207T090000Z.png,525
526,2000032S11115,2000-02-07 12:00:00+00:00,stormsense_dataset/images/2000032S11115_ELINE/20000207T120000Z.png,526
527,2000032S11115,2000-02-07 15:00:00+00:00,stormsense_dataset/images/2000032S11115_ELINE/20000207T150000Z.png,527
528,2000032S11115,2000-02-07 18:00:00+00:00,stormsense_dataset/images/2000032S11115_ELINE/20000207T180000Z.png,528
529,2000032S11115,2000-02-07 21:00:00+00:00,stormsense_dataset/images/2000032S11115_ELINE/20000207T210000Z.png,529
530,2000032S11115,2000-02-08 00:00:00+00:00,stormsense_dataset/images/2000032S11115_ELINE/20000208T000000Z.png,530
531,2000032S11115,2000-02-08 03:00:00+00:00,stormsense_dataset/images/2000032S11115_ELINE/20000208T030000Z.png,531
532,2000032S11115,2000-02-08 06:00:00+00:00,stormsense_dataset/images/2000032S11115_ELINE/20000208T060000Z.png,532
533,2000032S11115,2000-02-08 09:00:00+00:00,stormsense_dataset/images/2000032S11115_ELINE/20000208T090000Z.png,533
534,2000032S11115,2000-02-08 12:00:00+00:00,stormsense_dataset/images/2000032S11115_ELINE/20000208T120000Z.png,534
535,2000032S11115,2000-02-08 15:00:00+00:00,stormsense_dataset/images/2000032S11115_ELINE/20000208T150000Z.png,535
536,2000032S11115,2000-02-08 18:00:00+00:00,stormsense_dataset/images/2000032S11115_ELINE/20000208T180000Z.png,536
537,2000032S11115,2000-02-08 21:00:00+00:00,stormsense_dataset/images/2000032S11115_ELINE/20000208T210000Z.png,537
538,2000032S11115,2000-02-09 00:00:00+00:00,stormsense_dataset/images/2000032S11115_ELINE/20000209T000000Z.png,538
539,2000032S11115,2000-02-09 03:00:00+00:00,stormsense_dataset/images/2000032S11115_ELINE/20000209T030000Z.png,539
540,2000032S11115,2000-02-09 06:00:00+00:00,stormsense_dataset/images/2000032S11115_ELINE/20000209T060000Z.png,540
541,2000032S11115,2000-02-09 09:00:00+00:00,stormsense_dataset/images/2000032S11115_ELINE/20000209T090000Z.png,541
542,2000032S11115,2000-02-09 12:00:00+00:00,stormsense_dataset/images/2000032S11115_ELINE/20000209T120000Z.png,542
543,2000032S11115,2000-02-09 15:00:00+00:00,stormsense_dataset/images/2000032S11115_ELINE/20000209T150000Z.png,543
544,2000032S11115,2000-02-09 18:00:00+00:00,stormsense_dataset/images/2000032S11115_ELINE/20000209T180000Z.png,544
545,2000032S11115,2000-02-09 21:00:00+00:00,stormsense_dataset/images/2000032S11115_ELINE/20000209T210000Z.png,545
546,2000032S11115,2000-02-10 00:00:00+00:00,stormsense_dataset/images/2000032S11115_ELINE/20000210T000000Z.png,546
547,2000032S11115,2000-02-10 03:00:00+00:00,stormsense_dataset/images/2000032S11115_ELINE/20000210T030000Z.png,547
548,2000032S11115,2000-02-10 06:00:00+00:00,stormsense_dataset/images/2000032S11115_ELINE/20000210T060000Z.png,548
549,2000032S11115,2000-02-10 09:00:00+00:00,stormsense_dataset/images/2000032S11115_ELINE/20000210T090000Z.png,549
550,2000032S11115,2000-02-10 12:00:00+00:00,stormsense_dataset/images/2000032S11115_ELINE/20000210T120000Z.png,550
551,2000032S11115,2000-02-10 15:00:00+00:00,stormsense_dataset/images/2000032S11115_ELINE/20000210T150000Z.png,551
552,2000032S11115,2000-02-10 18:00:00+00:00,stormsense_dataset/images/2000032S11115_ELINE/20000210T180000Z.png,552
553,2000032S11115,2000-02-10 21:00:00+00:00,stormsense_dataset/images/2000032S11115_ELINE/20000210T210000Z.png,553
554,2000032S11115,2000-02-11 00:00:00+00:00,stormsense_dataset/images/2000032S11115_ELINE/20000211T000000Z.png,554
555,2000032S11115,2000-02-11 03:00:00+00:00,stormsense_dataset/images/2000032S11115_ELINE/20000211T030000Z.png,555
556,2000032S11115,2000-02-11 06:00:00+00:00,stormsense_dataset/images/2000032S11115_ELINE/20000211T060000Z.png,556
557,2000032S11115,2000-02-11 09:00:00+00:00,stormsense_dataset/images/2000032S11115_ELINE/20000211T090000Z.png,557
558,2000032S11115,2000-02-11 12:00:00+00:00,stormsense_dataset/images/2000032S11115_ELINE/20000211T120000Z.png,558
559,2000032S11115,2000-02-11 15:00:00+00:00,stormsense_dataset/images/2000032S11115_ELINE/20000211T150000Z.png,559
560,2000032S11115,2000-02-11 18:00:00+00:00,stormsense_dataset/images/2000032S11115_ELINE/20000211T180000Z.png,560
561,2000032S11115,2000-02-11 21:00:00+00:00,stormsense_dataset/images/2000032S11115_ELINE/20000211T210000Z.png,561
562,2000032S11115,2000-02-12 00:00:00+00:00,stormsense_dataset/images/2000032S11115_ELINE/20000212T000000Z.png,562
563,2000032S11115,2000-02-12 03:00:00+00:00,stormsense_dataset/images/2000032S11115_ELINE/20000212T030000Z.png,563
564,2000032S11115,2000-02-12 06:00:00+00:00,stormsense_dataset/images/2000032S11115_ELINE/20000212T060000Z.png,564
565,2000032S11115,2000-02-12 09:00:00+00:00,stormsense_dataset/images/2000032S11115_ELINE/20000212T090000Z.png,565
566,2000032S11115,2000-02-12 12:00:00+00:00,stormsense_dataset/images/2000032S11115_ELINE/20000212T120000Z.png,566
567,2000032S11115,2000-02-12 15:00:00+00:00,stormsense_dataset/images/2000032S11115_ELINE/20000212T150000Z.png,567
568,2000032S11115,2000-02-12 18:00:00+00:00,stormsense_dataset/images/2000032S11115_ELINE/20000212T180000Z.png,568
569,2000032S11115,2000-02-12 21:00:00+00:00,stormsense_dataset/images/2000032S11115_ELINE/20000212T210000Z.png,569
570,2000032S11115,2000-02-13 00:00:00+00:00,stormsense_dataset/images/2000032S11115_ELINE/20000213T000000Z.png,570
571,2000032S11115,2000-02-13 03:00:00+00:00,stormsense_dataset/images/2000032S11115_ELINE/20000213T030000Z.png,571
572,2000032S11115,2000-02-13 06:00:00+00:00,stormsense_dataset/images/2000032S11115_ELINE/20000213T060000Z.png,572
573,2000032S11115,2000-02-13 09:00:00+00:00,stormsense_dataset/images/2000032S11115_ELINE/20000213T090000Z.png,573
574,2000032S11115,2000-02-13 12:00:00+00:00,stormsense_dataset/images/2000032S11115_ELINE/20000213T120000Z.png,574
575,2000032S11115,2000-02-13 15:00:00+00:00,stormsense_dataset/images/2000032S11115_ELINE/20000213T150000Z.png,575
576,2000032S11115,2000-02-13 18:00:00+00:00,stormsense_dataset/images/2000032S11115_ELINE/20000213T180000Z.png,576
577,2000032S11115,2000-02-13 21:00:00+00:00,stormsense_dataset/images/2000032S11115_ELINE/20000213T210000Z.png,577
578,2000032S11115,2000-02-14 00:00:00+00:00,stormsense_dataset/images/2000032S11115_ELINE/20000214T000000Z.png,578
579,2000032S11115,2000-02-14 03:00:00+00:00,stormsense_dataset/images/2000032S11115_ELINE/20000214T030000Z.png,579
580,2000032S11115,2000-02-14 06:00:00+00:00,stormsense_dataset/images/2000032S11115_ELINE/20000214T060000Z.png,580
581,2000032S11115,2000-02-14 09:00:00+00:00,stormsense_dataset/images/2000032S11115_ELINE/20000214T090000Z.png,581
582,2000032S11115,2000-02-14 12:00:00+00:00,stormsense_dataset/images/2000032S11115_ELINE/20000214T120000Z.png,582
583,2000032S11115,2000-02-14 15:00:00+00:00,stormsense_dataset/images/2000032S11115_ELINE/20000214T150000Z.png,583
584,2000032S11115,2000-02-14 18:00:00+00:00,stormsense_dataset/images/2000032S11115_ELINE/20000214T180000Z.png,584
585,2000032S11115,2000-02-14 21:00:00+00:00,stormsense_dataset/images/2000032S11115_ELINE/20000214T210000Z.png,585
586,2000032S11115,2000-02-15 00:00:00+00:00,stormsense_dataset/images/2000032S11115_ELINE/20000215T000000Z.png,586
587,2000032S11115,2000-02-15 03:00:00+00:00,stormsense_dataset/images/2000032S11115_ELINE/20000215T030000Z.png,587
588,2000032S11115,2000-02-15 06:00:00+00:00,stormsense_dataset/images/2000032S11115_ELINE/20000215T060000Z.png,588
589,2000032S11115,2000-02-15 09:00:00+00:00,stormsense_dataset/images/2000032S11115_ELINE/20000215T090000Z.png,589
590,2000032S11115,2000-02-15 12:00:00+00:00,stormsense_dataset/images/2000032S11115_ELINE/20000215T120000Z.png,590
591,2000032S11115,2000-02-15 15:00:00+00:00,stormsense_dataset/images/2000032S11115_ELINE/20000215T150000Z.png,591
592,2000032S11115,2000-02-15 18:00:00+00:00,stormsense_dataset/images/2000032S11115_ELINE/20000215T180000Z.png,592
593,2000032S11115,2000-02-15 21:00:00+00:00,stormsense_dataset/images/2000032S11115_ELINE/20000215T210000Z.png,593
594,2000032S11115,2000-02-16 00:00:00+00:00,stormsense_dataset/images/2000032S11115_ELINE/20000216T000000Z.png,594
595,2000032S11115,2000-02-16 03:00:00+00:00,stormsense_dataset/images/2000032S11115_ELINE/20000216T030000Z.png,595
596,2000032S11115,2000-02-16 06:00:00+00:00,stormsense_dataset/images/2000032S11115_ELINE/20000216T060000Z.png,596
597,2000032S11115,2000-02-16 09:00:00+00:00,stormsense_dataset/images/2000032S11115_ELINE/20000216T090000Z.png,597
598,2000032S11115,2000-02-16 12:00:00+00:00,stormsense_dataset/images/2000032S11115_ELINE/20000216T120000Z.png,598
599,2000032S11115,2000-02-16 15:00:00+00:00,stormsense_dataset/images/2000032S11115_ELINE/20000216T150000Z.png,599
600,2000032S11115,2000-02-16 18:00:00+00:00,stormsense_dataset/images/2000032S11115_ELINE/20000216T180000Z.png,600
601,2000032S11115,2000-02-16 21:00:00+00:00,stormsense_dataset/images/2000032S11115_ELINE/20000216T210000Z.png,601
602,2000032S11115,2000-02-17 00:00:00+00:00,stormsense_dataset/images/2000032S11115_ELINE/20000217T000000Z.png,602
603,2000032S11115,2000-02-17 03:00:00+00:00,stormsense_dataset/images/2000032S11115_ELINE/20000217T030000Z.png,603
604,2000032S11115,2000-02-17 06:00:00+00:00,stormsense_dataset/images/2000032S11115_ELINE/20000217T060000Z.png,604
605,2000032S11115,2000-02-17 09:00:00+00:00,stormsense_dataset/images/2000032S11115_ELINE/20000217T090000Z.png,605
606,2000032S11115,2000-02-17 12:00:00+00:00,stormsense_dataset/images/2000032S11115_ELINE/20000217T120000Z.png,606
607,2000032S11115,2000-02-17 15:00:00+00:00,stormsense_dataset/images/2000032S11115_ELINE/20000217T150000Z.png,607
608,2000032S11115,2000-02-17 18:00:00+00:00,stormsense_dataset/images/2000032S11115_ELINE/20000217T180000Z.png,608
609,2000032S11115,2000-02-17 21:00:00+00:00,stormsense_dataset/images/2000032S11115_ELINE/20000217T210000Z.png,609
610,2000032S11115,2000-02-18 00:00:00+00:00,stormsense_dataset/images/2000032S11115_ELINE/20000218T000000Z.png,610
611,2000032S11115,2000-02-18 03:00:00+00:00,stormsense_dataset/images/2000032S11115_ELINE/20000218T030000Z.png,611
612,2000032S11115,2000-02-18 06:00:00+00:00,stormsense_dataset/images/2000032S11115_ELINE/20000218T060000Z.png,612
613,2000032S11115,2000-02-18 09:00:00+00:00,stormsense_dataset/images/2000032S11115_ELINE/20000218T090000Z.png,613
614,2000032S11115,2000-02-18 12:00:00+00:00,stormsense_dataset/images/2000032S11115_ELINE/20000218T120000Z.png,614
615,2000032S11115,2000-02-18 15:00:00+00:00,stormsense_dataset/images/2000032S11115_ELINE/20000218T150000Z.png,615
616,2000032S11115,2000-02-18 18:00:00+00:00,stormsense_dataset/images/2000032S11115_ELINE/20000218T180000Z.png,616
617,2000032S11115,2000-02-18 21:00:00+00:00,stormsense_dataset/images/2000032S11115_ELINE/20000218T210000Z.png,617
618,2000032S11115,2000-02-19 00:00:00+00:00,stormsense_dataset/images/2000032S11115_ELINE/20000219T000000Z.png,618
619,2000032S11115,2000-02-19 03:00:00+00:00,stormsense_dataset/images/2000032S11115_ELINE/20000219T030000Z.png,619
620,2000032S11115,2000-02-19 06:00:00+00:00,stormsense_dataset/images/2000032S11115_ELINE/20000219T060000Z.png,620
621,2000032S11115,2000-02-19 09:00:00+00:00,stormsense_dataset/images/2000032S11115_ELINE/20000219T090000Z.png,621
622,2000032S11115,2000-02-19 12:00:00+00:00,stormsense_dataset/images/2000032S11115_ELINE/20000219T120000Z.png,622
623,2000032S11115,2000-02-19 15:00:00+00:00,stormsense_dataset/images/2000032S11115_ELINE/20000219T150000Z.png,623
624,2000032S11115,2000-02-19 18:00:00+00:00,stormsense_dataset/images/2000032S11115_ELINE/20000219T180000Z.png,624
625,2000032S11115,2000-02-19 21:00:00+00:00,stormsense_dataset/images/2000032S11115_ELINE/20000219T210000Z.png,625
626,2000032S11115,2000-02-20 00:00:00+00:00,stormsense_dataset/images/2000032S11115_ELINE/20000220T000000Z.png,626
627,2000032S11115,2000-02-20 03:00:00+00:00,stormsense_dataset/images/2000032S11115_ELINE/20000220T030000Z.png,627
628,2000032S11115,2000-02-20 06:00:00+00:00,stormsense_dataset/images/2000032S11115_ELINE/20000220T060000Z.png,628
629,2000032S11115,2000-02-20 09:00:00+00:00,stormsense_dataset/images/2000032S11115_ELINE/20000220T090000Z.png,629
630,2000032S11115,2000-02-20 12:00:00+00:00,stormsense_dataset/images/2000032S11115_ELINE/20000220T120000Z.png,630
631,2000032S11115,2000-02-20 15:00:00+00:00,stormsense_dataset/images/2000032S11115_ELINE/20000220T150000Z.png,631
632,2000032S11115,2000-02-20 18:00:00+00:00,stormsense_dataset/images/2000032S11115_ELINE/20000220T180000Z.png,632
633,2000032S11115,2000-02-20 21:00:00+00:00,stormsense_dataset/images/2000032S11115_ELINE/20000220T210000Z.png,633
634,2000032S11115,2000-02-21 00:00:00+00:00,stormsense_dataset/images/2000032S11115_ELINE/20000221T000000Z.png,634
635,2000032S11115,2000-02-21 03:00:00+00:00,stormsense_dataset/images/2000032S11115_ELINE/20000221T030000Z.png,635
636,2000032S11115,2000-02-21 06:00:00+00:00,stormsense_dataset/images/2000032S11115_ELINE/20000221T060000Z.png,636
637,2000032S11115,2000-02-21 09:00:00+00:00,stormsense_dataset/images/2000032S11115_ELINE/20000221T090000Z.png,637
638,2000032S11115,2000-02-21 12:00:00+00:00,stormsense_dataset/images/2000032S11115_ELINE/20000221T120000Z.png,638
639,2000032S11115,2000-02-21 15:00:00+00:00,stormsense_dataset/images/2000032S11115_ELINE/20000221T150000Z.png,639
640,2000032S11115,2000-02-21 18:00:00+00:00,stormsense_dataset/images/2000032S11115_ELINE/20000221T180000Z.png,640
641,2000032S11115,2000-02-21 21:00:00+00:00,stormsense_dataset/images/2000032S11115_ELINE/20000221T210000Z.png,641
642,2000032S11115,2000-02-22 00:00:00+00:00,stormsense_dataset/images/2000032S11115_ELINE/20000222T000000Z.png,642
643,2000032S11115,2000-02-22 03:00:00+00:00,stormsense_dataset/images/2000032S11115_ELINE/20000222T030000Z.png,643
644,2000032S11115,2000-02-22 06:00:00+00:00,stormsense_dataset/images/2000032S11115_ELINE/20000222T060000Z.png,644
645,2000032S11115,2000-02-22 09:00:00+00:00,stormsense_dataset/images/2000032S11115_ELINE/20000222T090000Z.png,645
646,2000032S11115,2000-02-22 12:00:00+00:00,stormsense_dataset/images/2000032S11115_ELINE/20000222T120000Z.png,646
647,2000032S11115,2000-02-22 15:00:00+00:00,stormsense_dataset/images/2000032S11115_ELINE/20000222T150000Z.png,647
648,2000032S11115,2000-02-22 18:00:00+00:00,stormsense_dataset/images/2000032S11115_ELINE/20000222T180000Z.png,648
649,2000032S11115,2000-02-22 21:00:00+00:00,stormsense_dataset/images/2000032S11115_ELINE/20000222T210000Z.png,649
650,2000032S11115,2000-02-23 00:00:00+00:00,stormsense_dataset/images/2000032S11115_ELINE/20000223T000000Z.png,650
651,2000032S11115,2000-02-23 03:00:00+00:00,stormsense_dataset/images/2000032S11115_ELINE/20000223T030000Z.png,651
652,2000032S11115,2000-02-23 06:00:00+00:00,stormsense_dataset/images/2000032S11115_ELINE/20000223T060000Z.png,652
653,2000032S11115,2000-02-23 09:00:00+00:00,stormsense_dataset/images/2000032S11115_ELINE/20000223T090000Z.png,653
654,2000032S11115,2000-02-23 12:00:00+00:00,stormsense_dataset/images/2000032S11115_ELINE/20000223T120000Z.png,654
655,2000032S11115,2000-02-23 15:00:00+00:00,stormsense_dataset/images/2000032S11115_ELINE/20000223T150000Z.png,655
656,2000032S11115,2000-02-23 18:00:00+00:00,stormsense_dataset/images/2000032S11115_ELINE/20000223T180000Z.png,656
657,2000032S11115,2000-02-23 21:00:00+00:00,stormsense_dataset/images/2000032S11115_ELINE/20000223T210000Z.png,657
658,2000032S11115,2000-02-24 00:00:00+00:00,stormsense_dataset/images/2000032S11115_ELINE/20000224T000000Z.png,658
659,2000032S11115,2000-02-24 03:00:00+00:00,stormsense_dataset/images/2000032S11115_ELINE/20000224T030000Z.png,659
660,2000032S11115,2000-02-24 06:00:00+00:00,stormsense_dataset/images/2000032S11115_ELINE/20000224T060000Z.png,660
661,2000032S11115,2000-02-24 09:00:00+00:00,stormsense_dataset/images/2000032S11115_ELINE/20000224T090000Z.png,661
662,2000032S11115,2000-02-24 12:00:00+00:00,stormsense_dataset/images/2000032S11115_ELINE/20000224T120000Z.png,662
663,2000032S11115,2000-02-24 15:00:00+00:00,stormsense_dataset/images/2000032S11115_ELINE/20000224T150000Z.png,663
664,2000032S11115,2000-02-24 18:00:00+00:00,stormsense_dataset/images/2000032S11115_ELINE/20000224T180000Z.png,664
665,2000032S11115,2000-02-24 21:00:00+00:00,stormsense_dataset/images/2000032S11115_ELINE/20000224T210000Z.png,665
666,2000032S11115,2000-02-25 00:00:00+00:00,stormsense_dataset/images/2000032S11115_ELINE/20000225T000000Z.png,666
667,2000032S11115,2000-02-25 03:00:00+00:00,stormsense_dataset/images/2000032S11115_ELINE/20000225T030000Z.png,667
668,2000032S11115,2000-02-25 06:00:00+00:00,stormsense_dataset/images/2000032S11115_ELINE/20000225T060000Z.png,668
669,2000032S11115,2000-02-25 09:00:00+00:00,stormsense_dataset/images/2000032S11115_ELINE/20000225T090000Z.png,669
670,2000032S11115,2000-02-25 12:00:00+00:00,stormsense_dataset/images/2000032S11115_ELINE/20000225T120000Z.png,670
671,2000032S11115,2000-02-25 15:00:00+00:00,stormsense_dataset/images/2000032S11115_ELINE/20000225T150000Z.png,671
672,2000032S11115,2000-02-25 18:00:00+00:00,stormsense_dataset/images/2000032S11115_ELINE/20000225T180000Z.png,672
673,2000032S11115,2000-02-25 21:00:00+00:00,stormsense_dataset/images/2000032S11115_ELINE/20000225T210000Z.png,673
674,2000032S11115,2000-02-26 00:00:00+00:00,stormsense_dataset/images/2000032S11115_ELINE/20000226T000000Z.png,674
675,2000032S11115,2000-02-26 03:00:00+00:00,stormsense_dataset/images/2000032S11115_ELINE/20000226T030000Z.png,675
676,2000032S11115,2000-02-26 06:00:00+00:00,stormsense_dataset/images/2000032S11115_ELINE/20000226T060000Z.png,676
677,2000032S11115,2000-02-26 09:00:00+00:00,stormsense_dataset/images/2000032S11115_ELINE/20000226T090000Z.png,677
678,2000032S11115,2000-02-26 12:00:00+00:00,stormsense_dataset/images/2000032S11115_ELINE/20000226T120000Z.png,678
679,2000032S11115,2000-02-26 15:00:00+00:00,stormsense_dataset/images/2000032S11115_ELINE/20000226T150000Z.png,679
680,2000032S11115,2000-02-26 18:00:00+00:00,stormsense_dataset/images/2000032S11115_ELINE/20000226T180000Z.png,680
681,2000032S11115,2000-02-26 21:00:00+00:00,stormsense_dataset/images/2000032S11115_ELINE/20000226T210000Z.png,681
682,2000032S11115,2000-02-27 00:00:00+00:00,stormsense_dataset/images/2000032S11115_ELINE/20000227T000000Z.png,682
683,2000032S11115,2000-02-27 03:00:00+00:00,stormsense_dataset/images/2000032S11115_ELINE/20000227T030000Z.png,683
684,2000032S11115,2000-02-27 06:00:00+00:00,stormsense_dataset/images/2000032S11115_ELINE/20000227T060000Z.png,684
685,2000032S11115,2000-02-27 09:00:00+00:00,stormsense_dataset/images/2000032S11115_ELINE/20000227T090000Z.png,685
686,2000032S11115,2000-02-27 12:00:00+00:00,stormsense_dataset/images/2000032S11115_ELINE/20000227T120000Z.png,686
687,2000032S11115,2000-02-27 15:00:00+00:00,stormsense_dataset/images/2000032S11115_ELINE/20000227T150000Z.png,687
688,2000032S11115,2000-02-27 18:00:00+00:00,stormsense_dataset/images/2000032S11115_ELINE/20000227T180000Z.png,688
689,2000032S11115,2000-02-27 21:00:00+00:00,stormsense_dataset/images/2000032S11115_ELINE/20000227T210000Z.png,689
690,2000032S11115,2000-02-28 00:00:00+00:00,stormsense_dataset/images/2000032S11115_ELINE/20000228T000000Z.png,690
691,2000032S11115,2000-02-28 03:00:00+00:00,stormsense_dataset/images/2000032S11115_ELINE/20000228T030000Z.png,691
692,2000032S11115,2000-02-28 06:00:00+00:00,stormsense_dataset/images/2000032S11115_ELINE/20000228T060000Z.png,692
693,2000032S11115,2000-02-28 09:00:00+00:00,stormsense_dataset/images/2000032S11115_ELINE/20000228T090000Z.png,693
694,2000032S11115,2000-02-28 12:00:00+00:00,stormsense_dataset/images/2000032S11115_ELINE/20000228T120000Z.png,694
695,2000032S11115,2000-02-28 15:00:00+00:00,stormsense_dataset/images/2000032S11115_ELINE/20000228T150000Z.png,695
696,2000032S11115,2000-02-28 18:00:00+00:00,stormsense_dataset/images/2000032S11115_ELINE/20000228T180000Z.png,696
697,2000032S11115,2000-02-28 21:00:00+00:00,stormsense_dataset/images/2000032S11115_ELINE/20000228T210000Z.png,697
698,2000032S11115,2000-02-29 00:00:00+00:00,stormsense_dataset/images/2000032S11115_ELINE/20000229T000000Z.png,698
699,2000032S11115,2000-02-29 03:00:00+00:00,stormsense_dataset/images/2000032S11115_ELINE/20000229T030000Z.png,699
700,2000032S11115,2000-02-29 06:00:00+00:00,stormsense_dataset/images/2000032S11115_ELINE/20000229T060000Z.png,700
701,2000032S11115,2000-02-29 09:00:00+00:00,stormsense_dataset/images/2000032S11115_ELINE/20000229T090000Z.png,701
702,2000046S14100,2000-02-14 12:00:00+00:00,stormsense_dataset/images/2000046S14100_MARCIA/20000214T120000Z.png,702
703,2000046S14100,2000-02-14 15:00:00+00:00,stormsense_dataset/images/2000046S14100_MARCIA/20000214T150000Z.png,703
704,2000046S14100,2000-02-14 18:00:00+00:00,stormsense_dataset/images/2000046S14100_MARCIA/20000214T180000Z.png,704
705,2000046S14100,2000-02-14 21:00:00+00:00,stormsense_dataset/images/2000046S14100_MARCIA/20000214T210000Z.png,705
706,2000046S14100,2000-02-15 00:00:00+00:00,stormsense_dataset/images/2000046S14100_MARCIA/20000215T000000Z.png,706
707,2000046S14100,2000-02-15 03:00:00+00:00,stormsense_dataset/images/2000046S14100_MARCIA/20000215T030000Z.png,707
708,2000046S14100,2000-02-15 06:00:00+00:00,stormsense_dataset/images/2000046S14100_MARCIA/20000215T060000Z.png,708
709,2000046S14100,2000-02-15 09:00:00+00:00,stormsense_dataset/images/2000046S14100_MARCIA/20000215T090000Z.png,709
710,2000046S14100,2000-02-15 12:00:00+00:00,stormsense_dataset/images/2000046S14100_MARCIA/20000215T120000Z.png,710
711,2000046S14100,2000-02-15 15:00:00+00:00,stormsense_dataset/images/2000046S14100_MARCIA/20000215T150000Z.png,711
712,2000046S14100,2000-02-15 18:00:00+00:00,stormsense_dataset/images/2000046S14100_MARCIA/20000215T180000Z.png,712
713,2000046S14100,2000-02-15 21:00:00+00:00,stormsense_dataset/images/2000046S14100_MARCIA/20000215T210000Z.png,713
714,2000046S14100,2000-02-16 00:00:00+00:00,stormsense_dataset/images/2000046S14100_MARCIA/20000216T000000Z.png,714
715,2000046S14100,2000-02-16 03:00:00+00:00,stormsense_dataset/images/2000046S14100_MARCIA/20000216T030000Z.png,715
716,2000046S14100,2000-02-16 06:00:00+00:00,stormsense_dataset/images/2000046S14100_MARCIA/20000216T060000Z.png,716
717,2000046S14100,2000-02-16 09:00:00+00:00,stormsense_dataset/images/2000046S14100_MARCIA/20000216T090000Z.png,717
718,2000046S14100,2000-02-16 12:00:00+00:00,stormsense_dataset/images/2000046S14100_MARCIA/20000216T120000Z.png,718
719,2000046S14100,2000-02-16 15:00:00+00:00,stormsense_dataset/images/2000046S14100_MARCIA/20000216T150000Z.png,719
720,2000046S14100,2000-02-16 18:00:00+00:00,stormsense_dataset/images/2000046S14100_MARCIA/20000216T180000Z.png,720
721,2000046S14100,2000-02-16 21:00:00+00:00,stormsense_dataset/images/2000046S14100_MARCIA/20000216T210000Z.png,721
722,2000046S14100,2000-02-17 00:00:00+00:00,stormsense_dataset/images/2000046S14100_MARCIA/20000217T000000Z.png,722
723,2000046S14100,2000-02-17 03:00:00+00:00,stormsense_dataset/images/2000046S14100_MARCIA/20000217T030000Z.png,723
724,2000046S14100,2000-02-17 06:00:00+00:00,stormsense_dataset/images/2000046S14100_MARCIA/20000217T060000Z.png,724
725,2000046S14100,2000-02-17 09:00:00+00:00,stormsense_dataset/images/2000046S14100_MARCIA/20000217T090000Z.png,725
726,2000046S14100,2000-02-17 12:00:00+00:00,stormsense_dataset/images/2000046S14100_MARCIA/20000217T120000Z.png,726
727,2000046S14100,2000-02-17 15:00:00+00:00,stormsense_dataset/images/2000046S14100_MARCIA/20000217T150000Z.png,727
728,2000046S14100,2000-02-17 18:00:00+00:00,stormsense_dataset/images/2000046S14100_MARCIA/20000217T180000Z.png,728
729,2000046S14100,2000-02-17 21:00:00+00:00,stormsense_dataset/images/2000046S14100_MARCIA/20000217T210000Z.png,729
730,2000046S14100,2000-02-18 00:00:00+00:00,stormsense_dataset/images/2000046S14100_MARCIA/20000218T000000Z.png,730
731,2000046S14100,2000-02-18 03:00:00+00:00,stormsense_dataset/images/2000046S14100_MARCIA/20000218T030000Z.png,731
732,2000046S14100,2000-02-18 06:00:00+00:00,stormsense_dataset/images/2000046S14100_MARCIA/20000218T060000Z.png,732
733,2000046S14100,2000-02-18 09:00:00+00:00,stormsense_dataset/images/2000046S14100_MARCIA/20000218T090000Z.png,733
734,2000050S13078,2000-02-18 18:00:00+00:00,stormsense_dataset/images/2000050S13078_FELICIA/20000218T180000Z.png,734
735,2000050S13078,2000-02-18 21:00:00+00:00,stormsense_dataset/images/2000050S13078_FELICIA/20000218T210000Z.png,735
736,2000050S13078,2000-02-19 00:00:00+00:00,stormsense_dataset/images/2000050S13078_FELICIA/20000219T000000Z.png,736
737,2000050S13078,2000-02-19 03:00:00+00:00,stormsense_dataset/images/2000050S13078_FELICIA/20000219T030000Z.png,737
738,2000050S13078,2000-02-19 06:00:00+00:00,stormsense_dataset/images/2000050S13078_FELICIA/20000219T060000Z.png,738
739,2000050S13078,2000-02-19 09:00:00+00:00,stormsense_dataset/images/2000050S13078_FELICIA/20000219T090000Z.png,739
740,2000050S13078,2000-02-19 12:00:00+00:00,stormsense_dataset/images/2000050S13078_FELICIA/20000219T120000Z.png,740
741,2000050S13078,2000-02-19 15:00:00+00:00,stormsense_dataset/images/2000050S13078_FELICIA/20000219T150000Z.png,741
742,2000050S13078,2000-02-19 18:00:00+00:00,stormsense_dataset/images/2000050S13078_FELICIA/20000219T180000Z.png,742
743,2000050S13078,2000-02-19 21:00:00+00:00,stormsense_dataset/images/2000050S13078_FELICIA/20000219T210000Z.png,743
744,2000050S13078,2000-02-20 00:00:00+00:00,stormsense_dataset/images/2000050S13078_FELICIA/20000220T000000Z.png,744
745,2000050S13078,2000-02-20 03:00:00+00:00,stormsense_dataset/images/2000050S13078_FELICIA/20000220T030000Z.png,745
746,2000050S13078,2000-02-20 06:00:00+00:00,stormsense_dataset/images/2000050S13078_FELICIA/20000220T060000Z.png,746
747,2000050S13078,2000-02-20 09:00:00+00:00,stormsense_dataset/images/2000050S13078_FELICIA/20000220T090000Z.png,747
748,2000050S13078,2000-02-20 12:00:00+00:00,stormsense_dataset/images/2000050S13078_FELICIA/20000220T120000Z.png,748
749,2000050S13078,2000-02-20 15:00:00+00:00,stormsense_dataset/images/2000050S13078_FELICIA/20000220T150000Z.png,749
750,2000050S13078,2000-02-20 18:00:00+00:00,stormsense_dataset/images/2000050S13078_FELICIA/20000220T180000Z.png,750
751,2000050S13078,2000-02-20 21:00:00+00:00,stormsense_dataset/images/2000050S13078_FELICIA/20000220T210000Z.png,751
752,2000050S13078,2000-02-21 00:00:00+00:00,stormsense_dataset/images/2000050S13078_FELICIA/20000221T000000Z.png,752
753,2000050S13078,2000-02-21 03:00:00+00:00,stormsense_dataset/images/2000050S13078_FELICIA/20000221T030000Z.png,753
754,2000050S13078,2000-02-21 06:00:00+00:00,stormsense_dataset/images/2000050S13078_FELICIA/20000221T060000Z.png,754
755,2000050S13078,2000-02-21 09:00:00+00:00,stormsense_dataset/images/2000050S13078_FELICIA/20000221T090000Z.png,755
756,2000050S13078,2000-02-21 12:00:00+00:00,stormsense_dataset/images/2000050S13078_FELICIA/20000221T120000Z.png,756
757,2000050S13078,2000-02-21 15:00:00+00:00,stormsense_dataset/images/2000050S13078_FELICIA/20000221T150000Z.png,757
758,2000050S13078,2000-02-21 18:00:00+00:00,stormsense_dataset/images/2000050S13078_FELICIA/20000221T180000Z.png,758
759,2000050S13078,2000-02-21 21:00:00+00:00,stormsense_dataset/images/2000050S13078_FELICIA/20000221T210000Z.png,759
760,2000050S13078,2000-02-22 00:00:00+00:00,stormsense_dataset/images/2000050S13078_FELICIA/20000222T000000Z.png,760
761,2000050S13078,2000-02-22 03:00:00+00:00,stormsense_dataset/images/2000050S13078_FELICIA/20000222T030000Z.png,761
762,2000050S13078,2000-02-22 06:00:00+00:00,stormsense_dataset/images/2000050S13078_FELICIA/20000222T060000Z.png,762
763,2000050S13078,2000-02-22 09:00:00+00:00,stormsense_dataset/images/2000050S13078_FELICIA/20000222T090000Z.png,763
764,2000050S13078,2000-02-22 12:00:00+00:00,stormsense_dataset/images/2000050S13078_FELICIA/20000222T120000Z.png,764
765,2000050S13078,2000-02-22 15:00:00+00:00,stormsense_dataset/images/2000050S13078_FELICIA/20000222T150000Z.png,765
766,2000050S13078,2000-02-22 18:00:00+00:00,stormsense_dataset/images/2000050S13078_FELICIA/20000222T180000Z.png,766
767,2000050S13078,2000-02-22 21:00:00+00:00,stormsense_dataset/images/2000050S13078_FELICIA/20000222T210000Z.png,767
768,2000050S13078,2000-02-23 00:00:00+00:00,stormsense_dataset/images/2000050S13078_FELICIA/20000223T000000Z.png,768
769,2000050S13078,2000-02-23 03:00:00+00:00,stormsense_dataset/images/2000050S13078_FELICIA/20000223T030000Z.png,769
770,2000050S13078,2000-02-23 06:00:00+00:00,stormsense_dataset/images/2000050S13078_FELICIA/20000223T060000Z.png,770
771,2000050S13078,2000-02-23 09:00:00+00:00,stormsense_dataset/images/2000050S13078_FELICIA/20000223T090000Z.png,771
772,2000050S13078,2000-02-23 12:00:00+00:00,stormsense_dataset/images/2000050S13078_FELICIA/20000223T120000Z.png,772
773,2000050S13078,2000-02-23 15:00:00+00:00,stormsense_dataset/images/2000050S13078_FELICIA/20000223T150000Z.png,773
774,2000050S13078,2000-02-23 18:00:00+00:00,stormsense_dataset/images/2000050S13078_FELICIA/20000223T180000Z.png,774
775,2000050S13078,2000-02-23 21:00:00+00:00,stormsense_dataset/images/2000050S13078_FELICIA/20000223T210000Z.png,775
776,2000050S13078,2000-02-24 00:00:00+00:00,stormsense_dataset/images/2000050S13078_FELICIA/20000224T000000Z.png,776
777,2000050S13078,2000-02-24 03:00:00+00:00,stormsense_dataset/images/2000050S13078_FELICIA/20000224T030000Z.png,777
778,2000050S13078,2000-02-24 06:00:00+00:00,stormsense_dataset/images/2000050S13078_FELICIA/20000224T060000Z.png,778
779,2000050S13078,2000-02-24 09:00:00+00:00,stormsense_dataset/images/2000050S13078_FELICIA/20000224T090000Z.png,779
780,2000050S13078,2000-02-24 12:00:00+00:00,stormsense_dataset/images/2000050S13078_FELICIA/20000224T120000Z.png,780
781,2000050S13078,2000-02-24 15:00:00+00:00,stormsense_dataset/images/2000050S13078_FELICIA/20000224T150000Z.png,781
782,2000050S13078,2000-02-24 18:00:00+00:00,stormsense_dataset/images/2000050S13078_FELICIA/20000224T180000Z.png,782
783,2000050S13078,2000-02-24 21:00:00+00:00,stormsense_dataset/images/2000050S13078_FELICIA/20000224T210000Z.png,783
784,2000050S13078,2000-02-25 00:00:00+00:00,stormsense_dataset/images/2000050S13078_FELICIA/20000225T000000Z.png,784
785,2000050S13078,2000-02-25 03:00:00+00:00,stormsense_dataset/images/2000050S13078_FELICIA/20000225T030000Z.png,785
786,2000050S13078,2000-02-25 06:00:00+00:00,stormsense_dataset/images/2000050S13078_FELICIA/20000225T060000Z.png,786
787,2000050S13078,2000-02-25 09:00:00+00:00,stormsense_dataset/images/2000050S13078_FELICIA/20000225T090000Z.png,787
788,2000050S13078,2000-02-25 12:00:00+00:00,stormsense_dataset/images/2000050S13078_FELICIA/20000225T120000Z.png,788
789,2000050S13078,2000-02-25 15:00:00+00:00,stormsense_dataset/images/2000050S13078_FELICIA/20000225T150000Z.png,789
790,2000050S13078,2000-02-25 18:00:00+00:00,stormsense_dataset/images/2000050S13078_FELICIA/20000225T180000Z.png,790
791,2000050S13078,2000-02-25 21:00:00+00:00,stormsense_dataset/images/2000050S13078_FELICIA/20000225T210000Z.png,791
792,2000050S13078,2000-02-26 00:00:00+00:00,stormsense_dataset/images/2000050S13078_FELICIA/20000226T000000Z.png,792
793,2000050S13078,2000-02-26 03:00:00+00:00,stormsense_dataset/images/2000050S13078_FELICIA/20000226T030000Z.png,793
794,2000050S13078,2000-02-26 06:00:00+00:00,stormsense_dataset/images/2000050S13078_FELICIA/20000226T060000Z.png,794
795,2000050S13078,2000-02-26 09:00:00+00:00,stormsense_dataset/images/2000050S13078_FELICIA/20000226T090000Z.png,795
796,2000055S23227,2000-02-23 12:00:00+00:00,stormsense_dataset/images/2000055S23227_KIM/20000223T120000Z.png,796
797,2000055S23227,2000-02-23 15:00:00+00:00,stormsense_dataset/images/2000055S23227_KIM/20000223T150000Z.png,797
798,2000055S23227,2000-02-23 18:00:00+00:00,stormsense_dataset/images/2000055S23227_KIM/20000223T180000Z.png,798
799,2000055S23227,2000-02-23 21:00:00+00:00,stormsense_dataset/images/2000055S23227_KIM/20000223T210000Z.png,799
800,2000055S23227,2000-02-24 00:00:00+00:00,stormsense_dataset/images/2000055S23227_KIM/20000224T000000Z.png,800
801,2000055S23227,2000-02-24 03:00:00+00:00,stormsense_dataset/images/2000055S23227_KIM/20000224T030000Z.png,801
802,2000055S23227,2000-02-24 06:00:00+00:00,stormsense_dataset/images/2000055S23227_KIM/20000224T060000Z.png,802
803,2000055S23227,2000-02-24 12:00:00+00:00,stormsense_dataset/images/2000055S23227_KIM/20000224T120000Z.png,803
804,2000055S23227,2000-02-24 15:00:00+00:00,stormsense_dataset/images/2000055S23227_KIM/20000224T150000Z.png,804
805,2000055S23227,2000-02-24 18:00:00+00:00,stormsense_dataset/images/2000055S23227_KIM/20000224T180000Z.png,805
806,2000055S23227,2000-02-24 21:00:00+00:00,stormsense_dataset/images/2000055S23227_KIM/20000224T210000Z.png,806
807,2000055S23227,2000-02-25 00:00:00+00:00,stormsense_dataset/images/2000055S23227_KIM/20000225T000000Z.png,807
808,2000055S23227,2000-02-25 03:00:00+00:00,stormsense_dataset/images/2000055S23227_KIM/20000225T030000Z.png,808
809,2000055S23227,2000-02-25 06:00:00+00:00,stormsense_dataset/images/2000055S23227_KIM/20000225T060000Z.png,809
810,2000055S23227,2000-02-25 12:00:00+00:00,stormsense_dataset/images/2000055S23227_KIM/20000225T120000Z.png,810
811,2000055S23227,2000-02-25 15:00:00+00:00,stormsense_dataset/images/2000055S23227_KIM/20000225T150000Z.png,811
812,2000055S23227,2000-02-25 18:00:00+00:00,stormsense_dataset/images/2000055S23227_KIM/20000225T180000Z.png,812
813,2000055S23227,2000-02-25 21:00:00+00:00,stormsense_dataset/images/2000055S23227_KIM/20000225T210000Z.png,813
814,2000055S23227,2000-02-26 00:00:00+00:00,stormsense_dataset/images/2000055S23227_KIM/20000226T000000Z.png,814
815,2000055S23227,2000-02-26 03:00:00+00:00,stormsense_dataset/images/2000055S23227_KIM/20000226T030000Z.png,815
816,2000055S23227,2000-02-26 06:00:00+00:00,stormsense_dataset/images/2000055S23227_KIM/20000226T060000Z.png,816
817,2000055S23227,2000-02-26 12:00:00+00:00,stormsense_dataset/images/2000055S23227_KIM/20000226T120000Z.png,817
818,2000055S23227,2000-02-26 15:00:00+00:00,stormsense_dataset/images/2000055S23227_KIM/20000226T150000Z.png,818
819,2000055S23227,2000-02-26 18:00:00+00:00,stormsense_dataset/images/2000055S23227_KIM/20000226T180000Z.png,819
820,2000055S23227,2000-02-26 21:00:00+00:00,stormsense_dataset/images/2000055S23227_KIM/20000226T210000Z.png,820
821,2000055S23227,2000-02-27 00:00:00+00:00,stormsense_dataset/images/2000055S23227_KIM/20000227T000000Z.png,821
822,2000055S23227,2000-02-27 03:00:00+00:00,stormsense_dataset/images/2000055S23227_KIM/20000227T030000Z.png,822
823,2000055S23227,2000-02-27 06:00:00+00:00,stormsense_dataset/images/2000055S23227_KIM/20000227T060000Z.png,823
824,2000055S23227,2000-02-27 12:00:00+00:00,stormsense_dataset/images/2000055S23227_KIM/20000227T120000Z.png,824
825,2000055S23227,2000-02-27 15:00:00+00:00,stormsense_dataset/images/2000055S23227_KIM/20000227T150000Z.png,825
826,2000055S23227,2000-02-27 18:00:00+00:00,stormsense_dataset/images/2000055S23227_KIM/20000227T180000Z.png,826
827,2000055S23227,2000-02-27 21:00:00+00:00,stormsense_dataset/images/2000055S23227_KIM/20000227T210000Z.png,827
828,2000055S23227,2000-02-28 00:00:00+00:00,stormsense_dataset/images/2000055S23227_KIM/20000228T000000Z.png,828
829,2000055S23227,2000-02-28 03:00:00+00:00,stormsense_dataset/images/2000055S23227_KIM/20000228T030000Z.png,829
830,2000055S23227,2000-02-28 06:00:00+00:00,stormsense_dataset/images/2000055S23227_KIM/20000228T060000Z.png,830
831,2000055S23227,2000-02-28 12:00:00+00:00,stormsense_dataset/images/2000055S23227_KIM/20000228T120000Z.png,831
832,2000055S23227,2000-02-28 15:00:00+00:00,stormsense_dataset/images/2000055S23227_KIM/20000228T150000Z.png,832
833,2000055S23227,2000-02-28 18:00:00+00:00,stormsense_dataset/images/2000055S23227_KIM/20000228T180000Z.png,833
834,2000055S23227,2000-02-29 00:00:00+00:00,stormsense_dataset/images/2000055S23227_KIM/20000229T000000Z.png,834
835,2000055S23227,2000-02-29 03:00:00+00:00,stormsense_dataset/images/2000055S23227_KIM/20000229T030000Z.png,835
836,2000055S23227,2000-02-29 06:00:00+00:00,stormsense_dataset/images/2000055S23227_KIM/20000229T060000Z.png,836
837,2000055S23227,2000-02-29 12:00:00+00:00,stormsense_dataset/images/2000055S23227_KIM/20000229T120000Z.png,837
838,2000055S23227,2000-02-29 15:00:00+00:00,stormsense_dataset/images/2000055S23227_KIM/20000229T150000Z.png,838
839,2000055S23227,2000-02-29 18:00:00+00:00,stormsense_dataset/images/2000055S23227_KIM/20000229T180000Z.png,839
840,2000055S23227,2000-03-01 00:00:00+00:00,stormsense_dataset/images/2000055S23227_KIM/20000301T000000Z.png,840
841,2000055S23227,2000-03-01 03:00:00+00:00,stormsense_dataset/images/2000055S23227_KIM/20000301T030000Z.png,841
842,2000055S23227,2000-03-01 06:00:00+00:00,stormsense_dataset/images/2000055S23227_KIM/20000301T060000Z.png,842
843,2000055S23227,2000-03-01 12:00:00+00:00,stormsense_dataset/images/2000055S23227_KIM/20000301T120000Z.png,843
844,2000055S23227,2000-03-01 15:00:00+00:00,stormsense_dataset/images/2000055S23227_KIM/20000301T150000Z.png,844
845,2000055S23227,2000-03-01 18:00:00+00:00,stormsense_dataset/images/2000055S23227_KIM/20000301T180000Z.png,845
846,2000055S23227,2000-03-02 00:00:00+00:00,stormsense_dataset/images/2000055S23227_KIM/20000302T000000Z.png,846
847,2000055S23227,2000-03-02 03:00:00+00:00,stormsense_dataset/images/2000055S23227_KIM/20000302T030000Z.png,847
848,2000055S23227,2000-03-02 06:00:00+00:00,stormsense_dataset/images/2000055S23227_KIM/20000302T060000Z.png,848
849,2000055S23227,2000-03-02 12:00:00+00:00,stormsense_dataset/images/2000055S23227_KIM/20000302T120000Z.png,849
850,2000055S23227,2000-03-02 15:00:00+00:00,stormsense_dataset/images/2000055S23227_KIM/20000302T150000Z.png,850
851,2000055S23227,2000-03-02 18:00:00+00:00,stormsense_dataset/images/2000055S23227_KIM/20000302T180000Z.png,851
852,2000055S23227,2000-03-02 21:00:00+00:00,stormsense_dataset/images/2000055S23227_KIM/20000302T210000Z.png,852
853,2000056S17153,2000-02-25 00:00:00+00:00,stormsense_dataset/images/2000056S17153_STEVE/20000225T000000Z.png,853
854,2000056S17153,2000-02-25 03:00:00+00:00,stormsense_dataset/images/2000056S17153_STEVE/20000225T030000Z.png,854
855,2000056S17153,2000-02-25 06:00:00+00:00,stormsense_dataset/images/2000056S17153_STEVE/20000225T060000Z.png,855
856,2000056S17153,2000-02-25 09:00:00+00:00,stormsense_dataset/images/2000056S17153_STEVE/20000225T090000Z.png,856
857,2000056S17153,2000-02-25 12:00:00+00:00,stormsense_dataset/images/2000056S17153_STEVE/20000225T120000Z.png,857
858,2000056S17153,2000-02-25 15:00:00+00:00,stormsense_dataset/images/2000056S17153_STEVE/20000225T150000Z.png,858
859,2000056S17153,2000-02-25 18:00:00+00:00,stormsense_dataset/images/2000056S17153_STEVE/20000225T180000Z.png,859
860,2000056S17153,2000-02-25 21:00:00+00:00,stormsense_dataset/images/2000056S17153_STEVE/20000225T210000Z.png,860
861,2000056S17153,2000-02-26 00:00:00+00:00,stormsense_dataset/images/2000056S17153_STEVE/20000226T000000Z.png,861
862,2000056S17153,2000-02-26 03:00:00+00:00,stormsense_dataset/images/2000056S17153_STEVE/20000226T030000Z.png,862
863,2000056S17153,2000-02-26 06:00:00+00:00,stormsense_dataset/images/2000056S17153_STEVE/20000226T060000Z.png,863
864,2000056S17153,2000-02-26 09:00:00+00:00,stormsense_dataset/images/2000056S17153_STEVE/20000226T090000Z.png,864
865,2000056S17153,2000-02-26 12:00:00+00:00,stormsense_dataset/images/2000056S17153_STEVE/20000226T120000Z.png,865
866,2000056S17153,2000-02-26 15:00:00+00:00,stormsense_dataset/images/2000056S17153_STEVE/20000226T150000Z.png,866
867,2000056S17153,2000-02-26 18:00:00+00:00,stormsense_dataset/images/2000056S17153_STEVE/20000226T180000Z.png,867
868,2000056S17153,2000-02-26 21:00:00+00:00,stormsense_dataset/images/2000056S17153_STEVE/20000226T210000Z.png,868
869,2000056S17153,2000-02-27 00:00:00+00:00,stormsense_dataset/images/2000056S17153_STEVE/20000227T000000Z.png,869
870,2000056S17153,2000-02-27 03:00:00+00:00,stormsense_dataset/images/2000056S17153_STEVE/20000227T030000Z.png,870
871,2000056S17153,2000-02-27 06:00:00+00:00,stormsense_dataset/images/2000056S17153_STEVE/20000227T060000Z.png,871
872,2000056S17153,2000-02-27 09:00:00+00:00,stormsense_dataset/images/2000056S17153_STEVE/20000227T090000Z.png,872
873,2000056S17153,2000-02-27 12:00:00+00:00,stormsense_dataset/images/2000056S17153_STEVE/20000227T120000Z.png,873
874,2000056S17153,2000-02-27 15:00:00+00:00,stormsense_dataset/images/2000056S17153_STEVE/20000227T150000Z.png,874
875,2000056S17153,2000-02-27 18:00:00+00:00,stormsense_dataset/images/2000056S17153_STEVE/20000227T180000Z.png,875
876,2000056S17153,2000-02-27 21:00:00+00:00,stormsense_dataset/images/2000056S17153_STEVE/20000227T210000Z.png,876
877,2000056S17153,2000-02-28 00:00:00+00:00,stormsense_dataset/images/2000056S17153_STEVE/20000228T000000Z.png,877
878,2000056S17153,2000-02-28 03:00:00+00:00,stormsense_dataset/images/2000056S17153_STEVE/20000228T030000Z.png,878
879,2000056S17153,2000-02-28 06:00:00+00:00,stormsense_dataset/images/2000056S17153_STEVE/20000228T060000Z.png,879
880,2000056S17153,2000-02-28 09:00:00+00:00,stormsense_dataset/images/2000056S17153_STEVE/20000228T090000Z.png,880
881,2000056S17153,2000-02-28 12:00:00+00:00,stormsense_dataset/images/2000056S17153_STEVE/20000228T120000Z.png,881
882,2000056S17153,2000-02-28 15:00:00+00:00,stormsense_dataset/images/2000056S17153_STEVE/20000228T150000Z.png,882
883,2000056S17153,2000-02-28 18:00:00+00:00,stormsense_dataset/images/2000056S17153_STEVE/20000228T180000Z.png,883
884,2000056S17153,2000-02-28 21:00:00+00:00,stormsense_dataset/images/2000056S17153_STEVE/20000228T210000Z.png,884
885,2000056S17153,2000-02-29 00:00:00+00:00,stormsense_dataset/images/2000056S17153_STEVE/20000229T000000Z.png,885
886,2000056S17153,2000-02-29 03:00:00+00:00,stormsense_dataset/images/2000056S17153_STEVE/20000229T030000Z.png,886
887,2000056S17153,2000-02-29 06:00:00+00:00,stormsense_dataset/images/2000056S17153_STEVE/20000229T060000Z.png,887
888,2000056S17153,2000-02-29 09:00:00+00:00,stormsense_dataset/images/2000056S17153_STEVE/20000229T090000Z.png,888
889,2000056S17153,2000-02-29 12:00:00+00:00,stormsense_dataset/images/2000056S17153_STEVE/20000229T120000Z.png,889
890,2000056S17153,2000-02-29 15:00:00+00:00,stormsense_dataset/images/2000056S17153_STEVE/20000229T150000Z.png,890
891,2000056S17153,2000-02-29 18:00:00+00:00,stormsense_dataset/images/2000056S17153_STEVE/20000229T180000Z.png,891
892,2000056S17153,2000-02-29 21:00:00+00:00,stormsense_dataset/images/2000056S17153_STEVE/20000229T210000Z.png,892
893,2000056S17153,2000-03-01 00:00:00+00:00,stormsense_dataset/images/2000056S17153_STEVE/20000301T000000Z.png,893
894,2000056S17153,2000-03-01 03:00:00+00:00,stormsense_dataset/images/2000056S17153_STEVE/20000301T030000Z.png,894
895,2000056S17153,2000-03-01 06:00:00+00:00,stormsense_dataset/images/2000056S17153_STEVE/20000301T060000Z.png,895
896,2000056S17153,2000-03-01 09:00:00+00:00,stormsense_dataset/images/2000056S17153_STEVE/20000301T090000Z.png,896
897,2000056S17153,2000-03-01 12:00:00+00:00,stormsense_dataset/images/2000056S17153_STEVE/20000301T120000Z.png,897
898,2000056S17153,2000-03-01 15:00:00+00:00,stormsense_dataset/images/2000056S17153_STEVE/20000301T150000Z.png,898
899,2000056S17153,2000-03-01 18:00:00+00:00,stormsense_dataset/images/2000056S17153_STEVE/20000301T180000Z.png,899
900,2000056S17153,2000-03-01 21:00:00+00:00,stormsense_dataset/images/2000056S17153_STEVE/20000301T210000Z.png,900
901,2000056S17153,2000-03-02 00:00:00+00:00,stormsense_dataset/images/2000056S17153_STEVE/20000302T000000Z.png,901
902,2000056S17153,2000-03-02 03:00:00+00:00,stormsense_dataset/images/2000056S17153_STEVE/20000302T030000Z.png,902
903,2000056S17153,2000-03-02 06:00:00+00:00,stormsense_dataset/images/2000056S17153_STEVE/20000302T060000Z.png,903
904,2000056S17153,2000-03-02 09:00:00+00:00,stormsense_dataset/images/2000056S17153_STEVE/20000302T090000Z.png,904
905,2000056S17153,2000-03-02 12:00:00+00:00,stormsense_dataset/images/2000056S17153_STEVE/20000302T120000Z.png,905
906,2000056S17153,2000-03-02 15:00:00+00:00,stormsense_dataset/images/2000056S17153_STEVE/20000302T150000Z.png,906
907,2000056S17153,2000-03-02 18:00:00+00:00,stormsense_dataset/images/2000056S17153_STEVE/20000302T180000Z.png,907
908,2000056S17153,2000-03-02 21:00:00+00:00,stormsense_dataset/images/2000056S17153_STEVE/20000302T210000Z.png,908
909,2000056S17153,2000-03-03 00:00:00+00:00,stormsense_dataset/images/2000056S17153_STEVE/20000303T000000Z.png,909
910,2000056S17153,2000-03-03 03:00:00+00:00,stormsense_dataset/images/2000056S17153_STEVE/20000303T030000Z.png,910
911,2000056S17153,2000-03-03 06:00:00+00:00,stormsense_dataset/images/2000056S17153_STEVE/20000303T060000Z.png,911
912,2000056S17153,2000-03-03 09:00:00+00:00,stormsense_dataset/images/2000056S17153_STEVE/20000303T090000Z.png,912
913,2000056S17153,2000-03-03 12:00:00+00:00,stormsense_dataset/images/2000056S17153_STEVE/20000303T120000Z.png,913
914,2000056S17153,2000-03-03 15:00:00+00:00,stormsense_dataset/images/2000056S17153_STEVE/20000303T150000Z.png,914
915,2000056S17153,2000-03-03 18:00:00+00:00,stormsense_dataset/images/2000056S17153_STEVE/20000303T180000Z.png,915
916,2000056S17153,2000-03-03 21:00:00+00:00,stormsense_dataset/images/2000056S17153_STEVE/20000303T210000Z.png,916
917,2000056S17153,2000-03-04 00:00:00+00:00,stormsense_dataset/images/2000056S17153_STEVE/20000304T000000Z.png,917
918,2000056S17153,2000-03-04 03:00:00+00:00,stormsense_dataset/images/2000056S17153_STEVE/20000304T030000Z.png,918
919,2000056S17153,2000-03-04 06:00:00+00:00,stormsense_dataset/images/2000056S17153_STEVE/20000304T060000Z.png,919
920,2000056S17153,2000-03-04 09:00:00+00:00,stormsense_dataset/images/2000056S17153_STEVE/20000304T090000Z.png,920
921,2000056S17153,2000-03-04 12:00:00+00:00,stormsense_dataset/images/2000056S17153_STEVE/20000304T120000Z.png,921
922,2000056S17153,2000-03-04 15:00:00+00:00,stormsense_dataset/images/2000056S17153_STEVE/20000304T150000Z.png,922
923,2000056S17153,2000-03-04 18:00:00+00:00,stormsense_dataset/images/2000056S17153_STEVE/20000304T180000Z.png,923
924,2000056S17153,2000-03-04 21:00:00+00:00,stormsense_dataset/images/2000056S17153_STEVE/20000304T210000Z.png,924
925,2000056S17153,2000-03-05 00:00:00+00:00,stormsense_dataset/images/2000056S17153_STEVE/20000305T000000Z.png,925
926,2000056S17153,2000-03-05 03:00:00+00:00,stormsense_dataset/images/2000056S17153_STEVE/20000305T030000Z.png,926
927,2000056S17153,2000-03-05 06:00:00+00:00,stormsense_dataset/images/2000056S17153_STEVE/20000305T060000Z.png,927
928,2000056S17153,2000-03-05 09:00:00+00:00,stormsense_dataset/images/2000056S17153_STEVE/20000305T090000Z.png,928
929,2000056S17153,2000-03-05 12:00:00+00:00,stormsense_dataset/images/2000056S17153_STEVE/20000305T120000Z.png,929
930,2000056S17153,2000-03-05 15:00:00+00:00,stormsense_dataset/images/2000056S17153_STEVE/20000305T150000Z.png,930
931,2000056S17153,2000-03-05 18:00:00+00:00,stormsense_dataset/images/2000056S17153_STEVE/20000305T180000Z.png,931
932,2000056S17153,2000-03-05 21:00:00+00:00,stormsense_dataset/images/2000056S17153_STEVE/20000305T210000Z.png,932
933,2000056S17153,2000-03-06 00:00:00+00:00,stormsense_dataset/images/2000056S17153_STEVE/20000306T000000Z.png,933
934,2000056S17153,2000-03-06 03:00:00+00:00,stormsense_dataset/images/2000056S17153_STEVE/20000306T030000Z.png,934
935,2000056S17153,2000-03-06 06:00:00+00:00,stormsense_dataset/images/2000056S17153_STEVE/20000306T060000Z.png,935
936,2000056S17153,2000-03-06 09:00:00+00:00,stormsense_dataset/images/2000056S17153_STEVE/20000306T090000Z.png,936
937,2000056S17153,2000-03-06 12:00:00+00:00,stormsense_dataset/images/2000056S17153_STEVE/20000306T120000Z.png,937
938,2000056S17153,2000-03-06 15:00:00+00:00,stormsense_dataset/images/2000056S17153_STEVE/20000306T150000Z.png,938
939,2000056S17153,2000-03-06 18:00:00+00:00,stormsense_dataset/images/2000056S17153_STEVE/20000306T180000Z.png,939
940,2000056S17153,2000-03-06 21:00:00+00:00,stormsense_dataset/images/2000056S17153_STEVE/20000306T210000Z.png,940
941,2000056S17153,2000-03-07 00:00:00+00:00,stormsense_dataset/images/2000056S17153_STEVE/20000307T000000Z.png,941
942,2000056S17153,2000-03-07 03:00:00+00:00,stormsense_dataset/images/2000056S17153_STEVE/20000307T030000Z.png,942
943,2000056S17153,2000-03-07 06:00:00+00:00,stormsense_dataset/images/2000056S17153_STEVE/20000307T060000Z.png,943
944,2000056S17153,2000-03-07 09:00:00+00:00,stormsense_dataset/images/2000056S17153_STEVE/20000307T090000Z.png,944
945,2000056S17153,2000-03-07 12:00:00+00:00,stormsense_dataset/images/2000056S17153_STEVE/20000307T120000Z.png,945
946,2000056S17153,2000-03-07 15:00:00+00:00,stormsense_dataset/images/2000056S17153_STEVE/20000307T150000Z.png,946
947,2000056S17153,2000-03-07 18:00:00+00:00,stormsense_dataset/images/2000056S17153_STEVE/20000307T180000Z.png,947
948,2000056S17153,2000-03-07 21:00:00+00:00,stormsense_dataset/images/2000056S17153_STEVE/20000307T210000Z.png,948
949,2000056S17153,2000-03-08 00:00:00+00:00,stormsense_dataset/images/2000056S17153_STEVE/20000308T000000Z.png,949
950,2000056S17153,2000-03-08 03:00:00+00:00,stormsense_dataset/images/2000056S17153_STEVE/20000308T030000Z.png,950
951,2000056S17153,2000-03-08 06:00:00+00:00,stormsense_dataset/images/2000056S17153_STEVE/20000308T060000Z.png,951
952,2000056S17153,2000-03-08 09:00:00+00:00,stormsense_dataset/images/2000056S17153_STEVE/20000308T090000Z.png,952
953,2000056S17153,2000-03-08 12:00:00+00:00,stormsense_dataset/images/2000056S17153_STEVE/20000308T120000Z.png,953
954,2000056S17153,2000-03-08 15:00:00+00:00,stormsense_dataset/images/2000056S17153_STEVE/20000308T150000Z.png,954
955,2000056S17153,2000-03-08 18:00:00+00:00,stormsense_dataset/images/2000056S17153_STEVE/20000308T180000Z.png,955
956,2000056S17153,2000-03-08 21:00:00+00:00,stormsense_dataset/images/2000056S17153_STEVE/20000308T210000Z.png,956
957,2000056S17153,2000-03-09 00:00:00+00:00,stormsense_dataset/images/2000056S17153_STEVE/20000309T000000Z.png,957
958,2000056S17153,2000-03-09 03:00:00+00:00,stormsense_dataset/images/2000056S17153_STEVE/20000309T030000Z.png,958
959,2000056S17153,2000-03-09 06:00:00+00:00,stormsense_dataset/images/2000056S17153_STEVE/20000309T060000Z.png,959
960,2000056S17153,2000-03-09 09:00:00+00:00,stormsense_dataset/images/2000056S17153_STEVE/20000309T090000Z.png,960
961,2000056S17153,2000-03-09 12:00:00+00:00,stormsense_dataset/images/2000056S17153_STEVE/20000309T120000Z.png,961
962,2000056S17153,2000-03-09 15:00:00+00:00,stormsense_dataset/images/2000056S17153_STEVE/20000309T150000Z.png,962
963,2000056S17153,2000-03-09 18:00:00+00:00,stormsense_dataset/images/2000056S17153_STEVE/20000309T180000Z.png,963
964,2000056S17153,2000-03-09 21:00:00+00:00,stormsense_dataset/images/2000056S17153_STEVE/20000309T210000Z.png,964
965,2000056S17153,2000-03-10 00:00:00+00:00,stormsense_dataset/images/2000056S17153_STEVE/20000310T000000Z.png,965
966,2000056S17153,2000-03-10 03:00:00+00:00,stormsense_dataset/images/2000056S17153_STEVE/20000310T030000Z.png,966
967,2000056S17153,2000-03-10 06:00:00+00:00,stormsense_dataset/images/2000056S17153_STEVE/20000310T060000Z.png,967
968,2000056S17153,2000-03-10 09:00:00+00:00,stormsense_dataset/images/2000056S17153_STEVE/20000310T090000Z.png,968
969,2000056S17153,2000-03-10 12:00:00+00:00,stormsense_dataset/images/2000056S17153_STEVE/20000310T120000Z.png,969
970,2000056S17153,2000-03-10 15:00:00+00:00,stormsense_dataset/images/2000056S17153_STEVE/20000310T150000Z.png,970
971,2000056S17153,2000-03-10 18:00:00+00:00,stormsense_dataset/images/2000056S17153_STEVE/20000310T180000Z.png,971
972,2000056S17153,2000-03-10 21:00:00+00:00,stormsense_dataset/images/2000056S17153_STEVE/20000310T210000Z.png,972
973,2000056S17153,2000-03-11 00:00:00+00:00,stormsense_dataset/images/2000056S17153_STEVE/20000311T000000Z.png,973
974,2000056S17153,2000-03-11 03:00:00+00:00,stormsense_dataset/images/2000056S17153_STEVE/20000311T030000Z.png,974
975,2000056S17153,2000-03-11 06:00:00+00:00,stormsense_dataset/images/2000056S17153_STEVE/20000311T060000Z.png,975
976,2000056S17153,2000-03-11 09:00:00+00:00,stormsense_dataset/images/2000056S17153_STEVE/20000311T090000Z.png,976
977,2000056S17153,2000-03-11 12:00:00+00:00,stormsense_dataset/images/2000056S17153_STEVE/20000311T120000Z.png,977
978,2000056S17153,2000-03-11 15:00:00+00:00,stormsense_dataset/images/2000056S17153_STEVE/20000311T150000Z.png,978
979,2000056S17153,2000-03-11 18:00:00+00:00,stormsense_dataset/images/2000056S17153_STEVE/20000311T180000Z.png,979
980,2000056S17153,2000-03-11 21:00:00+00:00,stormsense_dataset/images/2000056S17153_STEVE/20000311T210000Z.png,980
981,2000058S14063,2000-02-27 00:00:00+00:00,stormsense_dataset/images/2000058S14063_GLORIA/20000227T000000Z.png,981
982,2000058S14063,2000-02-27 03:00:00+00:00,stormsense_dataset/images/2000058S14063_GLORIA/20000227T030000Z.png,982
983,2000058S14063,2000-02-27 06:00:00+00:00,stormsense_dataset/images/2000058S14063_GLORIA/20000227T060000Z.png,983
984,2000058S14063,2000-02-27 09:00:00+00:00,stormsense_dataset/images/2000058S14063_GLORIA/20000227T090000Z.png,984
985,2000058S14063,2000-02-27 12:00:00+00:00,stormsense_dataset/images/2000058S14063_GLORIA/20000227T120000Z.png,985
986,2000058S14063,2000-02-27 15:00:00+00:00,stormsense_dataset/images/2000058S14063_GLORIA/20000227T150000Z.png,986
987,2000058S14063,2000-02-27 18:00:00+00:00,stormsense_dataset/images/2000058S14063_GLORIA/20000227T180000Z.png,987
988,2000058S14063,2000-02-27 21:00:00+00:00,stormsense_dataset/images/2000058S14063_GLORIA/20000227T210000Z.png,988
989,2000058S14063,2000-02-28 00:00:00+00:00,stormsense_dataset/images/2000058S14063_GLORIA/20000228T000000Z.png,989
990,2000058S14063,2000-02-28 03:00:00+00:00,stormsense_dataset/images/2000058S14063_GLORIA/20000228T030000Z.png,990
991,2000058S14063,2000-02-28 06:00:00+00:00,stormsense_dataset/images/2000058S14063_GLORIA/20000228T060000Z.png,991
992,2000058S14063,2000-02-28 09:00:00+00:00,stormsense_dataset/images/2000058S14063_GLORIA/20000228T090000Z.png,992
993,2000058S14063,2000-02-28 12:00:00+00:00,stormsense_dataset/images/2000058S14063_GLORIA/20000228T120000Z.png,993
994,2000058S14063,2000-02-28 15:00:00+00:00,stormsense_dataset/images/2000058S14063_GLORIA/20000228T150000Z.png,994
995,2000058S14063,2000-02-28 18:00:00+00:00,stormsense_dataset/images/2000058S14063_GLORIA/20000228T180000Z.png,995
996,2000058S14063,2000-02-28 21:00:00+00:00,stormsense_dataset/images/2000058S14063_GLORIA/20000228T210000Z.png,996
997,2000058S14063,2000-02-29 00:00:00+00:00,stormsense_dataset/images/2000058S14063_GLORIA/20000229T000000Z.png,997
998,2000058S14063,2000-02-29 03:00:00+00:00,stormsense_dataset/images/2000058S14063_GLORIA/20000229T030000Z.png,998
999,2000058S14063,2000-02-29 06:00:00+00:00,stormsense_dataset/images/2000058S14063_GLORIA/20000229T060000Z.png,999
1000,2000058S14063,2000-02-29 09:00:00+00:00,stormsense_dataset/images/2000058S14063_GLORIA/20000229T090000Z.png,1000
1001,2000058S14063,2000-02-29 12:00:00+00:00,stormsense_dataset/images/2000058S14063_GLORIA/20000229T120000Z.png,1001
1002,2000058S14063,2000-02-29 15:00:00+00:00,stormsense_dataset/images/2000058S14063_GLORIA/20000229T150000Z.png,1002
1003,2000058S14063,2000-02-29 18:00:00+00:00,stormsense_dataset/images/2000058S14063_GLORIA/20000229T180000Z.png,1003
1004,2000058S14063,2000-02-29 21:00:00+00:00,stormsense_dataset/images/2000058S14063_GLORIA/20000229T210000Z.png,1004
1005,2000058S14063,2000-03-01 00:00:00+00:00,stormsense_dataset/images/2000058S14063_GLORIA/20000301T000000Z.png,1005
1006,2000058S14063,2000-03-01 03:00:00+00:00,stormsense_dataset/images/2000058S14063_GLORIA/20000301T030000Z.png,1006
1007,2000058S14063,2000-03-01 06:00:00+00:00,stormsense_dataset/images/2000058S14063_GLORIA/20000301T060000Z.png,1007
1008,2000058S14063,2000-03-01 09:00:00+00:00,stormsense_dataset/images/2000058S14063_GLORIA/20000301T090000Z.png,1008
1009,2000058S14063,2000-03-01 12:00:00+00:00,stormsense_dataset/images/2000058S14063_GLORIA/20000301T120000Z.png,1009
1010,2000058S14063,2000-03-01 15:00:00+00:00,stormsense_dataset/images/2000058S14063_GLORIA/20000301T150000Z.png,1010
1011,2000058S14063,2000-03-01 18:00:00+00:00,stormsense_dataset/images/2000058S14063_GLORIA/20000301T180000Z.png,1011
1012,2000058S14063,2000-03-01 21:00:00+00:00,stormsense_dataset/images/2000058S14063_GLORIA/20000301T210000Z.png,1012
1013,2000058S14063,2000-03-02 00:00:00+00:00,stormsense_dataset/images/2000058S14063_GLORIA/20000302T000000Z.png,1013
1014,2000058S14063,2000-03-02 03:00:00+00:00,stormsense_dataset/images/2000058S14063_GLORIA/20000302T030000Z.png,1014
1015,2000058S14063,2000-03-02 06:00:00+00:00,stormsense_dataset/images/2000058S14063_GLORIA/20000302T060000Z.png,1015
1016,2000058S14063,2000-03-02 09:00:00+00:00,stormsense_dataset/images/2000058S14063_GLORIA/20000302T090000Z.png,1016
1017,2000058S14063,2000-03-02 12:00:00+00:00,stormsense_dataset/images/2000058S14063_GLORIA/20000302T120000Z.png,1017
1018,2000058S14063,2000-03-02 15:00:00+00:00,stormsense_dataset/images/2000058S14063_GLORIA/20000302T150000Z.png,1018
1019,2000058S14063,2000-03-02 18:00:00+00:00,stormsense_dataset/images/2000058S14063_GLORIA/20000302T180000Z.png,1019
1020,2000058S14063,2000-03-02 21:00:00+00:00,stormsense_dataset/images/2000058S14063_GLORIA/20000302T210000Z.png,1020
1021,2000058S14063,2000-03-03 00:00:00+00:00,stormsense_dataset/images/2000058S14063_GLORIA/20000303T000000Z.png,1021
1022,2000058S14063,2000-03-03 03:00:00+00:00,stormsense_dataset/images/2000058S14063_GLORIA/20000303T030000Z.png,1022
1023,2000058S14063,2000-03-03 06:00:00+00:00,stormsense_dataset/images/2000058S14063_GLORIA/20000303T060000Z.png,1023
1024,2000058S14063,2000-03-03 09:00:00+00:00,stormsense_dataset/images/2000058S14063_GLORIA/20000303T090000Z.png,1024
1025,2000058S14063,2000-03-03 12:00:00+00:00,stormsense_dataset/images/2000058S14063_GLORIA/20000303T120000Z.png,1025
1026,2000058S14063,2000-03-03 15:00:00+00:00,stormsense_dataset/images/2000058S14063_GLORIA/20000303T150000Z.png,1026
1027,2000058S14063,2000-03-03 18:00:00+00:00,stormsense_dataset/images/2000058S14063_GLORIA/20000303T180000Z.png,1027
1028,2000058S14063,2000-03-03 21:00:00+00:00,stormsense_dataset/images/2000058S14063_GLORIA/20000303T210000Z.png,1028
1029,2000058S14063,2000-03-04 00:00:00+00:00,stormsense_dataset/images/2000058S14063_GLORIA/20000304T000000Z.png,1029
1030,2000058S14063,2000-03-04 03:00:00+00:00,stormsense_dataset/images/2000058S14063_GLORIA/20000304T030000Z.png,1030
1031,2000058S14063,2000-03-04 06:00:00+00:00,stormsense_dataset/images/2000058S14063_GLORIA/20000304T060000Z.png,1031
1032,2000058S14063,2000-03-04 09:00:00+00:00,stormsense_dataset/images/2000058S14063_GLORIA/20000304T090000Z.png,1032
1033,2000058S14063,2000-03-04 12:00:00+00:00,stormsense_dataset/images/2000058S14063_GLORIA/20000304T120000Z.png,1033
1034,2000058S14063,2000-03-04 15:00:00+00:00,stormsense_dataset/images/2000058S14063_GLORIA/20000304T150000Z.png,1034
1035,2000058S14063,2000-03-04 18:00:00+00:00,stormsense_dataset/images/2000058S14063_GLORIA/20000304T180000Z.png,1035
1036,2000058S14063,2000-03-04 21:00:00+00:00,stormsense_dataset/images/2000058S14063_GLORIA/20000304T210000Z.png,1036
1037,2000058S14063,2000-03-05 00:00:00+00:00,stormsense_dataset/images/2000058S14063_GLORIA/20000305T000000Z.png,1037
1038,2000058S14063,2000-03-05 03:00:00+00:00,stormsense_dataset/images/2000058S14063_GLORIA/20000305T030000Z.png,1038
1039,2000058S14063,2000-03-05 06:00:00+00:00,stormsense_dataset/images/2000058S14063_GLORIA/20000305T060000Z.png,1039
1040,2000058S14063,2000-03-05 09:00:00+00:00,stormsense_dataset/images/2000058S14063_GLORIA/20000305T090000Z.png,1040
1041,2000058S14063,2000-03-05 12:00:00+00:00,stormsense_dataset/images/2000058S14063_GLORIA/20000305T120000Z.png,1041
1042,2000058S14063,2000-03-05 15:00:00+00:00,stormsense_dataset/images/2000058S14063_GLORIA/20000305T150000Z.png,1042
1043,2000058S14063,2000-03-05 18:00:00+00:00,stormsense_dataset/images/2000058S14063_GLORIA/20000305T180000Z.png,1043
1044,2000058S14063,2000-03-05 21:00:00+00:00,stormsense_dataset/images/2000058S14063_GLORIA/20000305T210000Z.png,1044
1045,2000058S14063,2000-03-06 00:00:00+00:00,stormsense_dataset/images/2000058S14063_GLORIA/20000306T000000Z.png,1045
1046,2000058S14063,2000-03-06 03:00:00+00:00,stormsense_dataset/images/2000058S14063_GLORIA/20000306T030000Z.png,1046
1047,2000058S14063,2000-03-06 06:00:00+00:00,stormsense_dataset/images/2000058S14063_GLORIA/20000306T060000Z.png,1047
1048,2000058S14063,2000-03-06 09:00:00+00:00,stormsense_dataset/images/2000058S14063_GLORIA/20000306T090000Z.png,1048
1049,2000058S14063,2000-03-06 12:00:00+00:00,stormsense_dataset/images/2000058S14063_GLORIA/20000306T120000Z.png,1049
1050,2000058S14063,2000-03-06 15:00:00+00:00,stormsense_dataset/images/2000058S14063_GLORIA/20000306T150000Z.png,1050
1051,2000058S14063,2000-03-06 18:00:00+00:00,stormsense_dataset/images/2000058S14063_GLORIA/20000306T180000Z.png,1051
1052,2000058S14063,2000-03-06 21:00:00+00:00,stormsense_dataset/images/2000058S14063_GLORIA/20000306T210000Z.png,1052
1053,2000058S14063,2000-03-07 00:00:00+00:00,stormsense_dataset/images/2000058S14063_GLORIA/20000307T000000Z.png,1053
1054,2000058S14063,2000-03-07 03:00:00+00:00,stormsense_dataset/images/2000058S14063_GLORIA/20000307T030000Z.png,1054
1055,2000058S14063,2000-03-07 06:00:00+00:00,stormsense_dataset/images/2000058S14063_GLORIA/20000307T060000Z.png,1055
1056,2000058S14063,2000-03-07 09:00:00+00:00,stormsense_dataset/images/2000058S14063_GLORIA/20000307T090000Z.png,1056
1057,2000058S14063,2000-03-07 12:00:00+00:00,stormsense_dataset/images/2000058S14063_GLORIA/20000307T120000Z.png,1057
1058,2000058S14063,2000-03-07 15:00:00+00:00,stormsense_dataset/images/2000058S14063_GLORIA/20000307T150000Z.png,1058
1059,2000058S14063,2000-03-07 18:00:00+00:00,stormsense_dataset/images/2000058S14063_GLORIA/20000307T180000Z.png,1059
1060,2000058S14063,2000-03-07 21:00:00+00:00,stormsense_dataset/images/2000058S14063_GLORIA/20000307T210000Z.png,1060
1061,2000058S14063,2000-03-08 00:00:00+00:00,stormsense_dataset/images/2000058S14063_GLORIA/20000308T000000Z.png,1061
1062,2000058S14063,2000-03-08 03:00:00+00:00,stormsense_dataset/images/2000058S14063_GLORIA/20000308T030000Z.png,1062
1063,2000058S14063,2000-03-08 06:00:00+00:00,stormsense_dataset/images/2000058S14063_GLORIA/20000308T060000Z.png,1063
1064,2000058S14063,2000-03-08 09:00:00+00:00,stormsense_dataset/images/2000058S14063_GLORIA/20000308T090000Z.png,1064
1065,2000058S14063,2000-03-08 12:00:00+00:00,stormsense_dataset/images/2000058S14063_GLORIA/20000308T120000Z.png,1065
1066,2000058S14063,2000-03-08 15:00:00+00:00,stormsense_dataset/images/2000058S14063_GLORIA/20000308T150000Z.png,1066
1067,2000058S14063,2000-03-08 18:00:00+00:00,stormsense_dataset/images/2000058S14063_GLORIA/20000308T180000Z.png,1067
1068,2000058S14063,2000-03-08 21:00:00+00:00,stormsense_dataset/images/2000058S14063_GLORIA/20000308T210000Z.png,1068
1069,2000058S14063,2000-03-09 00:00:00+00:00,stormsense_dataset/images/2000058S14063_GLORIA/20000309T000000Z.png,1069
1070,2000058S14063,2000-03-09 03:00:00+00:00,stormsense_dataset/images/2000058S14063_GLORIA/20000309T030000Z.png,1070
1071,2000058S14063,2000-03-09 06:00:00+00:00,stormsense_dataset/images/2000058S14063_GLORIA/20000309T060000Z.png,1071
1072,2000058S14063,2000-03-09 09:00:00+00:00,stormsense_dataset/images/2000058S14063_GLORIA/20000309T090000Z.png,1072
1073,2000058S14063,2000-03-09 12:00:00+00:00,stormsense_dataset/images/2000058S14063_GLORIA/20000309T120000Z.png,1073
1074,2000058S14063,2000-03-09 15:00:00+00:00,stormsense_dataset/images/2000058S14063_GLORIA/20000309T150000Z.png,1074
1075,2000058S14063,2000-03-09 18:00:00+00:00,stormsense_dataset/images/2000058S14063_GLORIA/20000309T180000Z.png,1075
1076,2000058S14063,2000-03-09 21:00:00+00:00,stormsense_dataset/images/2000058S14063_GLORIA/20000309T210000Z.png,1076
1077,2000058S14063,2000-03-10 00:00:00+00:00,stormsense_dataset/images/2000058S14063_GLORIA/20000310T000000Z.png,1077
1078,2000058S14063,2000-03-10 03:00:00+00:00,stormsense_dataset/images/2000058S14063_GLORIA/20000310T030000Z.png,1078
1079,2000058S14063,2000-03-10 06:00:00+00:00,stormsense_dataset/images/2000058S14063_GLORIA/20000310T060000Z.png,1079
1080,2000058S14063,2000-03-10 09:00:00+00:00,stormsense_dataset/images/2000058S14063_GLORIA/20000310T090000Z.png,1080
1081,2000060S12086,2000-02-29 06:00:00+00:00,stormsense_dataset/images/2000060S12086_0919992000/20000229T060000Z.png,1081
1082,2000060S12086,2000-02-29 09:00:00+00:00,stormsense_dataset/images/2000060S12086_0919992000/20000229T090000Z.png,1082
1083,2000060S12086,2000-02-29 12:00:00+00:00,stormsense_dataset/images/2000060S12086_0919992000/20000229T120000Z.png,1083
1084,2000060S12086,2000-02-29 15:00:00+00:00,stormsense_dataset/images/2000060S12086_0919992000/20000229T150000Z.png,1084
1085,2000060S12086,2000-02-29 18:00:00+00:00,stormsense_dataset/images/2000060S12086_0919992000/20000229T180000Z.png,1085
1086,2000060S12086,2000-02-29 21:00:00+00:00,stormsense_dataset/images/2000060S12086_0919992000/20000229T210000Z.png,1086
1087,2000060S12086,2000-03-01 00:00:00+00:00,stormsense_dataset/images/2000060S12086_0919992000/20000301T000000Z.png,1087
1088,2000060S12086,2000-03-01 03:00:00+00:00,stormsense_dataset/images/2000060S12086_0919992000/20000301T030000Z.png,1088
1089,2000060S12086,2000-03-01 06:00:00+00:00,stormsense_dataset/images/2000060S12086_0919992000/20000301T060000Z.png,1089
1090,2000060S12086,2000-03-01 09:00:00+00:00,stormsense_dataset/images/2000060S12086_0919992000/20000301T090000Z.png,1090
1091,2000060S12086,2000-03-01 12:00:00+00:00,stormsense_dataset/images/2000060S12086_0919992000/20000301T120000Z.png,1091
1092,2000060S12086,2000-03-01 15:00:00+00:00,stormsense_dataset/images/2000060S12086_0919992000/20000301T150000Z.png,1092
1093,2000060S12086,2000-03-01 18:00:00+00:00,stormsense_dataset/images/2000060S12086_0919992000/20000301T180000Z.png,1093
1094,2000060S12086,2000-03-01 21:00:00+00:00,stormsense_dataset/images/2000060S12086_0919992000/20000301T210000Z.png,1094
1095,2000060S12086,2000-03-02 00:00:00+00:00,stormsense_dataset/images/2000060S12086_0919992000/20000302T000000Z.png,1095
1096,2000060S12086,2000-03-02 03:00:00+00:00,stormsense_dataset/images/2000060S12086_0919992000/20000302T030000Z.png,1096
1097,2000060S12086,2000-03-02 06:00:00+00:00,stormsense_dataset/images/2000060S12086_0919992000/20000302T060000Z.png,1097
1098,2000060S12086,2000-03-02 09:00:00+00:00,stormsense_dataset/images/2000060S12086_0919992000/20000302T090000Z.png,1098
1099,2000060S12086,2000-03-02 12:00:00+00:00,stormsense_dataset/images/2000060S12086_0919992000/20000302T120000Z.png,1099
1100,2000060S12086,2000-03-02 15:00:00+00:00,stormsense_dataset/images/2000060S12086_0919992000/20000302T150000Z.png,1100
1101,2000060S12086,2000-03-02 18:00:00+00:00,stormsense_dataset/images/2000060S12086_0919992000/20000302T180000Z.png,1101
1102,2000060S12086,2000-03-02 21:00:00+00:00,stormsense_dataset/images/2000060S12086_0919992000/20000302T210000Z.png,1102
1103,2000060S12086,2000-03-03 00:00:00+00:00,stormsense_dataset/images/2000060S12086_0919992000/20000303T000000Z.png,1103
1104,2000060S12086,2000-03-03 03:00:00+00:00,stormsense_dataset/images/2000060S12086_0919992000/20000303T030000Z.png,1104
1105,2000060S12086,2000-03-03 06:00:00+00:00,stormsense_dataset/images/2000060S12086_0919992000/20000303T060000Z.png,1105
1106,2000060S12086,2000-03-03 09:00:00+00:00,stormsense_dataset/images/2000060S12086_0919992000/20000303T090000Z.png,1106
1107,2000060S12086,2000-03-03 12:00:00+00:00,stormsense_dataset/images/2000060S12086_0919992000/20000303T120000Z.png,1107
1108,2000060S12086,2000-03-03 15:00:00+00:00,stormsense_dataset/images/2000060S12086_0919992000/20000303T150000Z.png,1108
1109,2000060S12086,2000-03-03 18:00:00+00:00,stormsense_dataset/images/2000060S12086_0919992000/20000303T180000Z.png,1109
1110,2000060S12086,2000-03-03 21:00:00+00:00,stormsense_dataset/images/2000060S12086_0919992000/20000303T210000Z.png,1110
1111,2000060S12086,2000-03-04 00:00:00+00:00,stormsense_dataset/images/2000060S12086_0919992000/20000304T000000Z.png,1111
1112,2000060S12086,2000-03-04 03:00:00+00:00,stormsense_dataset/images/2000060S12086_0919992000/20000304T030000Z.png,1112
1113,2000060S12086,2000-03-04 06:00:00+00:00,stormsense_dataset/images/2000060S12086_0919992000/20000304T060000Z.png,1113
1114,2000060S12086,2000-03-04 09:00:00+00:00,stormsense_dataset/images/2000060S12086_0919992000/20000304T090000Z.png,1114
1115,2000060S12086,2000-03-04 12:00:00+00:00,stormsense_dataset/images/2000060S12086_0919992000/20000304T120000Z.png,1115
1116,2000060S12086,2000-03-04 15:00:00+00:00,stormsense_dataset/images/2000060S12086_0919992000/20000304T150000Z.png,1116
1117,2000060S12086,2000-03-04 18:00:00+00:00,stormsense_dataset/images/2000060S12086_0919992000/20000304T180000Z.png,1117
1118,2000060S12086,2000-03-04 21:00:00+00:00,stormsense_dataset/images/2000060S12086_0919992000/20000304T210000Z.png,1118
1119,2000060S12086,2000-03-05 00:00:00+00:00,stormsense_dataset/images/2000060S12086_0919992000/20000305T000000Z.png,1119
1120,2000060S12086,2000-03-05 03:00:00+00:00,stormsense_dataset/images/2000060S12086_0919992000/20000305T030000Z.png,1120
1121,2000060S12086,2000-03-05 06:00:00+00:00,stormsense_dataset/images/2000060S12086_0919992000/20000305T060000Z.png,1121
1122,2000060S12086,2000-03-05 09:00:00+00:00,stormsense_dataset/images/2000060S12086_0919992000/20000305T090000Z.png,1122
1123,2000060S12086,2000-03-05 12:00:00+00:00,stormsense_dataset/images/2000060S12086_0919992000/20000305T120000Z.png,1123
1124,2000060S12086,2000-03-05 15:00:00+00:00,stormsense_dataset/images/2000060S12086_0919992000/20000305T150000Z.png,1124
1125,2000060S12086,2000-03-05 18:00:00+00:00,stormsense_dataset/images/2000060S12086_0919992000/20000305T180000Z.png,1125
1126,2000060S12086,2000-03-05 21:00:00+00:00,stormsense_dataset/images/2000060S12086_0919992000/20000305T210000Z.png,1126
1127,2000060S12086,2000-03-06 00:00:00+00:00,stormsense_dataset/images/2000060S12086_0919992000/20000306T000000Z.png,1127
1128,2000060S12086,2000-03-06 03:00:00+00:00,stormsense_dataset/images/2000060S12086_0919992000/20000306T030000Z.png,1128
1129,2000060S12086,2000-03-06 06:00:00+00:00,stormsense_dataset/images/2000060S12086_0919992000/20000306T060000Z.png,1129
1130,2000060S12086,2000-03-06 09:00:00+00:00,stormsense_dataset/images/2000060S12086_0919992000/20000306T090000Z.png,1130
1131,2000060S12086,2000-03-06 12:00:00+00:00,stormsense_dataset/images/2000060S12086_0919992000/20000306T120000Z.png,1131
1132,2000060S12086,2000-03-06 15:00:00+00:00,stormsense_dataset/images/2000060S12086_0919992000/20000306T150000Z.png,1132
1133,2000060S12086,2000-03-06 18:00:00+00:00,stormsense_dataset/images/2000060S12086_0919992000/20000306T180000Z.png,1133
1134,2000060S12086,2000-03-06 21:00:00+00:00,stormsense_dataset/images/2000060S12086_0919992000/20000306T210000Z.png,1134
1135,2000060S12086,2000-03-07 00:00:00+00:00,stormsense_dataset/images/2000060S12086_0919992000/20000307T000000Z.png,1135
1136,2000060S12086,2000-03-07 03:00:00+00:00,stormsense_dataset/images/2000060S12086_0919992000/20000307T030000Z.png,1136
1137,2000060S12086,2000-03-07 06:00:00+00:00,stormsense_dataset/images/2000060S12086_0919992000/20000307T060000Z.png,1137
1138,2000060S12086,2000-03-07 09:00:00+00:00,stormsense_dataset/images/2000060S12086_0919992000/20000307T090000Z.png,1138
1139,2000060S12086,2000-03-07 12:00:00+00:00,stormsense_dataset/images/2000060S12086_0919992000/20000307T120000Z.png,1139
1140,2000060S12086,2000-03-07 15:00:00+00:00,stormsense_dataset/images/2000060S12086_0919992000/20000307T150000Z.png,1140
1141,2000060S12086,2000-03-07 18:00:00+00:00,stormsense_dataset/images/2000060S12086_0919992000/20000307T180000Z.png,1141
1142,2000060S12086,2000-03-07 21:00:00+00:00,stormsense_dataset/images/2000060S12086_0919992000/20000307T210000Z.png,1142
1143,2000060S12086,2000-03-08 00:00:00+00:00,stormsense_dataset/images/2000060S12086_0919992000/20000308T000000Z.png,1143
1144,2000060S12086,2000-03-08 03:00:00+00:00,stormsense_dataset/images/2000060S12086_0919992000/20000308T030000Z.png,1144
1145,2000060S12086,2000-03-08 06:00:00+00:00,stormsense_dataset/images/2000060S12086_0919992000/20000308T060000Z.png,1145
1146,2000060S12086,2000-03-08 09:00:00+00:00,stormsense_dataset/images/2000060S12086_0919992000/20000308T090000Z.png,1146
1147,2000060S12086,2000-03-08 12:00:00+00:00,stormsense_dataset/images/2000060S12086_0919992000/20000308T120000Z.png,1147
1148,2000060S12086,2000-03-08 15:00:00+00:00,stormsense_dataset/images/2000060S12086_0919992000/20000308T150000Z.png,1148
1149,2000060S12086,2000-03-08 18:00:00+00:00,stormsense_dataset/images/2000060S12086_0919992000/20000308T180000Z.png,1149
1150,2000060S12086,2000-03-08 21:00:00+00:00,stormsense_dataset/images/2000060S12086_0919992000/20000308T210000Z.png,1150
1151,2000060S12086,2000-03-09 00:00:00+00:00,stormsense_dataset/images/2000060S12086_0919992000/20000309T000000Z.png,1151
1152,2000060S12086,2000-03-09 03:00:00+00:00,stormsense_dataset/images/2000060S12086_0919992000/20000309T030000Z.png,1152
1153,2000060S12086,2000-03-09 06:00:00+00:00,stormsense_dataset/images/2000060S12086_0919992000/20000309T060000Z.png,1153
1154,2000060S12086,2000-03-09 09:00:00+00:00,stormsense_dataset/images/2000060S12086_0919992000/20000309T090000Z.png,1154
1155,2000060S12086,2000-03-09 12:00:00+00:00,stormsense_dataset/images/2000060S12086_0919992000/20000309T120000Z.png,1155
1156,2000060S12086,2000-03-09 15:00:00+00:00,stormsense_dataset/images/2000060S12086_0919992000/20000309T150000Z.png,1156
1157,2000060S12086,2000-03-09 18:00:00+00:00,stormsense_dataset/images/2000060S12086_0919992000/20000309T180000Z.png,1157
1158,2000060S12086,2000-03-09 21:00:00+00:00,stormsense_dataset/images/2000060S12086_0919992000/20000309T210000Z.png,1158
1159,2000060S12086,2000-03-10 00:00:00+00:00,stormsense_dataset/images/2000060S12086_0919992000/20000310T000000Z.png,1159
1160,2000060S12086,2000-03-10 03:00:00+00:00,stormsense_dataset/images/2000060S12086_0919992000/20000310T030000Z.png,1160
1161,2000060S12086,2000-03-10 06:00:00+00:00,stormsense_dataset/images/2000060S12086_0919992000/20000310T060000Z.png,1161
1162,2000060S12086,2000-03-10 09:00:00+00:00,stormsense_dataset/images/2000060S12086_0919992000/20000310T090000Z.png,1162
1163,2000060S12086,2000-03-10 12:00:00+00:00,stormsense_dataset/images/2000060S12086_0919992000/20000310T120000Z.png,1163
1164,2000060S12086,2000-03-10 15:00:00+00:00,stormsense_dataset/images/2000060S12086_0919992000/20000310T150000Z.png,1164
1165,2000060S12086,2000-03-10 18:00:00+00:00,stormsense_dataset/images/2000060S12086_0919992000/20000310T180000Z.png,1165
1166,2000060S17123,2000-02-29 00:00:00+00:00,stormsense_dataset/images/2000060S17123_NORMAN/20000229T000000Z.png,1166
1167,2000060S17123,2000-02-29 03:00:00+00:00,stormsense_dataset/images/2000060S17123_NORMAN/20000229T030000Z.png,1167
1168,2000060S17123,2000-02-29 06:00:00+00:00,stormsense_dataset/images/2000060S17123_NORMAN/20000229T060000Z.png,1168
1169,2000060S17123,2000-02-29 09:00:00+00:00,stormsense_dataset/images/2000060S17123_NORMAN/20000229T090000Z.png,1169
1170,2000060S17123,2000-02-29 12:00:00+00:00,stormsense_dataset/images/2000060S17123_NORMAN/20000229T120000Z.png,1170
1171,2000060S17123,2000-02-29 15:00:00+00:00,stormsense_dataset/images/2000060S17123_NORMAN/20000229T150000Z.png,1171
1172,2000060S17123,2000-02-29 18:00:00+00:00,stormsense_dataset/images/2000060S17123_NORMAN/20000229T180000Z.png,1172
1173,2000060S17123,2000-02-29 21:00:00+00:00,stormsense_dataset/images/2000060S17123_NORMAN/20000229T210000Z.png,1173
1174,2000060S17123,2000-03-01 00:00:00+00:00,stormsense_dataset/images/2000060S17123_NORMAN/20000301T000000Z.png,1174
1175,2000060S17123,2000-03-01 03:00:00+00:00,stormsense_dataset/images/2000060S17123_NORMAN/20000301T030000Z.png,1175
1176,2000060S17123,2000-03-01 06:00:00+00:00,stormsense_dataset/images/2000060S17123_NORMAN/20000301T060000Z.png,1176
1177,2000060S17123,2000-03-01 09:00:00+00:00,stormsense_dataset/images/2000060S17123_NORMAN/20000301T090000Z.png,1177
1178,2000060S17123,2000-03-01 12:00:00+00:00,stormsense_dataset/images/2000060S17123_NORMAN/20000301T120000Z.png,1178
1179,2000060S17123,2000-03-01 15:00:00+00:00,stormsense_dataset/images/2000060S17123_NORMAN/20000301T150000Z.png,1179
1180,2000060S17123,2000-03-01 18:00:00+00:00,stormsense_dataset/images/2000060S17123_NORMAN/20000301T180000Z.png,1180
1181,2000060S17123,2000-03-01 21:00:00+00:00,stormsense_dataset/images/2000060S17123_NORMAN/20000301T210000Z.png,1181
1182,2000060S17123,2000-03-02 00:00:00+00:00,stormsense_dataset/images/2000060S17123_NORMAN/20000302T000000Z.png,1182
1183,2000060S17123,2000-03-02 03:00:00+00:00,stormsense_dataset/images/2000060S17123_NORMAN/20000302T030000Z.png,1183
1184,2000060S17123,2000-03-02 06:00:00+00:00,stormsense_dataset/images/2000060S17123_NORMAN/20000302T060000Z.png,1184
1185,2000060S17123,2000-03-02 09:00:00+00:00,stormsense_dataset/images/2000060S17123_NORMAN/20000302T090000Z.png,1185
1186,2000060S17123,2000-03-02 12:00:00+00:00,stormsense_dataset/images/2000060S17123_NORMAN/20000302T120000Z.png,1186
1187,2000060S17123,2000-03-02 15:00:00+00:00,stormsense_dataset/images/2000060S17123_NORMAN/20000302T150000Z.png,1187
1188,2000060S17123,2000-03-02 18:00:00+00:00,stormsense_dataset/images/2000060S17123_NORMAN/20000302T180000Z.png,1188
1189,2000060S17123,2000-03-02 21:00:00+00:00,stormsense_dataset/images/2000060S17123_NORMAN/20000302T210000Z.png,1189
1190,2000060S17123,2000-03-03 00:00:00+00:00,stormsense_dataset/images/2000060S17123_NORMAN/20000303T000000Z.png,1190
1191,2000060S17123,2000-03-03 03:00:00+00:00,stormsense_dataset/images/2000060S17123_NORMAN/20000303T030000Z.png,1191
1192,2000060S17123,2000-03-03 06:00:00+00:00,stormsense_dataset/images/2000060S17123_NORMAN/20000303T060000Z.png,1192
1193,2000060S17123,2000-03-03 09:00:00+00:00,stormsense_dataset/images/2000060S17123_NORMAN/20000303T090000Z.png,1193
1194,2000060S17123,2000-03-03 12:00:00+00:00,stormsense_dataset/images/2000060S17123_NORMAN/20000303T120000Z.png,1194
1195,2000060S17123,2000-03-03 15:00:00+00:00,stormsense_dataset/images/2000060S17123_NORMAN/20000303T150000Z.png,1195
1196,2000060S17123,2000-03-03 18:00:00+00:00,stormsense_dataset/images/2000060S17123_NORMAN/20000303T180000Z.png,1196
1197,2000060S17123,2000-03-03 21:00:00+00:00,stormsense_dataset/images/2000060S17123_NORMAN/20000303T210000Z.png,1197
1198,2000060S17123,2000-03-04 00:00:00+00:00,stormsense_dataset/images/2000060S17123_NORMAN/20000304T000000Z.png,1198
1199,2000060S17123,2000-03-04 03:00:00+00:00,stormsense_dataset/images/2000060S17123_NORMAN/20000304T030000Z.png,1199
1200,2000060S17123,2000-03-04 06:00:00+00:00,stormsense_dataset/images/2000060S17123_NORMAN/20000304T060000Z.png,1200
1201,2000060S17123,2000-03-04 09:00:00+00:00,stormsense_dataset/images/2000060S17123_NORMAN/20000304T090000Z.png,1201
1202,2000060S17123,2000-03-04 12:00:00+00:00,stormsense_dataset/images/2000060S17123_NORMAN/20000304T120000Z.png,1202
1203,2000060S17123,2000-03-04 15:00:00+00:00,stormsense_dataset/images/2000060S17123_NORMAN/20000304T150000Z.png,1203
1204,2000060S17123,2000-03-04 18:00:00+00:00,stormsense_dataset/images/2000060S17123_NORMAN/20000304T180000Z.png,1204
1205,2000060S17123,2000-03-04 21:00:00+00:00,stormsense_dataset/images/2000060S17123_NORMAN/20000304T210000Z.png,1205
1206,2000060S17123,2000-03-05 00:00:00+00:00,stormsense_dataset/images/2000060S17123_NORMAN/20000305T000000Z.png,1206
1207,2000060S17123,2000-03-05 03:00:00+00:00,stormsense_dataset/images/2000060S17123_NORMAN/20000305T030000Z.png,1207
1208,2000060S17123,2000-03-05 06:00:00+00:00,stormsense_dataset/images/2000060S17123_NORMAN/20000305T060000Z.png,1208
1209,2000060S17123,2000-03-05 09:00:00+00:00,stormsense_dataset/images/2000060S17123_NORMAN/20000305T090000Z.png,1209
1210,2000060S17123,2000-03-05 12:00:00+00:00,stormsense_dataset/images/2000060S17123_NORMAN/20000305T120000Z.png,1210
1211,2000060S17123,2000-03-05 15:00:00+00:00,stormsense_dataset/images/2000060S17123_NORMAN/20000305T150000Z.png,1211
1212,2000060S17123,2000-03-05 18:00:00+00:00,stormsense_dataset/images/2000060S17123_NORMAN/20000305T180000Z.png,1212
1213,2000060S17123,2000-03-05 21:00:00+00:00,stormsense_dataset/images/2000060S17123_NORMAN/20000305T210000Z.png,1213
1214,2000060S17123,2000-03-06 00:00:00+00:00,stormsense_dataset/images/2000060S17123_NORMAN/20000306T000000Z.png,1214
1215,2000060S17123,2000-03-06 03:00:00+00:00,stormsense_dataset/images/2000060S17123_NORMAN/20000306T030000Z.png,1215
1216,2000060S17123,2000-03-06 06:00:00+00:00,stormsense_dataset/images/2000060S17123_NORMAN/20000306T060000Z.png,1216
1217,2000060S17123,2000-03-06 09:00:00+00:00,stormsense_dataset/images/2000060S17123_NORMAN/20000306T090000Z.png,1217
1218,2000060S17123,2000-03-06 12:00:00+00:00,stormsense_dataset/images/2000060S17123_NORMAN/20000306T120000Z.png,1218
1219,2000060S17123,2000-03-06 15:00:00+00:00,stormsense_dataset/images/2000060S17123_NORMAN/20000306T150000Z.png,1219
1220,2000060S17123,2000-03-06 18:00:00+00:00,stormsense_dataset/images/2000060S17123_NORMAN/20000306T180000Z.png,1220
1221,2000060S17123,2000-03-06 21:00:00+00:00,stormsense_dataset/images/2000060S17123_NORMAN/20000306T210000Z.png,1221
1222,2000060S17123,2000-03-07 00:00:00+00:00,stormsense_dataset/images/2000060S17123_NORMAN/20000307T000000Z.png,1222
1223,2000060S17123,2000-03-07 03:00:00+00:00,stormsense_dataset/images/2000060S17123_NORMAN/20000307T030000Z.png,1223
1224,2000060S17123,2000-03-07 06:00:00+00:00,stormsense_dataset/images/2000060S17123_NORMAN/20000307T060000Z.png,1224
1225,2000060S17123,2000-03-07 09:00:00+00:00,stormsense_dataset/images/2000060S17123_NORMAN/20000307T090000Z.png,1225
1226,2000060S17123,2000-03-07 12:00:00+00:00,stormsense_dataset/images/2000060S17123_NORMAN/20000307T120000Z.png,1226
1227,2000060S17123,2000-03-07 15:00:00+00:00,stormsense_dataset/images/2000060S17123_NORMAN/20000307T150000Z.png,1227
1228,2000060S17123,2000-03-07 18:00:00+00:00,stormsense_dataset/images/2000060S17123_NORMAN/20000307T180000Z.png,1228
1229,2000060S17123,2000-03-07 21:00:00+00:00,stormsense_dataset/images/2000060S17123_NORMAN/20000307T210000Z.png,1229
1230,2000060S17123,2000-03-08 00:00:00+00:00,stormsense_dataset/images/2000060S17123_NORMAN/20000308T000000Z.png,1230
1231,2000060S17123,2000-03-08 03:00:00+00:00,stormsense_dataset/images/2000060S17123_NORMAN/20000308T030000Z.png,1231
1232,2000060S17123,2000-03-08 06:00:00+00:00,stormsense_dataset/images/2000060S17123_NORMAN/20000308T060000Z.png,1232
1233,2000060S17123,2000-03-08 09:00:00+00:00,stormsense_dataset/images/2000060S17123_NORMAN/20000308T090000Z.png,1233
1234,2000060S17123,2000-03-08 12:00:00+00:00,stormsense_dataset/images/2000060S17123_NORMAN/20000308T120000Z.png,1234
1235,2000060S17123,2000-03-08 15:00:00+00:00,stormsense_dataset/images/2000060S17123_NORMAN/20000308T150000Z.png,1235
1236,2000060S17123,2000-03-08 18:00:00+00:00,stormsense_dataset/images/2000060S17123_NORMAN/20000308T180000Z.png,1236
1237,2000060S17123,2000-03-08 21:00:00+00:00,stormsense_dataset/images/2000060S17123_NORMAN/20000308T210000Z.png,1237
1238,2000060S17123,2000-03-09 00:00:00+00:00,stormsense_dataset/images/2000060S17123_NORMAN/20000309T000000Z.png,1238
1239,2000060S17123,2000-03-09 03:00:00+00:00,stormsense_dataset/images/2000060S17123_NORMAN/20000309T030000Z.png,1239
1240,2000060S17123,2000-03-09 06:00:00+00:00,stormsense_dataset/images/2000060S17123_NORMAN/20000309T060000Z.png,1240
1241,2000060S17123,2000-03-09 09:00:00+00:00,stormsense_dataset/images/2000060S17123_NORMAN/20000309T090000Z.png,1241
1242,2000060S17123,2000-03-09 12:00:00+00:00,stormsense_dataset/images/2000060S17123_NORMAN/20000309T120000Z.png,1242
1243,2000060S17123,2000-03-09 15:00:00+00:00,stormsense_dataset/images/2000060S17123_NORMAN/20000309T150000Z.png,1243
1244,2000060S17123,2000-03-09 18:00:00+00:00,stormsense_dataset/images/2000060S17123_NORMAN/20000309T180000Z.png,1244
1245,2000060S17123,2000-03-09 21:00:00+00:00,stormsense_dataset/images/2000060S17123_NORMAN/20000309T210000Z.png,1245
1246,2000060S17123,2000-03-10 00:00:00+00:00,stormsense_dataset/images/2000060S17123_NORMAN/20000310T000000Z.png,1246
1247,2000060S17123,2000-03-10 03:00:00+00:00,stormsense_dataset/images/2000060S17123_NORMAN/20000310T030000Z.png,1247
1248,2000064S19209,2000-03-04 00:00:00+00:00,stormsense_dataset/images/2000064S19209_LEO/20000304T000000Z.png,1248
1249,2000064S19209,2000-03-04 03:00:00+00:00,stormsense_dataset/images/2000064S19209_LEO/20000304T030000Z.png,1249
1250,2000064S19209,2000-03-04 06:00:00+00:00,stormsense_dataset/images/2000064S19209_LEO/20000304T060000Z.png,1250
1251,2000064S19209,2000-03-04 09:00:00+00:00,stormsense_dataset/images/2000064S19209_LEO/20000304T090000Z.png,1251
1252,2000064S19209,2000-03-04 12:00:00+00:00,stormsense_dataset/images/2000064S19209_LEO/20000304T120000Z.png,1252
1253,2000064S19209,2000-03-04 15:00:00+00:00,stormsense_dataset/images/2000064S19209_LEO/20000304T150000Z.png,1253
1254,2000064S19209,2000-03-04 18:00:00+00:00,stormsense_dataset/images/2000064S19209_LEO/20000304T180000Z.png,1254
1255,2000064S19209,2000-03-04 21:00:00+00:00,stormsense_dataset/images/2000064S19209_LEO/20000304T210000Z.png,1255
1256,2000064S19209,2000-03-05 00:00:00+00:00,stormsense_dataset/images/2000064S19209_LEO/20000305T000000Z.png,1256
1257,2000064S19209,2000-03-05 03:00:00+00:00,stormsense_dataset/images/2000064S19209_LEO/20000305T030000Z.png,1257
1258,2000064S19209,2000-03-05 06:00:00+00:00,stormsense_dataset/images/2000064S19209_LEO/20000305T060000Z.png,1258
1259,2000064S19209,2000-03-05 09:00:00+00:00,stormsense_dataset/images/2000064S19209_LEO/20000305T090000Z.png,1259
1260,2000064S19209,2000-03-05 12:00:00+00:00,stormsense_dataset/images/2000064S19209_LEO/20000305T120000Z.png,1260
1261,2000064S19209,2000-03-05 15:00:00+00:00,stormsense_dataset/images/2000064S19209_LEO/20000305T150000Z.png,1261
1262,2000064S19209,2000-03-05 18:00:00+00:00,stormsense_dataset/images/2000064S19209_LEO/20000305T180000Z.png,1262
1263,2000064S19209,2000-03-05 21:00:00+00:00,stormsense_dataset/images/2000064S19209_LEO/20000305T210000Z.png,1263
1264,2000064S19209,2000-03-06 00:00:00+00:00,stormsense_dataset/images/2000064S19209_LEO/20000306T000000Z.png,1264
1265,2000064S19209,2000-03-06 03:00:00+00:00,stormsense_dataset/images/2000064S19209_LEO/20000306T030000Z.png,1265
1266,2000064S19209,2000-03-06 06:00:00+00:00,stormsense_dataset/images/2000064S19209_LEO/20000306T060000Z.png,1266
1267,2000064S19209,2000-03-06 09:00:00+00:00,stormsense_dataset/images/2000064S19209_LEO/20000306T090000Z.png,1267
1268,2000064S19209,2000-03-06 12:00:00+00:00,stormsense_dataset/images/2000064S19209_LEO/20000306T120000Z.png,1268
1269,2000064S19209,2000-03-06 15:00:00+00:00,stormsense_dataset/images/2000064S19209_LEO/20000306T150000Z.png,1269
1270,2000064S19209,2000-03-06 18:00:00+00:00,stormsense_dataset/images/2000064S19209_LEO/20000306T180000Z.png,1270
1271,2000064S19209,2000-03-06 21:00:00+00:00,stormsense_dataset/images/2000064S19209_LEO/20000306T210000Z.png,1271
1272,2000064S19209,2000-03-07 00:00:00+00:00,stormsense_dataset/images/2000064S19209_LEO/20000307T000000Z.png,1272
1273,2000064S19209,2000-03-07 03:00:00+00:00,stormsense_dataset/images/2000064S19209_LEO/20000307T030000Z.png,1273
1274,2000064S19209,2000-03-07 06:00:00+00:00,stormsense_dataset/images/2000064S19209_LEO/20000307T060000Z.png,1274
1275,2000064S19209,2000-03-07 09:00:00+00:00,stormsense_dataset/images/2000064S19209_LEO/20000307T090000Z.png,1275
1276,2000064S19209,2000-03-07 12:00:00+00:00,stormsense_dataset/images/2000064S19209_LEO/20000307T120000Z.png,1276
1277,2000064S19209,2000-03-07 15:00:00+00:00,stormsense_dataset/images/2000064S19209_LEO/20000307T150000Z.png,1277
1278,2000064S19209,2000-03-07 18:00:00+00:00,stormsense_dataset/images/2000064S19209_LEO/20000307T180000Z.png,1278
1279,2000064S19209,2000-03-07 21:00:00+00:00,stormsense_dataset/images/2000064S19209_LEO/20000307T210000Z.png,1279
1280,2000064S19209,2000-03-08 00:00:00+00:00,stormsense_dataset/images/2000064S19209_LEO/20000308T000000Z.png,1280
1281,2000064S19209,2000-03-08 03:00:00+00:00,stormsense_dataset/images/2000064S19209_LEO/20000308T030000Z.png,1281
1282,2000064S19209,2000-03-08 06:00:00+00:00,stormsense_dataset/images/2000064S19209_LEO/20000308T060000Z.png,1282
1283,2000064S19209,2000-03-08 09:00:00+00:00,stormsense_dataset/images/2000064S19209_LEO/20000308T090000Z.png,1283
1284,2000064S19209,2000-03-08 12:00:00+00:00,stormsense_dataset/images/2000064S19209_LEO/20000308T120000Z.png,1284
1285,2000064S19209,2000-03-08 15:00:00+00:00,stormsense_dataset/images/2000064S19209_LEO/20000308T150000Z.png,1285
1286,2000064S19209,2000-03-08 18:00:00+00:00,stormsense_dataset/images/2000064S19209_LEO/20000308T180000Z.png,1286
1287,2000064S19209,2000-03-09 00:00:00+00:00,stormsense_dataset/images/2000064S19209_LEO/20000309T000000Z.png,1287
1288,2000064S19209,2000-03-09 03:00:00+00:00,stormsense_dataset/images/2000064S19209_LEO/20000309T030000Z.png,1288
1289,2000064S19209,2000-03-09 06:00:00+00:00,stormsense_dataset/images/2000064S19209_LEO/20000309T060000Z.png,1289
1290,2000064S19209,2000-03-09 12:00:00+00:00,stormsense_dataset/images/2000064S19209_LEO/20000309T120000Z.png,1290
1291,2000064S19209,2000-03-09 15:00:00+00:00,stormsense_dataset/images/2000064S19209_LEO/20000309T150000Z.png,1291
1292,2000067S15189,2000-03-06 12:00:00+00:00,stormsense_dataset/images/2000067S15189_HR19SMONA/20000306T120000Z.png,1292
1293,2000067S15189,2000-03-06 15:00:00+00:00,stormsense_dataset/images/2000067S15189_HR19SMONA/20000306T150000Z.png,1293
1294,2000067S15189,2000-03-06 18:00:00+00:00,stormsense_dataset/images/2000067S15189_HR19SMONA/20000306T180000Z.png,1294
1295,2000067S15189,2000-03-06 21:00:00+00:00,stormsense_dataset/images/2000067S15189_HR19SMONA/20000306T210000Z.png,1295
1296,2000067S15189,2000-03-07 00:00:00+00:00,stormsense_dataset/images/2000067S15189_HR19SMONA/20000307T000000Z.png,1296
1297,2000067S15189,2000-03-07 03:00:00+00:00,stormsense_dataset/images/2000067S15189_HR19SMONA/20000307T030000Z.png,1297
1298,2000067S15189,2000-03-07 06:00:00+00:00,stormsense_dataset/images/2000067S15189_HR19SMONA/20000307T060000Z.png,1298
1299,2000067S15189,2000-03-07 09:00:00+00:00,stormsense_dataset/images/2000067S15189_HR19SMONA/20000307T090000Z.png,1299
1300,2000067S15189,2000-03-07 12:00:00+00:00,stormsense_dataset/images/2000067S15189_HR19SMONA/20000307T120000Z.png,1300
1301,2000067S15189,2000-03-07 15:00:00+00:00,stormsense_dataset/images/2000067S15189_HR19SMONA/20000307T150000Z.png,1301
1302,2000067S15189,2000-03-07 18:00:00+00:00,stormsense_dataset/images/2000067S15189_HR19SMONA/20000307T180000Z.png,1302
1303,2000067S15189,2000-03-07 21:00:00+00:00,stormsense_dataset/images/2000067S15189_HR19SMONA/20000307T210000Z.png,1303
1304,2000067S15189,2000-03-08 00:00:00+00:00,stormsense_dataset/images/2000067S15189_HR19SMONA/20000308T000000Z.png,1304
1305,2000067S15189,2000-03-08 03:00:00+00:00,stormsense_dataset/images/2000067S15189_HR19SMONA/20000308T030000Z.png,1305
1306,2000067S15189,2000-03-08 06:00:00+00:00,stormsense_dataset/images/2000067S15189_HR19SMONA/20000308T060000Z.png,1306
1307,2000067S15189,2000-03-08 09:00:00+00:00,stormsense_dataset/images/2000067S15189_HR19SMONA/20000308T090000Z.png,1307
1308,2000067S15189,2000-03-08 12:00:00+00:00,stormsense_dataset/images/2000067S15189_HR19SMONA/20000308T120000Z.png,1308
1309,2000067S15189,2000-03-08 15:00:00+00:00,stormsense_dataset/images/2000067S15189_HR19SMONA/20000308T150000Z.png,1309
1310,2000067S15189,2000-03-08 18:00:00+00:00,stormsense_dataset/images/2000067S15189_HR19SMONA/20000308T180000Z.png,1310
1311,2000067S15189,2000-03-08 21:00:00+00:00,stormsense_dataset/images/2000067S15189_HR19SMONA/20000308T210000Z.png,1311
1312,2000067S15189,2000-03-09 00:00:00+00:00,stormsense_dataset/images/2000067S15189_HR19SMONA/20000309T000000Z.png,1312
1313,2000067S15189,2000-03-09 03:00:00+00:00,stormsense_dataset/images/2000067S15189_HR19SMONA/20000309T030000Z.png,1313
1314,2000067S15189,2000-03-09 06:00:00+00:00,stormsense_dataset/images/2000067S15189_HR19SMONA/20000309T060000Z.png,1314
1315,2000067S15189,2000-03-09 09:00:00+00:00,stormsense_dataset/images/2000067S15189_HR19SMONA/20000309T090000Z.png,1315
1316,2000067S15189,2000-03-09 12:00:00+00:00,stormsense_dataset/images/2000067S15189_HR19SMONA/20000309T120000Z.png,1316
1317,2000067S15189,2000-03-09 15:00:00+00:00,stormsense_dataset/images/2000067S15189_HR19SMONA/20000309T150000Z.png,1317
1318,2000067S15189,2000-03-09 18:00:00+00:00,stormsense_dataset/images/2000067S15189_HR19SMONA/20000309T180000Z.png,1318
1319,2000067S15189,2000-03-09 21:00:00+00:00,stormsense_dataset/images/2000067S15189_HR19SMONA/20000309T210000Z.png,1319
1320,2000067S15189,2000-03-10 00:00:00+00:00,stormsense_dataset/images/2000067S15189_HR19SMONA/20000310T000000Z.png,1320
1321,2000067S15189,2000-03-10 03:00:00+00:00,stormsense_dataset/images/2000067S15189_HR19SMONA/20000310T030000Z.png,1321
1322,2000067S15189,2000-03-10 06:00:00+00:00,stormsense_dataset/images/2000067S15189_HR19SMONA/20000310T060000Z.png,1322
1323,2000067S15189,2000-03-10 09:00:00+00:00,stormsense_dataset/images/2000067S15189_HR19SMONA/20000310T090000Z.png,1323
1324,2000067S15189,2000-03-10 12:00:00+00:00,stormsense_dataset/images/2000067S15189_HR19SMONA/20000310T120000Z.png,1324
1325,2000067S15189,2000-03-10 15:00:00+00:00,stormsense_dataset/images/2000067S15189_HR19SMONA/20000310T150000Z.png,1325
1326,2000067S15189,2000-03-10 18:00:00+00:00,stormsense_dataset/images/2000067S15189_HR19SMONA/20000310T180000Z.png,1326
1327,2000067S15189,2000-03-10 21:00:00+00:00,stormsense_dataset/images/2000067S15189_HR19SMONA/20000310T210000Z.png,1327
1328,2000067S15189,2000-03-11 00:00:00+00:00,stormsense_dataset/images/2000067S15189_HR19SMONA/20000311T000000Z.png,1328
1329,2000067S15189,2000-03-11 03:00:00+00:00,stormsense_dataset/images/2000067S15189_HR19SMONA/20000311T030000Z.png,1329
1330,2000067S15189,2000-03-11 06:00:00+00:00,stormsense_dataset/images/2000067S15189_HR19SMONA/20000311T060000Z.png,1330
1331,2000067S15189,2000-03-11 09:00:00+00:00,stormsense_dataset/images/2000067S15189_HR19SMONA/20000311T090000Z.png,1331
1332,2000067S15189,2000-03-11 12:00:00+00:00,stormsense_dataset/images/2000067S15189_HR19SMONA/20000311T120000Z.png,1332
1333,2000067S15189,2000-03-11 15:00:00+00:00,stormsense_dataset/images/2000067S15189_HR19SMONA/20000311T150000Z.png,1333
1334,2000067S15189,2000-03-11 18:00:00+00:00,stormsense_dataset/images/2000067S15189_HR19SMONA/20000311T180000Z.png,1334
1335,2000067S15189,2000-03-11 21:00:00+00:00,stormsense_dataset/images/2000067S15189_HR19SMONA/20000311T210000Z.png,1335
1336,2000067S15189,2000-03-12 00:00:00+00:00,stormsense_dataset/images/2000067S15189_HR19SMONA/20000312T000000Z.png,1336
1337,2000067S15189,2000-03-12 03:00:00+00:00,stormsense_dataset/images/2000067S15189_HR19SMONA/20000312T030000Z.png,1337
1338,2000067S15189,2000-03-12 06:00:00+00:00,stormsense_dataset/images/2000067S15189_HR19SMONA/20000312T060000Z.png,1338
1339,2000067S15189,2000-03-12 09:00:00+00:00,stormsense_dataset/images/2000067S15189_HR19SMONA/20000312T090000Z.png,1339
1340,2000067S15189,2000-03-12 12:00:00+00:00,stormsense_dataset/images/2000067S15189_HR19SMONA/20000312T120000Z.png,1340
1341,2000067S15189,2000-03-12 15:00:00+00:00,stormsense_dataset/images/2000067S15189_HR19SMONA/20000312T150000Z.png,1341
1342,2000067S15189,2000-03-12 18:00:00+00:00,stormsense_dataset/images/2000067S15189_HR19SMONA/20000312T180000Z.png,1342
1343,2000067S15189,2000-03-12 21:00:00+00:00,stormsense_dataset/images/2000067S15189_HR19SMONA/20000312T210000Z.png,1343
1344,2000067S15189,2000-03-13 00:00:00+00:00,stormsense_dataset/images/2000067S15189_HR19SMONA/20000313T000000Z.png,1344
1345,2000067S15189,2000-03-13 03:00:00+00:00,stormsense_dataset/images/2000067S15189_HR19SMONA/20000313T030000Z.png,1345
1346,2000067S15189,2000-03-13 06:00:00+00:00,stormsense_dataset/images/2000067S15189_HR19SMONA/20000313T060000Z.png,1346
1347,2000067S15189,2000-03-13 12:00:00+00:00,stormsense_dataset/images/2000067S15189_HR19SMONA/20000313T120000Z.png,1347
1348,2000067S15189,2000-03-13 15:00:00+00:00,stormsense_dataset/images/2000067S15189_HR19SMONA/20000313T150000Z.png,1348
1349,2000067S15189,2000-03-13 18:00:00+00:00,stormsense_dataset/images/2000067S15189_HR19SMONA/20000313T180000Z.png,1349
1350,2000075S17119,2000-03-14 18:00:00+00:00,stormsense_dataset/images/2000075S17119_OLGA/20000314T180000Z.png,1350
1351,2000075S17119,2000-03-14 21:00:00+00:00,stormsense_dataset/images/2000075S17119_OLGA/20000314T210000Z.png,1351
1352,2000075S17119,2000-03-15 00:00:00+00:00,stormsense_dataset/images/2000075S17119_OLGA/20000315T000000Z.png,1352
1353,2000075S17119,2000-03-15 03:00:00+00:00,stormsense_dataset/images/2000075S17119_OLGA/20000315T030000Z.png,1353
1354,2000075S17119,2000-03-15 06:00:00+00:00,stormsense_dataset/images/2000075S17119_OLGA/20000315T060000Z.png,1354
1355,2000075S17119,2000-03-15 09:00:00+00:00,stormsense_dataset/images/2000075S17119_OLGA/20000315T090000Z.png,1355
1356,2000075S17119,2000-03-15 12:00:00+00:00,stormsense_dataset/images/2000075S17119_OLGA/20000315T120000Z.png,1356
1357,2000075S17119,2000-03-15 15:00:00+00:00,stormsense_dataset/images/2000075S17119_OLGA/20000315T150000Z.png,1357
1358,2000075S17119,2000-03-15 18:00:00+00:00,stormsense_dataset/images/2000075S17119_OLGA/20000315T180000Z.png,1358
1359,2000075S17119,2000-03-15 21:00:00+00:00,stormsense_dataset/images/2000075S17119_OLGA/20000315T210000Z.png,1359
1360,2000075S17119,2000-03-16 00:00:00+00:00,stormsense_dataset/images/2000075S17119_OLGA/20000316T000000Z.png,1360
1361,2000075S17119,2000-03-16 03:00:00+00:00,stormsense_dataset/images/2000075S17119_OLGA/20000316T030000Z.png,1361
1362,2000075S17119,2000-03-16 06:00:00+00:00,stormsense_dataset/images/2000075S17119_OLGA/20000316T060000Z.png,1362
1363,2000075S17119,2000-03-16 09:00:00+00:00,stormsense_dataset/images/2000075S17119_OLGA/20000316T090000Z.png,1363
1364,2000075S17119,2000-03-16 12:00:00+00:00,stormsense_dataset/images/2000075S17119_OLGA/20000316T120000Z.png,1364
1365,2000075S17119,2000-03-16 15:00:00+00:00,stormsense_dataset/images/2000075S17119_OLGA/20000316T150000Z.png,1365
1366,2000075S17119,2000-03-16 18:00:00+00:00,stormsense_dataset/images/2000075S17119_OLGA/20000316T180000Z.png,1366
1367,2000075S17119,2000-03-16 21:00:00+00:00,stormsense_dataset/images/2000075S17119_OLGA/20000316T210000Z.png,1367
1368,2000075S17119,2000-03-17 00:00:00+00:00,stormsense_dataset/images/2000075S17119_OLGA/20000317T000000Z.png,1368
1369,2000075S17119,2000-03-17 03:00:00+00:00,stormsense_dataset/images/2000075S17119_OLGA/20000317T030000Z.png,1369
1370,2000075S17119,2000-03-17 06:00:00+00:00,stormsense_dataset/images/2000075S17119_OLGA/20000317T060000Z.png,1370
1371,2000075S17119,2000-03-17 09:00:00+00:00,stormsense_dataset/images/2000075S17119_OLGA/20000317T090000Z.png,1371
1372,2000075S17119,2000-03-17 12:00:00+00:00,stormsense_dataset/images/2000075S17119_OLGA/20000317T120000Z.png,1372
1373,2000075S17119,2000-03-17 15:00:00+00:00,stormsense_dataset/images/2000075S17119_OLGA/20000317T150000Z.png,1373
1374,2000075S17119,2000-03-17 18:00:00+00:00,stormsense_dataset/images/2000075S17119_OLGA/20000317T180000Z.png,1374
1375,2000075S17119,2000-03-17 21:00:00+00:00,stormsense_dataset/images/2000075S17119_OLGA/20000317T210000Z.png,1375
1376,2000075S17119,2000-03-18 00:00:00+00:00,stormsense_dataset/images/2000075S17119_OLGA/20000318T000000Z.png,1376
1377,2000075S17119,2000-03-18 03:00:00+00:00,stormsense_dataset/images/2000075S17119_OLGA/20000318T030000Z.png,1377
1378,2000075S17119,2000-03-18 06:00:00+00:00,stormsense_dataset/images/2000075S17119_OLGA/20000318T060000Z.png,1378
1379,2000075S17119,2000-03-18 09:00:00+00:00,stormsense_dataset/images/2000075S17119_OLGA/20000318T090000Z.png,1379
1380,2000075S17119,2000-03-18 12:00:00+00:00,stormsense_dataset/images/2000075S17119_OLGA/20000318T120000Z.png,1380
1381,2000075S17119,2000-03-18 15:00:00+00:00,stormsense_dataset/images/2000075S17119_OLGA/20000318T150000Z.png,1381
1382,2000075S17119,2000-03-18 18:00:00+00:00,stormsense_dataset/images/2000075S17119_OLGA/20000318T180000Z.png,1382
1383,2000075S17119,2000-03-18 21:00:00+00:00,stormsense_dataset/images/2000075S17119_OLGA/20000318T210000Z.png,1383
1384,2000075S17119,2000-03-19 00:00:00+00:00,stormsense_dataset/images/2000075S17119_OLGA/20000319T000000Z.png,1384
1385,2000075S17119,2000-03-19 03:00:00+00:00,stormsense_dataset/images/2000075S17119_OLGA/20000319T030000Z.png,1385
1386,2000075S17119,2000-03-19 06:00:00+00:00,stormsense_dataset/images/2000075S17119_OLGA/20000319T060000Z.png,1386
1387,2000075S17119,2000-03-19 09:00:00+00:00,stormsense_dataset/images/2000075S17119_OLGA/20000319T090000Z.png,1387
1388,2000075S17119,2000-03-19 12:00:00+00:00,stormsense_dataset/images/2000075S17119_OLGA/20000319T120000Z.png,1388
1389,2000075S17119,2000-03-19 15:00:00+00:00,stormsense_dataset/images/2000075S17119_OLGA/20000319T150000Z.png,1389
1390,2000075S17119,2000-03-19 18:00:00+00:00,stormsense_dataset/images/2000075S17119_OLGA/20000319T180000Z.png,1390
1391,2000075S17119,2000-03-19 21:00:00+00:00,stormsense_dataset/images/2000075S17119_OLGA/20000319T210000Z.png,1391
1392,2000075S17119,2000-03-20 00:00:00+00:00,stormsense_dataset/images/2000075S17119_OLGA/20000320T000000Z.png,1392
1393,2000075S17119,2000-03-20 03:00:00+00:00,stormsense_dataset/images/2000075S17119_OLGA/20000320T030000Z.png,1393
1394,2000083S17102,2000-03-22 18:00:00+00:00,stormsense_dataset/images/2000083S17102_HUDAH/20000322T180000Z.png,1394
1395,2000083S17102,2000-03-22 21:00:00+00:00,stormsense_dataset/images/2000083S17102_HUDAH/20000322T210000Z.png,1395
1396,2000083S17102,2000-03-23 00:00:00+00:00,stormsense_dataset/images/2000083S17102_HUDAH/20000323T000000Z.png,1396
1397,2000083S17102,2000-03-23 03:00:00+00:00,stormsense_dataset/images/2000083S17102_HUDAH/20000323T030000Z.png,1397
1398,2000083S17102,2000-03-23 06:00:00+00:00,stormsense_dataset/images/2000083S17102_HUDAH/20000323T060000Z.png,1398
1399,2000083S17102,2000-03-23 09:00:00+00:00,stormsense_dataset/images/2000083S17102_HUDAH/20000323T090000Z.png,1399
1400,2000083S17102,2000-03-23 12:00:00+00:00,stormsense_dataset/images/2000083S17102_HUDAH/20000323T120000Z.png,1400
1401,2000083S17102,2000-03-23 15:00:00+00:00,stormsense_dataset/images/2000083S17102_HUDAH/20000323T150000Z.png,1401
1402,2000083S17102,2000-03-23 18:00:00+00:00,stormsense_dataset/images/2000083S17102_HUDAH/20000323T180000Z.png,1402
1403,2000083S17102,2000-03-23 21:00:00+00:00,stormsense_dataset/images/2000083S17102_HUDAH/20000323T210000Z.png,1403
1404,2000083S17102,2000-03-24 00:00:00+00:00,stormsense_dataset/images/2000083S17102_HUDAH/20000324T000000Z.png,1404
1405,2000083S17102,2000-03-24 03:00:00+00:00,stormsense_dataset/images/2000083S17102_HUDAH/20000324T030000Z.png,1405
1406,2000083S17102,2000-03-24 06:00:00+00:00,stormsense_dataset/images/2000083S17102_HUDAH/20000324T060000Z.png,1406
1407,2000083S17102,2000-03-24 09:00:00+00:00,stormsense_dataset/images/2000083S17102_HUDAH/20000324T090000Z.png,1407
1408,2000083S17102,2000-03-24 12:00:00+00:00,stormsense_dataset/images/2000083S17102_HUDAH/20000324T120000Z.png,1408
1409,2000083S17102,2000-03-24 15:00:00+00:00,stormsense_dataset/images/2000083S17102_HUDAH/20000324T150000Z.png,1409
1410,2000083S17102,2000-03-24 18:00:00+00:00,stormsense_dataset/images/2000083S17102_HUDAH/20000324T180000Z.png,1410
1411,2000083S17102,2000-03-24 21:00:00+00:00,stormsense_dataset/images/2000083S17102_HUDAH/20000324T210000Z.png,1411
1412,2000083S17102,2000-03-25 00:00:00+00:00,stormsense_dataset/images/2000083S17102_HUDAH/20000325T000000Z.png,1412
1413,2000083S17102,2000-03-25 03:00:00+00:00,stormsense_dataset/images/2000083S17102_HUDAH/20000325T030000Z.png,1413
1414,2000083S17102,2000-03-25 06:00:00+00:00,stormsense_dataset/images/2000083S17102_HUDAH/20000325T060000Z.png,1414
1415,2000083S17102,2000-03-25 09:00:00+00:00,stormsense_dataset/images/2000083S17102_HUDAH/20000325T090000Z.png,1415
1416,2000083S17102,2000-03-25 12:00:00+00:00,stormsense_dataset/images/2000083S17102_HUDAH/20000325T120000Z.png,1416
1417,2000083S17102,2000-03-25 15:00:00+00:00,stormsense_dataset/images/2000083S17102_HUDAH/20000325T150000Z.png,1417
1418,2000083S17102,2000-03-25 18:00:00+00:00,stormsense_dataset/images/2000083S17102_HUDAH/20000325T180000Z.png,1418
1419,2000083S17102,2000-03-25 21:00:00+00:00,stormsense_dataset/images/2000083S17102_HUDAH/20000325T210000Z.png,1419
1420,2000083S17102,2000-03-26 00:00:00+00:00,stormsense_dataset/images/2000083S17102_HUDAH/20000326T000000Z.png,1420
1421,2000083S17102,2000-03-26 03:00:00+00:00,stormsense_dataset/images/2000083S17102_HUDAH/20000326T030000Z.png,1421
1422,2000083S17102,2000-03-26 06:00:00+00:00,stormsense_dataset/images/2000083S17102_HUDAH/20000326T060000Z.png,1422
1423,2000083S17102,2000-03-26 09:00:00+00:00,stormsense_dataset/images/2000083S17102_HUDAH/20000326T090000Z.png,1423
1424,2000083S17102,2000-03-26 12:00:00+00:00,stormsense_dataset/images/2000083S17102_HUDAH/20000326T120000Z.png,1424
1425,2000083S17102,2000-03-26 15:00:00+00:00,stormsense_dataset/images/2000083S17102_HUDAH/20000326T150000Z.png,1425
1426,2000083S17102,2000-03-26 18:00:00+00:00,stormsense_dataset/images/2000083S17102_HUDAH/20000326T180000Z.png,1426
1427,2000083S17102,2000-03-26 21:00:00+00:00,stormsense_dataset/images/2000083S17102_HUDAH/20000326T210000Z.png,1427
1428,2000083S17102,2000-03-27 00:00:00+00:00,stormsense_dataset/images/2000083S17102_HUDAH/20000327T000000Z.png,1428
1429,2000083S17102,2000-03-27 03:00:00+00:00,stormsense_dataset/images/2000083S17102_HUDAH/20000327T030000Z.png,1429
1430,2000083S17102,2000-03-27 06:00:00+00:00,stormsense_dataset/images/2000083S17102_HUDAH/20000327T060000Z.png,1430
1431,2000083S17102,2000-03-27 09:00:00+00:00,stormsense_dataset/images/2000083S17102_HUDAH/20000327T090000Z.png,1431
1432,2000083S17102,2000-03-27 12:00:00+00:00,stormsense_dataset/images/2000083S17102_HUDAH/20000327T120000Z.png,1432
1433,2000083S17102,2000-03-27 15:00:00+00:00,stormsense_dataset/images/2000083S17102_HUDAH/20000327T150000Z.png,1433
1434,2000083S17102,2000-03-27 18:00:00+00:00,stormsense_dataset/images/2000083S17102_HUDAH/20000327T180000Z.png,1434
1435,2000083S17102,2000-03-27 21:00:00+00:00,stormsense_dataset/images/2000083S17102_HUDAH/20000327T210000Z.png,1435
1436,2000083S17102,2000-03-28 00:00:00+00:00,stormsense_dataset/images/2000083S17102_HUDAH/20000328T000000Z.png,1436
1437,2000083S17102,2000-03-28 03:00:00+00:00,stormsense_dataset/images/2000083S17102_HUDAH/20000328T030000Z.png,1437
1438,2000083S17102,2000-03-28 06:00:00+00:00,stormsense_dataset/images/2000083S17102_HUDAH/20000328T060000Z.png,1438
1439,2000083S17102,2000-03-28 09:00:00+00:00,stormsense_dataset/images/2000083S17102_HUDAH/20000328T090000Z.png,1439
1440,2000083S17102,2000-03-28 12:00:00+00:00,stormsense_dataset/images/2000083S17102_HUDAH/20000328T120000Z.png,1440
1441,2000083S17102,2000-03-28 15:00:00+00:00,stormsense_dataset/images/2000083S17102_HUDAH/20000328T150000Z.png,1441
1442,2000083S17102,2000-03-28 18:00:00+00:00,stormsense_dataset/images/2000083S17102_HUDAH/20000328T180000Z.png,1442
1443,2000083S17102,2000-03-28 21:00:00+00:00,stormsense_dataset/images/2000083S17102_HUDAH/20000328T210000Z.png,1443
1444,2000083S17102,2000-03-29 00:00:00+00:00,stormsense_dataset/images/2000083S17102_HUDAH/20000329T000000Z.png,1444
1445,2000083S17102,2000-03-29 03:00:00+00:00,stormsense_dataset/images/2000083S17102_HUDAH/20000329T030000Z.png,1445
1446,2000083S17102,2000-03-29 06:00:00+00:00,stormsense_dataset/images/2000083S17102_HUDAH/20000329T060000Z.png,1446
1447,2000083S17102,2000-03-29 09:00:00+00:00,stormsense_dataset/images/2000083S17102_HUDAH/20000329T090000Z.png,1447
1448,2000083S17102,2000-03-29 12:00:00+00:00,stormsense_dataset/images/2000083S17102_HUDAH/20000329T120000Z.png,1448
1449,2000083S17102,2000-03-29 15:00:00+00:00,stormsense_dataset/images/2000083S17102_HUDAH/20000329T150000Z.png,1449
1450,2000083S17102,2000-03-29 18:00:00+00:00,stormsense_dataset/images/2000083S17102_HUDAH/20000329T180000Z.png,1450
1451,2000083S17102,2000-03-29 21:00:00+00:00,stormsense_dataset/images/2000083S17102_HUDAH/20000329T210000Z.png,1451
1452,2000083S17102,2000-03-30 00:00:00+00:00,stormsense_dataset/images/2000083S17102_HUDAH/20000330T000000Z.png,1452
1453,2000083S17102,2000-03-30 03:00:00+00:00,stormsense_dataset/images/2000083S17102_HUDAH/20000330T030000Z.png,1453
1454,2000083S17102,2000-03-30 06:00:00+00:00,stormsense_dataset/images/2000083S17102_HUDAH/20000330T060000Z.png,1454
1455,2000083S17102,2000-03-30 09:00:00+00:00,stormsense_dataset/images/2000083S17102_HUDAH/20000330T090000Z.png,1455
1456,2000083S17102,2000-03-30 12:00:00+00:00,stormsense_dataset/images/2000083S17102_HUDAH/20000330T120000Z.png,1456
1457,2000083S17102,2000-03-30 15:00:00+00:00,stormsense_dataset/images/2000083S17102_HUDAH/20000330T150000Z.png,1457
1458,2000083S17102,2000-03-30 18:00:00+00:00,stormsense_dataset/images/2000083S17102_HUDAH/20000330T180000Z.png,1458
1459,2000083S17102,2000-03-30 21:00:00+00:00,stormsense_dataset/images/2000083S17102_HUDAH/20000330T210000Z.png,1459
1460,2000083S17102,2000-03-31 00:00:00+00:00,stormsense_dataset/images/2000083S17102_HUDAH/20000331T000000Z.png,1460
1461,2000083S17102,2000-03-31 03:00:00+00:00,stormsense_dataset/images/2000083S17102_HUDAH/20000331T030000Z.png,1461
1462,2000083S17102,2000-03-31 06:00:00+00:00,stormsense_dataset/images/2000083S17102_HUDAH/20000331T060000Z.png,1462
1463,2000083S17102,2000-03-31 09:00:00+00:00,stormsense_dataset/images/2000083S17102_HUDAH/20000331T090000Z.png,1463
1464,2000083S17102,2000-03-31 12:00:00+00:00,stormsense_dataset/images/2000083S17102_HUDAH/20000331T120000Z.png,1464
1465,2000083S17102,2000-03-31 15:00:00+00:00,stormsense_dataset/images/2000083S17102_HUDAH/20000331T150000Z.png,1465
1466,2000083S17102,2000-03-31 18:00:00+00:00,stormsense_dataset/images/2000083S17102_HUDAH/20000331T180000Z.png,1466
1467,2000083S17102,2000-03-31 21:00:00+00:00,stormsense_dataset/images/2000083S17102_HUDAH/20000331T210000Z.png,1467
1468,2000083S17102,2000-04-01 00:00:00+00:00,stormsense_dataset/images/2000083S17102_HUDAH/20000401T000000Z.png,1468
1469,2000083S17102,2000-04-01 03:00:00+00:00,stormsense_dataset/images/2000083S17102_HUDAH/20000401T030000Z.png,1469
1470,2000083S17102,2000-04-01 06:00:00+00:00,stormsense_dataset/images/2000083S17102_HUDAH/20000401T060000Z.png,1470
1471,2000083S17102,2000-04-01 09:00:00+00:00,stormsense_dataset/images/2000083S17102_HUDAH/20000401T090000Z.png,1471
1472,2000083S17102,2000-04-01 12:00:00+00:00,stormsense_dataset/images/2000083S17102_HUDAH/20000401T120000Z.png,1472
1473,2000083S17102,2000-04-01 15:00:00+00:00,stormsense_dataset/images/2000083S17102_HUDAH/20000401T150000Z.png,1473
1474,2000083S17102,2000-04-01 18:00:00+00:00,stormsense_dataset/images/2000083S17102_HUDAH/20000401T180000Z.png,1474
1475,2000083S17102,2000-04-01 21:00:00+00:00,stormsense_dataset/images/2000083S17102_HUDAH/20000401T210000Z.png,1475
1476,2000083S17102,2000-04-02 00:00:00+00:00,stormsense_dataset/images/2000083S17102_HUDAH/20000402T000000Z.png,1476
1477,2000083S17102,2000-04-02 03:00:00+00:00,stormsense_dataset/images/2000083S17102_HUDAH/20000402T030000Z.png,1477
1478,2000083S17102,2000-04-02 06:00:00+00:00,stormsense_dataset/images/2000083S17102_HUDAH/20000402T060000Z.png,1478
1479,2000083S17102,2000-04-02 09:00:00+00:00,stormsense_dataset/images/2000083S17102_HUDAH/20000402T090000Z.png,1479
1480,2000083S17102,2000-04-02 12:00:00+00:00,stormsense_dataset/images/2000083S17102_HUDAH/20000402T120000Z.png,1480
1481,2000083S17102,2000-04-02 15:00:00+00:00,stormsense_dataset/images/2000083S17102_HUDAH/20000402T150000Z.png,1481
1482,2000083S17102,2000-04-02 18:00:00+00:00,stormsense_dataset/images/2000083S17102_HUDAH/20000402T180000Z.png,1482
1483,2000083S17102,2000-04-02 21:00:00+00:00,stormsense_dataset/images/2000083S17102_HUDAH/20000402T210000Z.png,1483
1484,2000083S17102,2000-04-03 00:00:00+00:00,stormsense_dataset/images/2000083S17102_HUDAH/20000403T000000Z.png,1484
1485,2000083S17102,2000-04-03 03:00:00+00:00,stormsense_dataset/images/2000083S17102_HUDAH/20000403T030000Z.png,1485
1486,2000083S17102,2000-04-03 06:00:00+00:00,stormsense_dataset/images/2000083S17102_HUDAH/20000403T060000Z.png,1486
1487,2000083S17102,2000-04-03 09:00:00+00:00,stormsense_dataset/images/2000083S17102_HUDAH/20000403T090000Z.png,1487
1488,2000083S17102,2000-04-03 12:00:00+00:00,stormsense_dataset/images/2000083S17102_HUDAH/20000403T120000Z.png,1488
1489,2000083S17102,2000-04-03 15:00:00+00:00,stormsense_dataset/images/2000083S17102_HUDAH/20000403T150000Z.png,1489
1490,2000083S17102,2000-04-03 18:00:00+00:00,stormsense_dataset/images/2000083S17102_HUDAH/20000403T180000Z.png,1490
1491,2000083S17102,2000-04-03 21:00:00+00:00,stormsense_dataset/images/2000083S17102_HUDAH/20000403T210000Z.png,1491
1492,2000083S17102,2000-04-04 00:00:00+00:00,stormsense_dataset/images/2000083S17102_HUDAH/20000404T000000Z.png,1492
1493,2000083S17102,2000-04-04 03:00:00+00:00,stormsense_dataset/images/2000083S17102_HUDAH/20000404T030000Z.png,1493
1494,2000083S17102,2000-04-04 06:00:00+00:00,stormsense_dataset/images/2000083S17102_HUDAH/20000404T060000Z.png,1494
1495,2000083S17102,2000-04-04 09:00:00+00:00,stormsense_dataset/images/2000083S17102_HUDAH/20000404T090000Z.png,1495
1496,2000083S17102,2000-04-04 12:00:00+00:00,stormsense_dataset/images/2000083S17102_HUDAH/20000404T120000Z.png,1496
1497,2000083S17102,2000-04-04 15:00:00+00:00,stormsense_dataset/images/2000083S17102_HUDAH/20000404T150000Z.png,1497
1498,2000083S17102,2000-04-04 18:00:00+00:00,stormsense_dataset/images/2000083S17102_HUDAH/20000404T180000Z.png,1498
1499,2000083S17102,2000-04-04 21:00:00+00:00,stormsense_dataset/images/2000083S17102_HUDAH/20000404T210000Z.png,1499
1500,2000083S17102,2000-04-05 00:00:00+00:00,stormsense_dataset/images/2000083S17102_HUDAH/20000405T000000Z.png,1500
1501,2000083S17102,2000-04-05 03:00:00+00:00,stormsense_dataset/images/2000083S17102_HUDAH/20000405T030000Z.png,1501
1502,2000083S17102,2000-04-05 06:00:00+00:00,stormsense_dataset/images/2000083S17102_HUDAH/20000405T060000Z.png,1502
1503,2000083S17102,2000-04-05 09:00:00+00:00,stormsense_dataset/images/2000083S17102_HUDAH/20000405T090000Z.png,1503
1504,2000083S17102,2000-04-05 12:00:00+00:00,stormsense_dataset/images/2000083S17102_HUDAH/20000405T120000Z.png,1504
1505,2000083S17102,2000-04-05 15:00:00+00:00,stormsense_dataset/images/2000083S17102_HUDAH/20000405T150000Z.png,1505
1506,2000083S17102,2000-04-05 18:00:00+00:00,stormsense_dataset/images/2000083S17102_HUDAH/20000405T180000Z.png,1506
1507,2000083S17102,2000-04-05 21:00:00+00:00,stormsense_dataset/images/2000083S17102_HUDAH/20000405T210000Z.png,1507
1508,2000083S17102,2000-04-06 00:00:00+00:00,stormsense_dataset/images/2000083S17102_HUDAH/20000406T000000Z.png,1508
1509,2000083S17102,2000-04-06 03:00:00+00:00,stormsense_dataset/images/2000083S17102_HUDAH/20000406T030000Z.png,1509
1510,2000083S17102,2000-04-06 06:00:00+00:00,stormsense_dataset/images/2000083S17102_HUDAH/20000406T060000Z.png,1510
1511,2000083S17102,2000-04-06 09:00:00+00:00,stormsense_dataset/images/2000083S17102_HUDAH/20000406T090000Z.png,1511
1512,2000083S17102,2000-04-06 12:00:00+00:00,stormsense_dataset/images/2000083S17102_HUDAH/20000406T120000Z.png,1512
1513,2000083S17102,2000-04-06 15:00:00+00:00,stormsense_dataset/images/2000083S17102_HUDAH/20000406T150000Z.png,1513
1514,2000083S17102,2000-04-06 18:00:00+00:00,stormsense_dataset/images/2000083S17102_HUDAH/20000406T180000Z.png,1514
1515,2000083S17102,2000-04-06 21:00:00+00:00,stormsense_dataset/images/2000083S17102_HUDAH/20000406T210000Z.png,1515
1516,2000083S17102,2000-04-07 00:00:00+00:00,stormsense_dataset/images/2000083S17102_HUDAH/20000407T000000Z.png,1516
1517,2000083S17102,2000-04-07 03:00:00+00:00,stormsense_dataset/images/2000083S17102_HUDAH/20000407T030000Z.png,1517
1518,2000083S17102,2000-04-07 06:00:00+00:00,stormsense_dataset/images/2000083S17102_HUDAH/20000407T060000Z.png,1518
1519,2000083S17102,2000-04-07 09:00:00+00:00,stormsense_dataset/images/2000083S17102_HUDAH/20000407T090000Z.png,1519
1520,2000083S17102,2000-04-07 12:00:00+00:00,stormsense_dataset/images/2000083S17102_HUDAH/20000407T120000Z.png,1520
1521,2000083S17102,2000-04-07 15:00:00+00:00,stormsense_dataset/images/2000083S17102_HUDAH/20000407T150000Z.png,1521
1522,2000083S17102,2000-04-07 18:00:00+00:00,stormsense_dataset/images/2000083S17102_HUDAH/20000407T180000Z.png,1522
1523,2000083S17102,2000-04-07 21:00:00+00:00,stormsense_dataset/images/2000083S17102_HUDAH/20000407T210000Z.png,1523
1524,2000083S17102,2000-04-08 00:00:00+00:00,stormsense_dataset/images/2000083S17102_HUDAH/20000408T000000Z.png,1524
1525,2000083S17102,2000-04-08 03:00:00+00:00,stormsense_dataset/images/2000083S17102_HUDAH/20000408T030000Z.png,1525
1526,2000083S17102,2000-04-08 06:00:00+00:00,stormsense_dataset/images/2000083S17102_HUDAH/20000408T060000Z.png,1526
1527,2000083S17102,2000-04-08 09:00:00+00:00,stormsense_dataset/images/2000083S17102_HUDAH/20000408T090000Z.png,1527
1528,2000083S17102,2000-04-08 12:00:00+00:00,stormsense_dataset/images/2000083S17102_HUDAH/20000408T120000Z.png,1528
1529,2000083S17102,2000-04-08 15:00:00+00:00,stormsense_dataset/images/2000083S17102_HUDAH/20000408T150000Z.png,1529
1530,2000083S17102,2000-04-08 18:00:00+00:00,stormsense_dataset/images/2000083S17102_HUDAH/20000408T180000Z.png,1530
1531,2000083S17102,2000-04-08 21:00:00+00:00,stormsense_dataset/images/2000083S17102_HUDAH/20000408T210000Z.png,1531
1532,2000083S17102,2000-04-09 00:00:00+00:00,stormsense_dataset/images/2000083S17102_HUDAH/20000409T000000Z.png,1532
1533,2000083S17102,2000-04-09 03:00:00+00:00,stormsense_dataset/images/2000083S17102_HUDAH/20000409T030000Z.png,1533
1534,2000083S17102,2000-04-09 06:00:00+00:00,stormsense_dataset/images/2000083S17102_HUDAH/20000409T060000Z.png,1534
1535,2000083S17102,2000-04-09 09:00:00+00:00,stormsense_dataset/images/2000083S17102_HUDAH/20000409T090000Z.png,1535
1536,2000089S20168,2000-03-29 00:00:00+00:00,stormsense_dataset/images/2000089S20168_VAUGHAN/20000329T000000Z.png,1536
1537,2000089S20168,2000-03-29 03:00:00+00:00,stormsense_dataset/images/2000089S20168_VAUGHAN/20000329T030000Z.png,1537
1538,2000089S20168,2000-03-29 06:00:00+00:00,stormsense_dataset/images/2000089S20168_VAUGHAN/20000329T060000Z.png,1538
1539,2000089S20168,2000-03-29 09:00:00+00:00,stormsense_dataset/images/2000089S20168_VAUGHAN/20000329T090000Z.png,1539
1540,2000089S20168,2000-03-29 12:00:00+00:00,stormsense_dataset/images/2000089S20168_VAUGHAN/20000329T120000Z.png,1540
1541,2000089S20168,2000-03-29 15:00:00+00:00,stormsense_dataset/images/2000089S20168_VAUGHAN/20000329T150000Z.png,1541
1542,2000089S20168,2000-03-29 18:00:00+00:00,stormsense_dataset/images/2000089S20168_VAUGHAN/20000329T180000Z.png,1542
1543,2000089S20168,2000-03-29 21:00:00+00:00,stormsense_dataset/images/2000089S20168_VAUGHAN/20000329T210000Z.png,1543
1544,2000089S20168,2000-03-30 00:00:00+00:00,stormsense_dataset/images/2000089S20168_VAUGHAN/20000330T000000Z.png,1544
1545,2000089S20168,2000-03-30 03:00:00+00:00,stormsense_dataset/images/2000089S20168_VAUGHAN/20000330T030000Z.png,1545
1546,2000089S20168,2000-03-30 06:00:00+00:00,stormsense_dataset/images/2000089S20168_VAUGHAN/20000330T060000Z.png,1546
1547,2000089S20168,2000-03-30 09:00:00+00:00,stormsense_dataset/images/2000089S20168_VAUGHAN/20000330T090000Z.png,1547
1548,2000089S20168,2000-03-30 12:00:00+00:00,stormsense_dataset/images/2000089S20168_VAUGHAN/20000330T120000Z.png,1548
1549,2000089S20168,2000-03-30 15:00:00+00:00,stormsense_dataset/images/2000089S20168_VAUGHAN/20000330T150000Z.png,1549
1550,2000089S20168,2000-03-30 18:00:00+00:00,stormsense_dataset/images/2000089S20168_VAUGHAN/20000330T180000Z.png,1550
1551,2000089S20168,2000-03-30 21:00:00+00:00,stormsense_dataset/images/2000089S20168_VAUGHAN/20000330T210000Z.png,1551
1552,2000089S20168,2000-03-31 00:00:00+00:00,stormsense_dataset/images/2000089S20168_VAUGHAN/20000331T000000Z.png,1552
1553,2000089S20168,2000-03-31 03:00:00+00:00,stormsense_dataset/images/2000089S20168_VAUGHAN/20000331T030000Z.png,1553
1554,2000089S20168,2000-03-31 06:00:00+00:00,stormsense_dataset/images/2000089S20168_VAUGHAN/20000331T060000Z.png,1554
1555,2000089S20168,2000-03-31 09:00:00+00:00,stormsense_dataset/images/2000089S20168_VAUGHAN/20000331T090000Z.png,1555
1556,2000089S20168,2000-03-31 12:00:00+00:00,stormsense_dataset/images/2000089S20168_VAUGHAN/20000331T120000Z.png,1556
1557,2000089S20168,2000-03-31 15:00:00+00:00,stormsense_dataset/images/2000089S20168_VAUGHAN/20000331T150000Z.png,1557
1558,2000089S20168,2000-03-31 18:00:00+00:00,stormsense_dataset/images/2000089S20168_VAUGHAN/20000331T180000Z.png,1558
1559,2000089S20168,2000-03-31 21:00:00+00:00,stormsense_dataset/images/2000089S20168_VAUGHAN/20000331T210000Z.png,1559
1560,2000089S20168,2000-04-01 00:00:00+00:00,stormsense_dataset/images/2000089S20168_VAUGHAN/20000401T000000Z.png,1560
1561,2000089S20168,2000-04-01 03:00:00+00:00,stormsense_dataset/images/2000089S20168_VAUGHAN/20000401T030000Z.png,1561
1562,2000089S20168,2000-04-01 06:00:00+00:00,stormsense_dataset/images/2000089S20168_VAUGHAN/20000401T060000Z.png,1562
1563,2000089S20168,2000-04-01 09:00:00+00:00,stormsense_dataset/images/2000089S20168_VAUGHAN/20000401T090000Z.png,1563
1564,2000089S20168,2000-04-01 12:00:00+00:00,stormsense_dataset/images/2000089S20168_VAUGHAN/20000401T120000Z.png,1564
1565,2000089S20168,2000-04-01 15:00:00+00:00,stormsense_dataset/images/2000089S20168_VAUGHAN/20000401T150000Z.png,1565
1566,2000089S20168,2000-04-01 18:00:00+00:00,stormsense_dataset/images/2000089S20168_VAUGHAN/20000401T180000Z.png,1566
1567,2000089S20168,2000-04-01 21:00:00+00:00,stormsense_dataset/images/2000089S20168_VAUGHAN/20000401T210000Z.png,1567
1568,2000089S20168,2000-04-02 00:00:00+00:00,stormsense_dataset/images/2000089S20168_VAUGHAN/20000402T000000Z.png,1568
1569,2000089S20168,2000-04-02 03:00:00+00:00,stormsense_dataset/images/2000089S20168_VAUGHAN/20000402T030000Z.png,1569
1570,2000089S20168,2000-04-02 06:00:00+00:00,stormsense_dataset/images/2000089S20168_VAUGHAN/20000402T060000Z.png,1570
1571,2000089S20168,2000-04-02 09:00:00+00:00,stormsense_dataset/images/2000089S20168_VAUGHAN/20000402T090000Z.png,1571
1572,2000089S20168,2000-04-02 12:00:00+00:00,stormsense_dataset/images/2000089S20168_VAUGHAN/20000402T120000Z.png,1572
1573,2000089S20168,2000-04-02 15:00:00+00:00,stormsense_dataset/images/2000089S20168_VAUGHAN/20000402T150000Z.png,1573
1574,2000089S20168,2000-04-02 18:00:00+00:00,stormsense_dataset/images/2000089S20168_VAUGHAN/20000402T180000Z.png,1574
1575,2000089S20168,2000-04-02 21:00:00+00:00,stormsense_dataset/images/2000089S20168_VAUGHAN/20000402T210000Z.png,1575
1576,2000089S20168,2000-04-03 00:00:00+00:00,stormsense_dataset/images/2000089S20168_VAUGHAN/20000403T000000Z.png,1576
1577,2000089S20168,2000-04-03 03:00:00+00:00,stormsense_dataset/images/2000089S20168_VAUGHAN/20000403T030000Z.png,1577
1578,2000089S20168,2000-04-03 06:00:00+00:00,stormsense_dataset/images/2000089S20168_VAUGHAN/20000403T060000Z.png,1578
1579,2000089S20168,2000-04-03 09:00:00+00:00,stormsense_dataset/images/2000089S20168_VAUGHAN/20000403T090000Z.png,1579
1580,2000089S20168,2000-04-03 12:00:00+00:00,stormsense_dataset/images/2000089S20168_VAUGHAN/20000403T120000Z.png,1580
1581,2000089S20168,2000-04-03 15:00:00+00:00,stormsense_dataset/images/2000089S20168_VAUGHAN/20000403T150000Z.png,1581
1582,2000089S20168,2000-04-03 18:00:00+00:00,stormsense_dataset/images/2000089S20168_VAUGHAN/20000403T180000Z.png,1582
1583,2000089S20168,2000-04-03 21:00:00+00:00,stormsense_dataset/images/2000089S20168_VAUGHAN/20000403T210000Z.png,1583
1584,2000089S20168,2000-04-04 00:00:00+00:00,stormsense_dataset/images/2000089S20168_VAUGHAN/20000404T000000Z.png,1584
1585,2000089S20168,2000-04-04 03:00:00+00:00,stormsense_dataset/images/2000089S20168_VAUGHAN/20000404T030000Z.png,1585
1586,2000089S20168,2000-04-04 06:00:00+00:00,stormsense_dataset/images/2000089S20168_VAUGHAN/20000404T060000Z.png,1586
1587,2000089S20168,2000-04-04 09:00:00+00:00,stormsense_dataset/images/2000089S20168_VAUGHAN/20000404T090000Z.png,1587
1588,2000089S20168,2000-04-04 12:00:00+00:00,stormsense_dataset/images/2000089S20168_VAUGHAN/20000404T120000Z.png,1588
1589,2000089S20168,2000-04-04 15:00:00+00:00,stormsense_dataset/images/2000089S20168_VAUGHAN/20000404T150000Z.png,1589
1590,2000089S20168,2000-04-04 18:00:00+00:00,stormsense_dataset/images/2000089S20168_VAUGHAN/20000404T180000Z.png,1590
1591,2000089S20168,2000-04-04 21:00:00+00:00,stormsense_dataset/images/2000089S20168_VAUGHAN/20000404T210000Z.png,1591
1592,2000089S20168,2000-04-05 00:00:00+00:00,stormsense_dataset/images/2000089S20168_VAUGHAN/20000405T000000Z.png,1592
1593,2000089S20168,2000-04-05 03:00:00+00:00,stormsense_dataset/images/2000089S20168_VAUGHAN/20000405T030000Z.png,1593
1594,2000089S20168,2000-04-05 06:00:00+00:00,stormsense_dataset/images/2000089S20168_VAUGHAN/20000405T060000Z.png,1594
1595,2000089S20168,2000-04-05 09:00:00+00:00,stormsense_dataset/images/2000089S20168_VAUGHAN/20000405T090000Z.png,1595
1596,2000089S20168,2000-04-05 12:00:00+00:00,stormsense_dataset/images/2000089S20168_VAUGHAN/20000405T120000Z.png,1596
1597,2000089S20168,2000-04-05 15:00:00+00:00,stormsense_dataset/images/2000089S20168_VAUGHAN/20000405T150000Z.png,1597
1598,2000089S20168,2000-04-05 18:00:00+00:00,stormsense_dataset/images/2000089S20168_VAUGHAN/20000405T180000Z.png,1598
1599,2000089S20168,2000-04-05 21:00:00+00:00,stormsense_dataset/images/2000089S20168_VAUGHAN/20000405T210000Z.png,1599
1600,2000089S20168,2000-04-06 00:00:00+00:00,stormsense_dataset/images/2000089S20168_VAUGHAN/20000406T000000Z.png,1600
1601,2000089S20168,2000-04-06 03:00:00+00:00,stormsense_dataset/images/2000089S20168_VAUGHAN/20000406T030000Z.png,1601
1602,2000089S20168,2000-04-06 06:00:00+00:00,stormsense_dataset/images/2000089S20168_VAUGHAN/20000406T060000Z.png,1602
1603,2000089S20168,2000-04-06 09:00:00+00:00,stormsense_dataset/images/2000089S20168_VAUGHAN/20000406T090000Z.png,1603
1604,2000089S20168,2000-04-06 12:00:00+00:00,stormsense_dataset/images/2000089S20168_VAUGHAN/20000406T120000Z.png,1604
1605,2000089S20168,2000-04-06 15:00:00+00:00,stormsense_dataset/images/2000089S20168_VAUGHAN/20000406T150000Z.png,1605
1606,2000089S20168,2000-04-06 18:00:00+00:00,stormsense_dataset/images/2000089S20168_VAUGHAN/20000406T180000Z.png,1606
